=== FINERACT-2421 Debug Trace started at 2026-02-07T11:57:23.915012400 ===
[11:57:23] [AdvancedPaymentScheduleTransactionProcessor.java:241] ======== REPROCESSING START ========
[11:57:23] [AdvancedPaymentScheduleTransactionProcessor.java:241] reprocessProgressiveLoanTransactions: targetDate=2025-10-03, operations=1
[11:57:23] [AdvancedPaymentScheduleTransactionProcessor.java:242] --- MODEL DUMP: INITIAL MODEL ---
[11:57:23] [AdvancedPaymentScheduleTransactionProcessor.java:242]   lastOverdueBalanceChange=null totalDuePrincipal=EUR 0.00 totalPaidPrincipal=EUR 0.00
[11:57:23] [AdvancedPaymentScheduleTransactionProcessor.java:242]   P1 [2025-10-03 -> 2025-11-03]: EMI=EUR 0.00 origEMI=EUR 0.00 calcDueInterest=EUR 0.00 dueInterest=EUR 0.00 duePrincipal=EUR 0.00 paidP=EUR 0.00 paidI=EUR 0.00 outstandingP=EUR 0.00 outstandingBal=EUR 0.00 fullyPaid=true
[11:57:23] [AdvancedPaymentScheduleTransactionProcessor.java:242]     IP1 [2025-10-03 -> 2025-11-03]: balCorr=EUR 0.00 outBal=EUR 0.00 disb=EUR 0.00 calcDueInt=0 rateFactor=0 rateFactorTillDue=0
[11:57:23] [AdvancedPaymentScheduleTransactionProcessor.java:242]   P2 [2025-11-03 -> 2025-12-03]: EMI=EUR 0.00 origEMI=EUR 0.00 calcDueInterest=EUR 0.00 dueInterest=EUR 0.00 duePrincipal=EUR 0.00 paidP=EUR 0.00 paidI=EUR 0.00 outstandingP=EUR 0.00 outstandingBal=EUR 0.00 fullyPaid=true
[11:57:23] [AdvancedPaymentScheduleTransactionProcessor.java:242]     IP1 [2025-11-03 -> 2025-12-03]: balCorr=EUR 0.00 outBal=EUR 0.00 disb=EUR 0.00 calcDueInt=0 rateFactor=0 rateFactorTillDue=0
[11:57:23] [AdvancedPaymentScheduleTransactionProcessor.java:242]   P3 [2025-12-03 -> 2026-01-03]: EMI=EUR 0.00 origEMI=EUR 0.00 calcDueInterest=EUR 0.00 dueInterest=EUR 0.00 duePrincipal=EUR 0.00 paidP=EUR 0.00 paidI=EUR 0.00 outstandingP=EUR 0.00 outstandingBal=EUR 0.00 fullyPaid=true
[11:57:23] [AdvancedPaymentScheduleTransactionProcessor.java:242]     IP1 [2025-12-03 -> 2026-01-03]: balCorr=EUR 0.00 outBal=EUR 0.00 disb=EUR 0.00 calcDueInt=0 rateFactor=0 rateFactorTillDue=0
[11:57:23] [AdvancedPaymentScheduleTransactionProcessor.java:242]   P4 [2026-01-03 -> 2026-02-03]: EMI=EUR 0.00 origEMI=EUR 0.00 calcDueInterest=EUR 0.00 dueInterest=EUR 0.00 duePrincipal=EUR 0.00 paidP=EUR 0.00 paidI=EUR 0.00 outstandingP=EUR 0.00 outstandingBal=EUR 0.00 fullyPaid=true
[11:57:23] [AdvancedPaymentScheduleTransactionProcessor.java:242]     IP1 [2026-01-03 -> 2026-02-03]: balCorr=EUR 0.00 outBal=EUR 0.00 disb=EUR 0.00 calcDueInt=0 rateFactor=0 rateFactorTillDue=0
[11:57:23] [AdvancedPaymentScheduleTransactionProcessor.java:242]   P5 [2026-02-03 -> 2026-03-03]: EMI=EUR 0.00 origEMI=EUR 0.00 calcDueInterest=EUR 0.00 dueInterest=EUR 0.00 duePrincipal=EUR 0.00 paidP=EUR 0.00 paidI=EUR 0.00 outstandingP=EUR 0.00 outstandingBal=EUR 0.00 fullyPaid=true
[11:57:23] [AdvancedPaymentScheduleTransactionProcessor.java:242]     IP1 [2026-02-03 -> 2026-03-03]: balCorr=EUR 0.00 outBal=EUR 0.00 disb=EUR 0.00 calcDueInt=0 rateFactor=0 rateFactorTillDue=0
[11:57:23] [AdvancedPaymentScheduleTransactionProcessor.java:242]   P6 [2026-03-03 -> 2026-04-03]: EMI=EUR 0.00 origEMI=EUR 0.00 calcDueInterest=EUR 0.00 dueInterest=EUR 0.00 duePrincipal=EUR 0.00 paidP=EUR 0.00 paidI=EUR 0.00 outstandingP=EUR 0.00 outstandingBal=EUR 0.00 fullyPaid=true
[11:57:23] [AdvancedPaymentScheduleTransactionProcessor.java:242]     IP1 [2026-03-03 -> 2026-04-03]: balCorr=EUR 0.00 outBal=EUR 0.00 disb=EUR 0.00 calcDueInt=0 rateFactor=0 rateFactorTillDue=0
[11:57:23] [AdvancedPaymentScheduleTransactionProcessor.java:242] --- END MODEL DUMP ---
[11:57:23] [AdvancedPaymentScheduleTransactionProcessor.java:265]   >> processSingleTransaction: type=DISBURSEMENT, date=2025-10-03, amount=231.59, reversed=false
[11:57:23] [AdvancedPaymentScheduleTransactionProcessor.java:482]   >> processLatestTransaction: type=DISBURSEMENT, date=2025-10-03, amount=231.59
[11:57:23] [AdvancedPaymentScheduleTransactionProcessor.java:1879]   recalculateInterestForDate[recalculateInterestForDate]: targetDate=2025-10-03, modelHasUpdates=false
[11:57:23] [ProgressiveEMICalculator.java:1139]    calculateLastUnpaidEMI: tillDate=2025-11-03, lastUnpaidPeriod=P6 [2026-03-03->2026-04-03]
[11:57:23] [ProgressiveEMICalculator.java:1139]      totalDueInterest=EUR 24.91, totalEMI=EUR 256.50, totalDisbursed=EUR 231.59, diff=EUR 0.00
[11:57:23] [ProgressiveEMICalculator.java:1139]      oldEMI=EUR 42.75 -> adjustedEMI=EUR 42.75
[11:57:23] [AdvancedPaymentScheduleTransactionProcessor.java:512] --- MODEL DUMP: AFTER processLatestTransaction DISBURSEMENT 2025-10-03 ---
[11:57:23] [AdvancedPaymentScheduleTransactionProcessor.java:512]   lastOverdueBalanceChange=null totalDuePrincipal=EUR 231.59 totalPaidPrincipal=EUR 0.00
[11:57:23] [AdvancedPaymentScheduleTransactionProcessor.java:512]   P1 [2025-10-03 -> 2025-11-03]: EMI=EUR 42.75 origEMI=EUR 42.75 calcDueInterest=EUR 6.95 dueInterest=EUR 6.95 duePrincipal=EUR 35.80 paidP=EUR 0.00 paidI=EUR 0.00 outstandingP=EUR 35.80 outstandingBal=EUR 195.79 fullyPaid=false
[11:57:23] [AdvancedPaymentScheduleTransactionProcessor.java:512]     IP1 [2025-10-03 -> 2025-10-03]: balCorr=EUR 0.00 outBal=EUR 0.00 disb=EUR 231.59 calcDueInt=0 rateFactor=0E-19 rateFactorTillDue=0.0299916666666666667
[11:57:23] [AdvancedPaymentScheduleTransactionProcessor.java:512]     IP2 [2025-10-03 -> 2025-11-03]: balCorr=EUR 0.00 outBal=EUR 231.59 disb=EUR 0.00 calcDueInt=6.945770083333333340 rateFactor=0.0299916666666666667 rateFactorTillDue=0.0299916666666666667
[11:57:23] [AdvancedPaymentScheduleTransactionProcessor.java:512]   P2 [2025-11-03 -> 2025-12-03]: EMI=EUR 42.75 origEMI=EUR 42.75 calcDueInterest=EUR 5.87 dueInterest=EUR 5.87 duePrincipal=EUR 36.88 paidP=EUR 0.00 paidI=EUR 0.00 outstandingP=EUR 36.88 outstandingBal=EUR 158.91 fullyPaid=false
[11:57:23] [AdvancedPaymentScheduleTransactionProcessor.java:512]     IP1 [2025-11-03 -> 2025-12-03]: balCorr=EUR 0.00 outBal=EUR 195.79 disb=EUR 0.00 calcDueInt=5.872068416666666673 rateFactor=0.0299916666666666667 rateFactorTillDue=0.0299916666666666667
[11:57:23] [AdvancedPaymentScheduleTransactionProcessor.java:512]   P3 [2025-12-03 -> 2026-01-03]: EMI=EUR 42.75 origEMI=EUR 42.75 calcDueInterest=EUR 4.77 dueInterest=EUR 4.77 duePrincipal=EUR 37.98 paidP=EUR 0.00 paidI=EUR 0.00 outstandingP=EUR 37.98 outstandingBal=EUR 120.93 fullyPaid=false
[11:57:23] [AdvancedPaymentScheduleTransactionProcessor.java:512]     IP1 [2025-12-03 -> 2026-01-03]: balCorr=EUR 0.00 outBal=EUR 158.91 disb=EUR 0.00 calcDueInt=4.765975750000000006 rateFactor=0.0299916666666666667 rateFactorTillDue=0.0299916666666666667
[11:57:23] [AdvancedPaymentScheduleTransactionProcessor.java:512]   P4 [2026-01-03 -> 2026-02-03]: EMI=EUR 42.75 origEMI=EUR 42.75 calcDueInterest=EUR 3.63 dueInterest=EUR 3.63 duePrincipal=EUR 39.12 paidP=EUR 0.00 paidI=EUR 0.00 outstandingP=EUR 39.12 outstandingBal=EUR 81.81 fullyPaid=false
[11:57:23] [AdvancedPaymentScheduleTransactionProcessor.java:512]     IP1 [2026-01-03 -> 2026-02-03]: balCorr=EUR 0.00 outBal=EUR 120.93 disb=EUR 0.00 calcDueInt=3.626892250000000003 rateFactor=0.0299916666666666667 rateFactorTillDue=0.0299916666666666667
[11:57:23] [AdvancedPaymentScheduleTransactionProcessor.java:512]   P5 [2026-02-03 -> 2026-03-03]: EMI=EUR 42.75 origEMI=EUR 42.75 calcDueInterest=EUR 2.45 dueInterest=EUR 2.45 duePrincipal=EUR 40.30 paidP=EUR 0.00 paidI=EUR 0.00 outstandingP=EUR 40.30 outstandingBal=EUR 41.51 fullyPaid=false
[11:57:23] [AdvancedPaymentScheduleTransactionProcessor.java:512]     IP1 [2026-02-03 -> 2026-03-03]: balCorr=EUR 0.00 outBal=EUR 81.81 disb=EUR 0.00 calcDueInt=2.453618250000000003 rateFactor=0.0299916666666666667 rateFactorTillDue=0.0299916666666666667
[11:57:23] [AdvancedPaymentScheduleTransactionProcessor.java:512]   P6 [2026-03-03 -> 2026-04-03]: EMI=EUR 42.75 origEMI=EUR 42.75 calcDueInterest=EUR 1.24 dueInterest=EUR 1.24 duePrincipal=EUR 41.51 paidP=EUR 0.00 paidI=EUR 0.00 outstandingP=EUR 41.51 outstandingBal=EUR 0.00 fullyPaid=false
[11:57:23] [AdvancedPaymentScheduleTransactionProcessor.java:512]     IP1 [2026-03-03 -> 2026-04-03]: balCorr=EUR 0.00 outBal=EUR 41.51 disb=EUR 0.00 calcDueInt=1.244954083333333335 rateFactor=0.0299916666666666667 rateFactorTillDue=0.0299916666666666667
[11:57:23] [AdvancedPaymentScheduleTransactionProcessor.java:512] --- END MODEL DUMP ---
[11:57:23] [AdvancedPaymentScheduleTransactionProcessor.java:294]   >> FINAL recalculateInterestForDate: targetDate=2025-10-03
[11:57:23] [AdvancedPaymentScheduleTransactionProcessor.java:1879]   recalculateInterestForDate[recalculateInterestForDate]: targetDate=2025-10-03, modelHasUpdates=false
[11:57:23] [AdvancedPaymentScheduleTransactionProcessor.java:296] --- MODEL DUMP: AFTER FINAL recalcInterest ---
[11:57:23] [AdvancedPaymentScheduleTransactionProcessor.java:296]   lastOverdueBalanceChange=null totalDuePrincipal=EUR 231.59 totalPaidPrincipal=EUR 0.00
[11:57:23] [AdvancedPaymentScheduleTransactionProcessor.java:296]   P1 [2025-10-03 -> 2025-11-03]: EMI=EUR 42.75 origEMI=EUR 42.75 calcDueInterest=EUR 6.95 dueInterest=EUR 6.95 duePrincipal=EUR 35.80 paidP=EUR 0.00 paidI=EUR 0.00 outstandingP=EUR 35.80 outstandingBal=EUR 195.79 fullyPaid=false
[11:57:23] [AdvancedPaymentScheduleTransactionProcessor.java:296]     IP1 [2025-10-03 -> 2025-10-03]: balCorr=EUR 0.00 outBal=EUR 0.00 disb=EUR 231.59 calcDueInt=0 rateFactor=0E-19 rateFactorTillDue=0.0299916666666666667
[11:57:23] [AdvancedPaymentScheduleTransactionProcessor.java:296]     IP2 [2025-10-03 -> 2025-11-03]: balCorr=EUR 0.00 outBal=EUR 231.59 disb=EUR 0.00 calcDueInt=6.945770083333333340 rateFactor=0.0299916666666666667 rateFactorTillDue=0.0299916666666666667
[11:57:23] [AdvancedPaymentScheduleTransactionProcessor.java:296]   P2 [2025-11-03 -> 2025-12-03]: EMI=EUR 42.75 origEMI=EUR 42.75 calcDueInterest=EUR 5.87 dueInterest=EUR 5.87 duePrincipal=EUR 36.88 paidP=EUR 0.00 paidI=EUR 0.00 outstandingP=EUR 36.88 outstandingBal=EUR 158.91 fullyPaid=false
[11:57:23] [AdvancedPaymentScheduleTransactionProcessor.java:296]     IP1 [2025-11-03 -> 2025-12-03]: balCorr=EUR 0.00 outBal=EUR 195.79 disb=EUR 0.00 calcDueInt=5.872068416666666673 rateFactor=0.0299916666666666667 rateFactorTillDue=0.0299916666666666667
[11:57:23] [AdvancedPaymentScheduleTransactionProcessor.java:296]   P3 [2025-12-03 -> 2026-01-03]: EMI=EUR 42.75 origEMI=EUR 42.75 calcDueInterest=EUR 4.77 dueInterest=EUR 4.77 duePrincipal=EUR 37.98 paidP=EUR 0.00 paidI=EUR 0.00 outstandingP=EUR 37.98 outstandingBal=EUR 120.93 fullyPaid=false
[11:57:23] [AdvancedPaymentScheduleTransactionProcessor.java:296]     IP1 [2025-12-03 -> 2026-01-03]: balCorr=EUR 0.00 outBal=EUR 158.91 disb=EUR 0.00 calcDueInt=4.765975750000000006 rateFactor=0.0299916666666666667 rateFactorTillDue=0.0299916666666666667
[11:57:23] [AdvancedPaymentScheduleTransactionProcessor.java:296]   P4 [2026-01-03 -> 2026-02-03]: EMI=EUR 42.75 origEMI=EUR 42.75 calcDueInterest=EUR 3.63 dueInterest=EUR 3.63 duePrincipal=EUR 39.12 paidP=EUR 0.00 paidI=EUR 0.00 outstandingP=EUR 39.12 outstandingBal=EUR 81.81 fullyPaid=false
[11:57:23] [AdvancedPaymentScheduleTransactionProcessor.java:296]     IP1 [2026-01-03 -> 2026-02-03]: balCorr=EUR 0.00 outBal=EUR 120.93 disb=EUR 0.00 calcDueInt=3.626892250000000003 rateFactor=0.0299916666666666667 rateFactorTillDue=0.0299916666666666667
[11:57:23] [AdvancedPaymentScheduleTransactionProcessor.java:296]   P5 [2026-02-03 -> 2026-03-03]: EMI=EUR 42.75 origEMI=EUR 42.75 calcDueInterest=EUR 2.45 dueInterest=EUR 2.45 duePrincipal=EUR 40.30 paidP=EUR 0.00 paidI=EUR 0.00 outstandingP=EUR 40.30 outstandingBal=EUR 41.51 fullyPaid=false
[11:57:23] [AdvancedPaymentScheduleTransactionProcessor.java:296]     IP1 [2026-02-03 -> 2026-03-03]: balCorr=EUR 0.00 outBal=EUR 81.81 disb=EUR 0.00 calcDueInt=2.453618250000000003 rateFactor=0.0299916666666666667 rateFactorTillDue=0.0299916666666666667
[11:57:23] [AdvancedPaymentScheduleTransactionProcessor.java:296]   P6 [2026-03-03 -> 2026-04-03]: EMI=EUR 42.75 origEMI=EUR 42.75 calcDueInterest=EUR 1.24 dueInterest=EUR 1.24 duePrincipal=EUR 41.51 paidP=EUR 0.00 paidI=EUR 0.00 outstandingP=EUR 41.51 outstandingBal=EUR 0.00 fullyPaid=false
[11:57:23] [AdvancedPaymentScheduleTransactionProcessor.java:296]     IP1 [2026-03-03 -> 2026-04-03]: balCorr=EUR 0.00 outBal=EUR 41.51 disb=EUR 0.00 calcDueInt=1.244954083333333335 rateFactor=0.0299916666666666667 rateFactorTillDue=0.0299916666666666667
[11:57:23] [AdvancedPaymentScheduleTransactionProcessor.java:296] --- END MODEL DUMP ---
[11:57:23] [AdvancedPaymentScheduleTransactionProcessor.java:297] ======== REPROCESSING END ========
[11:57:24] [ProgressiveEMICalculator.java:1139]    calculateLastUnpaidEMI: tillDate=2025-11-03, lastUnpaidPeriod=P6 [2026-03-03->2026-04-03]
[11:57:24] [ProgressiveEMICalculator.java:1139]      totalDueInterest=EUR 24.91, totalEMI=EUR 256.50, totalDisbursed=EUR 231.59, diff=EUR 0.00
[11:57:24] [ProgressiveEMICalculator.java:1139]      oldEMI=EUR 42.75 -> adjustedEMI=EUR 42.75
[11:57:24] [AdvancedPaymentScheduleTransactionProcessor.java:240] ======== === NEW REPROCESSING CYCLE === ========
[11:57:24] [AdvancedPaymentScheduleTransactionProcessor.java:241] ======== REPROCESSING START ========
[11:57:24] [AdvancedPaymentScheduleTransactionProcessor.java:241] reprocessProgressiveLoanTransactions: targetDate=2025-10-15, operations=1
[11:57:24] [AdvancedPaymentScheduleTransactionProcessor.java:242] --- MODEL DUMP: INITIAL MODEL ---
[11:57:24] [AdvancedPaymentScheduleTransactionProcessor.java:242]   lastOverdueBalanceChange=null totalDuePrincipal=EUR 0.00 totalPaidPrincipal=EUR 0.00
[11:57:24] [AdvancedPaymentScheduleTransactionProcessor.java:242]   P1 [2025-10-03 -> 2025-11-03]: EMI=EUR 0.00 origEMI=EUR 0.00 calcDueInterest=EUR 0.00 dueInterest=EUR 0.00 duePrincipal=EUR 0.00 paidP=EUR 0.00 paidI=EUR 0.00 outstandingP=EUR 0.00 outstandingBal=EUR 0.00 fullyPaid=true
[11:57:24] [AdvancedPaymentScheduleTransactionProcessor.java:242]     IP1 [2025-10-03 -> 2025-11-03]: balCorr=EUR 0.00 outBal=EUR 0.00 disb=EUR 0.00 calcDueInt=0 rateFactor=0 rateFactorTillDue=0
[11:57:24] [AdvancedPaymentScheduleTransactionProcessor.java:242]   P2 [2025-11-03 -> 2025-12-03]: EMI=EUR 0.00 origEMI=EUR 0.00 calcDueInterest=EUR 0.00 dueInterest=EUR 0.00 duePrincipal=EUR 0.00 paidP=EUR 0.00 paidI=EUR 0.00 outstandingP=EUR 0.00 outstandingBal=EUR 0.00 fullyPaid=true
[11:57:24] [AdvancedPaymentScheduleTransactionProcessor.java:242]     IP1 [2025-11-03 -> 2025-12-03]: balCorr=EUR 0.00 outBal=EUR 0.00 disb=EUR 0.00 calcDueInt=0 rateFactor=0 rateFactorTillDue=0
[11:57:24] [AdvancedPaymentScheduleTransactionProcessor.java:242]   P3 [2025-12-03 -> 2026-01-03]: EMI=EUR 0.00 origEMI=EUR 0.00 calcDueInterest=EUR 0.00 dueInterest=EUR 0.00 duePrincipal=EUR 0.00 paidP=EUR 0.00 paidI=EUR 0.00 outstandingP=EUR 0.00 outstandingBal=EUR 0.00 fullyPaid=true
[11:57:24] [AdvancedPaymentScheduleTransactionProcessor.java:242]     IP1 [2025-12-03 -> 2026-01-03]: balCorr=EUR 0.00 outBal=EUR 0.00 disb=EUR 0.00 calcDueInt=0 rateFactor=0 rateFactorTillDue=0
[11:57:24] [AdvancedPaymentScheduleTransactionProcessor.java:242]   P4 [2026-01-03 -> 2026-02-03]: EMI=EUR 0.00 origEMI=EUR 0.00 calcDueInterest=EUR 0.00 dueInterest=EUR 0.00 duePrincipal=EUR 0.00 paidP=EUR 0.00 paidI=EUR 0.00 outstandingP=EUR 0.00 outstandingBal=EUR 0.00 fullyPaid=true
[11:57:24] [AdvancedPaymentScheduleTransactionProcessor.java:242]     IP1 [2026-01-03 -> 2026-02-03]: balCorr=EUR 0.00 outBal=EUR 0.00 disb=EUR 0.00 calcDueInt=0 rateFactor=0 rateFactorTillDue=0
[11:57:24] [AdvancedPaymentScheduleTransactionProcessor.java:242]   P5 [2026-02-03 -> 2026-03-03]: EMI=EUR 0.00 origEMI=EUR 0.00 calcDueInterest=EUR 0.00 dueInterest=EUR 0.00 duePrincipal=EUR 0.00 paidP=EUR 0.00 paidI=EUR 0.00 outstandingP=EUR 0.00 outstandingBal=EUR 0.00 fullyPaid=true
[11:57:24] [AdvancedPaymentScheduleTransactionProcessor.java:242]     IP1 [2026-02-03 -> 2026-03-03]: balCorr=EUR 0.00 outBal=EUR 0.00 disb=EUR 0.00 calcDueInt=0 rateFactor=0 rateFactorTillDue=0
[11:57:24] [AdvancedPaymentScheduleTransactionProcessor.java:242]   P6 [2026-03-03 -> 2026-04-03]: EMI=EUR 0.00 origEMI=EUR 0.00 calcDueInterest=EUR 0.00 dueInterest=EUR 0.00 duePrincipal=EUR 0.00 paidP=EUR 0.00 paidI=EUR 0.00 outstandingP=EUR 0.00 outstandingBal=EUR 0.00 fullyPaid=true
[11:57:24] [AdvancedPaymentScheduleTransactionProcessor.java:242]     IP1 [2026-03-03 -> 2026-04-03]: balCorr=EUR 0.00 outBal=EUR 0.00 disb=EUR 0.00 calcDueInt=0 rateFactor=0 rateFactorTillDue=0
[11:57:24] [AdvancedPaymentScheduleTransactionProcessor.java:242] --- END MODEL DUMP ---
[11:57:24] [AdvancedPaymentScheduleTransactionProcessor.java:265]   >> processSingleTransaction: type=DISBURSEMENT, date=2025-10-03, amount=231.590000, reversed=false
[11:57:24] [AdvancedPaymentScheduleTransactionProcessor.java:482]   >> processLatestTransaction: type=DISBURSEMENT, date=2025-10-03, amount=231.590000
[11:57:24] [AdvancedPaymentScheduleTransactionProcessor.java:1879]   recalculateInterestForDate[recalculateInterestForDate]: targetDate=2025-10-03, modelHasUpdates=false
[11:57:24] [ProgressiveEMICalculator.java:1139]    calculateLastUnpaidEMI: tillDate=2025-11-03, lastUnpaidPeriod=P6 [2026-03-03->2026-04-03]
[11:57:24] [ProgressiveEMICalculator.java:1139]      totalDueInterest=EUR 24.91, totalEMI=EUR 256.50, totalDisbursed=EUR 231.59, diff=EUR 0.00
[11:57:24] [ProgressiveEMICalculator.java:1139]      oldEMI=EUR 42.75 -> adjustedEMI=EUR 42.75
[11:57:24] [AdvancedPaymentScheduleTransactionProcessor.java:512] --- MODEL DUMP: AFTER processLatestTransaction DISBURSEMENT 2025-10-03 ---
[11:57:24] [AdvancedPaymentScheduleTransactionProcessor.java:512]   lastOverdueBalanceChange=null totalDuePrincipal=EUR 231.59 totalPaidPrincipal=EUR 0.00
[11:57:24] [AdvancedPaymentScheduleTransactionProcessor.java:512]   P1 [2025-10-03 -> 2025-11-03]: EMI=EUR 42.75 origEMI=EUR 42.75 calcDueInterest=EUR 6.95 dueInterest=EUR 6.95 duePrincipal=EUR 35.80 paidP=EUR 0.00 paidI=EUR 0.00 outstandingP=EUR 35.80 outstandingBal=EUR 195.79 fullyPaid=false
[11:57:24] [AdvancedPaymentScheduleTransactionProcessor.java:512]     IP1 [2025-10-03 -> 2025-10-03]: balCorr=EUR 0.00 outBal=EUR 0.00 disb=EUR 231.59 calcDueInt=0 rateFactor=0E-19 rateFactorTillDue=0.0299916666666666667
[11:57:24] [AdvancedPaymentScheduleTransactionProcessor.java:512]     IP2 [2025-10-03 -> 2025-11-03]: balCorr=EUR 0.00 outBal=EUR 231.59 disb=EUR 0.00 calcDueInt=6.945770083333333340 rateFactor=0.0299916666666666667 rateFactorTillDue=0.0299916666666666667
[11:57:24] [AdvancedPaymentScheduleTransactionProcessor.java:512]   P2 [2025-11-03 -> 2025-12-03]: EMI=EUR 42.75 origEMI=EUR 42.75 calcDueInterest=EUR 5.87 dueInterest=EUR 5.87 duePrincipal=EUR 36.88 paidP=EUR 0.00 paidI=EUR 0.00 outstandingP=EUR 36.88 outstandingBal=EUR 158.91 fullyPaid=false
[11:57:24] [AdvancedPaymentScheduleTransactionProcessor.java:512]     IP1 [2025-11-03 -> 2025-12-03]: balCorr=EUR 0.00 outBal=EUR 195.79 disb=EUR 0.00 calcDueInt=5.872068416666666673 rateFactor=0.0299916666666666667 rateFactorTillDue=0.0299916666666666667
[11:57:24] [AdvancedPaymentScheduleTransactionProcessor.java:512]   P3 [2025-12-03 -> 2026-01-03]: EMI=EUR 42.75 origEMI=EUR 42.75 calcDueInterest=EUR 4.77 dueInterest=EUR 4.77 duePrincipal=EUR 37.98 paidP=EUR 0.00 paidI=EUR 0.00 outstandingP=EUR 37.98 outstandingBal=EUR 120.93 fullyPaid=false
[11:57:24] [AdvancedPaymentScheduleTransactionProcessor.java:512]     IP1 [2025-12-03 -> 2026-01-03]: balCorr=EUR 0.00 outBal=EUR 158.91 disb=EUR 0.00 calcDueInt=4.765975750000000006 rateFactor=0.0299916666666666667 rateFactorTillDue=0.0299916666666666667
[11:57:24] [AdvancedPaymentScheduleTransactionProcessor.java:512]   P4 [2026-01-03 -> 2026-02-03]: EMI=EUR 42.75 origEMI=EUR 42.75 calcDueInterest=EUR 3.63 dueInterest=EUR 3.63 duePrincipal=EUR 39.12 paidP=EUR 0.00 paidI=EUR 0.00 outstandingP=EUR 39.12 outstandingBal=EUR 81.81 fullyPaid=false
[11:57:24] [AdvancedPaymentScheduleTransactionProcessor.java:512]     IP1 [2026-01-03 -> 2026-02-03]: balCorr=EUR 0.00 outBal=EUR 120.93 disb=EUR 0.00 calcDueInt=3.626892250000000003 rateFactor=0.0299916666666666667 rateFactorTillDue=0.0299916666666666667
[11:57:24] [AdvancedPaymentScheduleTransactionProcessor.java:512]   P5 [2026-02-03 -> 2026-03-03]: EMI=EUR 42.75 origEMI=EUR 42.75 calcDueInterest=EUR 2.45 dueInterest=EUR 2.45 duePrincipal=EUR 40.30 paidP=EUR 0.00 paidI=EUR 0.00 outstandingP=EUR 40.30 outstandingBal=EUR 41.51 fullyPaid=false
[11:57:24] [AdvancedPaymentScheduleTransactionProcessor.java:512]     IP1 [2026-02-03 -> 2026-03-03]: balCorr=EUR 0.00 outBal=EUR 81.81 disb=EUR 0.00 calcDueInt=2.453618250000000003 rateFactor=0.0299916666666666667 rateFactorTillDue=0.0299916666666666667
[11:57:24] [AdvancedPaymentScheduleTransactionProcessor.java:512]   P6 [2026-03-03 -> 2026-04-03]: EMI=EUR 42.75 origEMI=EUR 42.75 calcDueInterest=EUR 1.24 dueInterest=EUR 1.24 duePrincipal=EUR 41.51 paidP=EUR 0.00 paidI=EUR 0.00 outstandingP=EUR 41.51 outstandingBal=EUR 0.00 fullyPaid=false
[11:57:24] [AdvancedPaymentScheduleTransactionProcessor.java:512]     IP1 [2026-03-03 -> 2026-04-03]: balCorr=EUR 0.00 outBal=EUR 41.51 disb=EUR 0.00 calcDueInt=1.244954083333333335 rateFactor=0.0299916666666666667 rateFactorTillDue=0.0299916666666666667
[11:57:24] [AdvancedPaymentScheduleTransactionProcessor.java:512] --- END MODEL DUMP ---
[11:57:24] [AdvancedPaymentScheduleTransactionProcessor.java:294]   >> FINAL recalculateInterestForDate: targetDate=2025-10-15
[11:57:24] [AdvancedPaymentScheduleTransactionProcessor.java:1879]   recalculateInterestForDate[recalculateInterestForDate]: targetDate=2025-10-15, modelHasUpdates=false
[11:57:24] [AdvancedPaymentScheduleTransactionProcessor.java:296] --- MODEL DUMP: AFTER FINAL recalcInterest ---
[11:57:24] [AdvancedPaymentScheduleTransactionProcessor.java:296]   lastOverdueBalanceChange=null totalDuePrincipal=EUR 231.59 totalPaidPrincipal=EUR 0.00
[11:57:24] [AdvancedPaymentScheduleTransactionProcessor.java:296]   P1 [2025-10-03 -> 2025-11-03]: EMI=EUR 42.75 origEMI=EUR 42.75 calcDueInterest=EUR 6.95 dueInterest=EUR 6.95 duePrincipal=EUR 35.80 paidP=EUR 0.00 paidI=EUR 0.00 outstandingP=EUR 35.80 outstandingBal=EUR 195.79 fullyPaid=false
[11:57:24] [AdvancedPaymentScheduleTransactionProcessor.java:296]     IP1 [2025-10-03 -> 2025-10-03]: balCorr=EUR 0.00 outBal=EUR 0.00 disb=EUR 231.59 calcDueInt=0 rateFactor=0E-19 rateFactorTillDue=0.0299916666666666667
[11:57:24] [AdvancedPaymentScheduleTransactionProcessor.java:296]     IP2 [2025-10-03 -> 2025-11-03]: balCorr=EUR 0.00 outBal=EUR 231.59 disb=EUR 0.00 calcDueInt=6.945770083333333340 rateFactor=0.0299916666666666667 rateFactorTillDue=0.0299916666666666667
[11:57:24] [AdvancedPaymentScheduleTransactionProcessor.java:296]   P2 [2025-11-03 -> 2025-12-03]: EMI=EUR 42.75 origEMI=EUR 42.75 calcDueInterest=EUR 5.87 dueInterest=EUR 5.87 duePrincipal=EUR 36.88 paidP=EUR 0.00 paidI=EUR 0.00 outstandingP=EUR 36.88 outstandingBal=EUR 158.91 fullyPaid=false
[11:57:24] [AdvancedPaymentScheduleTransactionProcessor.java:296]     IP1 [2025-11-03 -> 2025-12-03]: balCorr=EUR 0.00 outBal=EUR 195.79 disb=EUR 0.00 calcDueInt=5.872068416666666673 rateFactor=0.0299916666666666667 rateFactorTillDue=0.0299916666666666667
[11:57:24] [AdvancedPaymentScheduleTransactionProcessor.java:296]   P3 [2025-12-03 -> 2026-01-03]: EMI=EUR 42.75 origEMI=EUR 42.75 calcDueInterest=EUR 4.77 dueInterest=EUR 4.77 duePrincipal=EUR 37.98 paidP=EUR 0.00 paidI=EUR 0.00 outstandingP=EUR 37.98 outstandingBal=EUR 120.93 fullyPaid=false
[11:57:24] [AdvancedPaymentScheduleTransactionProcessor.java:296]     IP1 [2025-12-03 -> 2026-01-03]: balCorr=EUR 0.00 outBal=EUR 158.91 disb=EUR 0.00 calcDueInt=4.765975750000000006 rateFactor=0.0299916666666666667 rateFactorTillDue=0.0299916666666666667
[11:57:24] [AdvancedPaymentScheduleTransactionProcessor.java:296]   P4 [2026-01-03 -> 2026-02-03]: EMI=EUR 42.75 origEMI=EUR 42.75 calcDueInterest=EUR 3.63 dueInterest=EUR 3.63 duePrincipal=EUR 39.12 paidP=EUR 0.00 paidI=EUR 0.00 outstandingP=EUR 39.12 outstandingBal=EUR 81.81 fullyPaid=false
[11:57:24] [AdvancedPaymentScheduleTransactionProcessor.java:296]     IP1 [2026-01-03 -> 2026-02-03]: balCorr=EUR 0.00 outBal=EUR 120.93 disb=EUR 0.00 calcDueInt=3.626892250000000003 rateFactor=0.0299916666666666667 rateFactorTillDue=0.0299916666666666667
[11:57:24] [AdvancedPaymentScheduleTransactionProcessor.java:296]   P5 [2026-02-03 -> 2026-03-03]: EMI=EUR 42.75 origEMI=EUR 42.75 calcDueInterest=EUR 2.45 dueInterest=EUR 2.45 duePrincipal=EUR 40.30 paidP=EUR 0.00 paidI=EUR 0.00 outstandingP=EUR 40.30 outstandingBal=EUR 41.51 fullyPaid=false
[11:57:24] [AdvancedPaymentScheduleTransactionProcessor.java:296]     IP1 [2026-02-03 -> 2026-03-03]: balCorr=EUR 0.00 outBal=EUR 81.81 disb=EUR 0.00 calcDueInt=2.453618250000000003 rateFactor=0.0299916666666666667 rateFactorTillDue=0.0299916666666666667
[11:57:24] [AdvancedPaymentScheduleTransactionProcessor.java:296]   P6 [2026-03-03 -> 2026-04-03]: EMI=EUR 42.75 origEMI=EUR 42.75 calcDueInterest=EUR 1.24 dueInterest=EUR 1.24 duePrincipal=EUR 41.51 paidP=EUR 0.00 paidI=EUR 0.00 outstandingP=EUR 41.51 outstandingBal=EUR 0.00 fullyPaid=false
[11:57:24] [AdvancedPaymentScheduleTransactionProcessor.java:296]     IP1 [2026-03-03 -> 2026-04-03]: balCorr=EUR 0.00 outBal=EUR 41.51 disb=EUR 0.00 calcDueInt=1.244954083333333335 rateFactor=0.0299916666666666667 rateFactorTillDue=0.0299916666666666667
[11:57:24] [AdvancedPaymentScheduleTransactionProcessor.java:296] --- END MODEL DUMP ---
[11:57:24] [AdvancedPaymentScheduleTransactionProcessor.java:297] ======== REPROCESSING END ========
[11:57:24] [ProgressiveEMICalculator.java:1139]    calculateLastUnpaidEMI: tillDate=2025-10-15, lastUnpaidPeriod=P6 [2026-03-03->2026-04-03]
[11:57:24] [ProgressiveEMICalculator.java:1139]      totalDueInterest=EUR 2.69, totalEMI=EUR 256.50, totalDisbursed=EUR 231.59, diff=EUR -22.22
[11:57:24] [ProgressiveEMICalculator.java:1139]      oldEMI=EUR 42.75 -> adjustedEMI=EUR 20.53
[11:57:24] [ProgressiveEMICalculator.java:1139]    calculateLastUnpaidEMI: tillDate=2025-11-03, lastUnpaidPeriod=P6 [2026-03-03->2026-04-03]
[11:57:24] [ProgressiveEMICalculator.java:1139]      totalDueInterest=EUR 24.91, totalEMI=EUR 256.50, totalDisbursed=EUR 231.59, diff=EUR 0.00
[11:57:24] [ProgressiveEMICalculator.java:1139]      oldEMI=EUR 42.75 -> adjustedEMI=EUR 42.75
[11:57:24] [AdvancedPaymentScheduleTransactionProcessor.java:240] ======== === NEW REPROCESSING CYCLE === ========
[11:57:24] [AdvancedPaymentScheduleTransactionProcessor.java:241] ======== REPROCESSING START ========
[11:57:24] [AdvancedPaymentScheduleTransactionProcessor.java:241] reprocessProgressiveLoanTransactions: targetDate=2025-10-15, operations=2
[11:57:24] [AdvancedPaymentScheduleTransactionProcessor.java:242] --- MODEL DUMP: INITIAL MODEL ---
[11:57:24] [AdvancedPaymentScheduleTransactionProcessor.java:242]   lastOverdueBalanceChange=null totalDuePrincipal=EUR 0.00 totalPaidPrincipal=EUR 0.00
[11:57:24] [AdvancedPaymentScheduleTransactionProcessor.java:242]   P1 [2025-10-03 -> 2025-11-03]: EMI=EUR 0.00 origEMI=EUR 0.00 calcDueInterest=EUR 0.00 dueInterest=EUR 0.00 duePrincipal=EUR 0.00 paidP=EUR 0.00 paidI=EUR 0.00 outstandingP=EUR 0.00 outstandingBal=EUR 0.00 fullyPaid=true
[11:57:24] [AdvancedPaymentScheduleTransactionProcessor.java:242]     IP1 [2025-10-03 -> 2025-11-03]: balCorr=EUR 0.00 outBal=EUR 0.00 disb=EUR 0.00 calcDueInt=0 rateFactor=0 rateFactorTillDue=0
[11:57:24] [AdvancedPaymentScheduleTransactionProcessor.java:242]   P2 [2025-11-03 -> 2025-12-03]: EMI=EUR 0.00 origEMI=EUR 0.00 calcDueInterest=EUR 0.00 dueInterest=EUR 0.00 duePrincipal=EUR 0.00 paidP=EUR 0.00 paidI=EUR 0.00 outstandingP=EUR 0.00 outstandingBal=EUR 0.00 fullyPaid=true
[11:57:24] [AdvancedPaymentScheduleTransactionProcessor.java:242]     IP1 [2025-11-03 -> 2025-12-03]: balCorr=EUR 0.00 outBal=EUR 0.00 disb=EUR 0.00 calcDueInt=0 rateFactor=0 rateFactorTillDue=0
[11:57:24] [AdvancedPaymentScheduleTransactionProcessor.java:242]   P3 [2025-12-03 -> 2026-01-03]: EMI=EUR 0.00 origEMI=EUR 0.00 calcDueInterest=EUR 0.00 dueInterest=EUR 0.00 duePrincipal=EUR 0.00 paidP=EUR 0.00 paidI=EUR 0.00 outstandingP=EUR 0.00 outstandingBal=EUR 0.00 fullyPaid=true
[11:57:24] [AdvancedPaymentScheduleTransactionProcessor.java:242]     IP1 [2025-12-03 -> 2026-01-03]: balCorr=EUR 0.00 outBal=EUR 0.00 disb=EUR 0.00 calcDueInt=0 rateFactor=0 rateFactorTillDue=0
[11:57:24] [AdvancedPaymentScheduleTransactionProcessor.java:242]   P4 [2026-01-03 -> 2026-02-03]: EMI=EUR 0.00 origEMI=EUR 0.00 calcDueInterest=EUR 0.00 dueInterest=EUR 0.00 duePrincipal=EUR 0.00 paidP=EUR 0.00 paidI=EUR 0.00 outstandingP=EUR 0.00 outstandingBal=EUR 0.00 fullyPaid=true
[11:57:24] [AdvancedPaymentScheduleTransactionProcessor.java:242]     IP1 [2026-01-03 -> 2026-02-03]: balCorr=EUR 0.00 outBal=EUR 0.00 disb=EUR 0.00 calcDueInt=0 rateFactor=0 rateFactorTillDue=0
[11:57:24] [AdvancedPaymentScheduleTransactionProcessor.java:242]   P5 [2026-02-03 -> 2026-03-03]: EMI=EUR 0.00 origEMI=EUR 0.00 calcDueInterest=EUR 0.00 dueInterest=EUR 0.00 duePrincipal=EUR 0.00 paidP=EUR 0.00 paidI=EUR 0.00 outstandingP=EUR 0.00 outstandingBal=EUR 0.00 fullyPaid=true
[11:57:24] [AdvancedPaymentScheduleTransactionProcessor.java:242]     IP1 [2026-02-03 -> 2026-03-03]: balCorr=EUR 0.00 outBal=EUR 0.00 disb=EUR 0.00 calcDueInt=0 rateFactor=0 rateFactorTillDue=0
[11:57:24] [AdvancedPaymentScheduleTransactionProcessor.java:242]   P6 [2026-03-03 -> 2026-04-03]: EMI=EUR 0.00 origEMI=EUR 0.00 calcDueInterest=EUR 0.00 dueInterest=EUR 0.00 duePrincipal=EUR 0.00 paidP=EUR 0.00 paidI=EUR 0.00 outstandingP=EUR 0.00 outstandingBal=EUR 0.00 fullyPaid=true
[11:57:24] [AdvancedPaymentScheduleTransactionProcessor.java:242]     IP1 [2026-03-03 -> 2026-04-03]: balCorr=EUR 0.00 outBal=EUR 0.00 disb=EUR 0.00 calcDueInt=0 rateFactor=0 rateFactorTillDue=0
[11:57:24] [AdvancedPaymentScheduleTransactionProcessor.java:242] --- END MODEL DUMP ---
[11:57:24] [AdvancedPaymentScheduleTransactionProcessor.java:265]   >> processSingleTransaction: type=DISBURSEMENT, date=2025-10-03, amount=231.590000, reversed=false
[11:57:24] [AdvancedPaymentScheduleTransactionProcessor.java:482]   >> processLatestTransaction: type=DISBURSEMENT, date=2025-10-03, amount=231.590000
[11:57:24] [AdvancedPaymentScheduleTransactionProcessor.java:1879]   recalculateInterestForDate[recalculateInterestForDate]: targetDate=2025-10-03, modelHasUpdates=false
[11:57:24] [ProgressiveEMICalculator.java:1139]    calculateLastUnpaidEMI: tillDate=2025-11-03, lastUnpaidPeriod=P6 [2026-03-03->2026-04-03]
[11:57:24] [ProgressiveEMICalculator.java:1139]      totalDueInterest=EUR 24.91, totalEMI=EUR 256.50, totalDisbursed=EUR 231.59, diff=EUR 0.00
[11:57:24] [ProgressiveEMICalculator.java:1139]      oldEMI=EUR 42.75 -> adjustedEMI=EUR 42.75
[11:57:24] [AdvancedPaymentScheduleTransactionProcessor.java:512] --- MODEL DUMP: AFTER processLatestTransaction DISBURSEMENT 2025-10-03 ---
[11:57:24] [AdvancedPaymentScheduleTransactionProcessor.java:512]   lastOverdueBalanceChange=null totalDuePrincipal=EUR 231.59 totalPaidPrincipal=EUR 0.00
[11:57:24] [AdvancedPaymentScheduleTransactionProcessor.java:512]   P1 [2025-10-03 -> 2025-11-03]: EMI=EUR 42.75 origEMI=EUR 42.75 calcDueInterest=EUR 6.95 dueInterest=EUR 6.95 duePrincipal=EUR 35.80 paidP=EUR 0.00 paidI=EUR 0.00 outstandingP=EUR 35.80 outstandingBal=EUR 195.79 fullyPaid=false
[11:57:24] [AdvancedPaymentScheduleTransactionProcessor.java:512]     IP1 [2025-10-03 -> 2025-10-03]: balCorr=EUR 0.00 outBal=EUR 0.00 disb=EUR 231.59 calcDueInt=0 rateFactor=0E-19 rateFactorTillDue=0.0299916666666666667
[11:57:24] [AdvancedPaymentScheduleTransactionProcessor.java:512]     IP2 [2025-10-03 -> 2025-11-03]: balCorr=EUR 0.00 outBal=EUR 231.59 disb=EUR 0.00 calcDueInt=6.945770083333333340 rateFactor=0.0299916666666666667 rateFactorTillDue=0.0299916666666666667
[11:57:24] [AdvancedPaymentScheduleTransactionProcessor.java:512]   P2 [2025-11-03 -> 2025-12-03]: EMI=EUR 42.75 origEMI=EUR 42.75 calcDueInterest=EUR 5.87 dueInterest=EUR 5.87 duePrincipal=EUR 36.88 paidP=EUR 0.00 paidI=EUR 0.00 outstandingP=EUR 36.88 outstandingBal=EUR 158.91 fullyPaid=false
[11:57:24] [AdvancedPaymentScheduleTransactionProcessor.java:512]     IP1 [2025-11-03 -> 2025-12-03]: balCorr=EUR 0.00 outBal=EUR 195.79 disb=EUR 0.00 calcDueInt=5.872068416666666673 rateFactor=0.0299916666666666667 rateFactorTillDue=0.0299916666666666667
[11:57:24] [AdvancedPaymentScheduleTransactionProcessor.java:512]   P3 [2025-12-03 -> 2026-01-03]: EMI=EUR 42.75 origEMI=EUR 42.75 calcDueInterest=EUR 4.77 dueInterest=EUR 4.77 duePrincipal=EUR 37.98 paidP=EUR 0.00 paidI=EUR 0.00 outstandingP=EUR 37.98 outstandingBal=EUR 120.93 fullyPaid=false
[11:57:24] [AdvancedPaymentScheduleTransactionProcessor.java:512]     IP1 [2025-12-03 -> 2026-01-03]: balCorr=EUR 0.00 outBal=EUR 158.91 disb=EUR 0.00 calcDueInt=4.765975750000000006 rateFactor=0.0299916666666666667 rateFactorTillDue=0.0299916666666666667
[11:57:24] [AdvancedPaymentScheduleTransactionProcessor.java:512]   P4 [2026-01-03 -> 2026-02-03]: EMI=EUR 42.75 origEMI=EUR 42.75 calcDueInterest=EUR 3.63 dueInterest=EUR 3.63 duePrincipal=EUR 39.12 paidP=EUR 0.00 paidI=EUR 0.00 outstandingP=EUR 39.12 outstandingBal=EUR 81.81 fullyPaid=false
[11:57:24] [AdvancedPaymentScheduleTransactionProcessor.java:512]     IP1 [2026-01-03 -> 2026-02-03]: balCorr=EUR 0.00 outBal=EUR 120.93 disb=EUR 0.00 calcDueInt=3.626892250000000003 rateFactor=0.0299916666666666667 rateFactorTillDue=0.0299916666666666667
[11:57:24] [AdvancedPaymentScheduleTransactionProcessor.java:512]   P5 [2026-02-03 -> 2026-03-03]: EMI=EUR 42.75 origEMI=EUR 42.75 calcDueInterest=EUR 2.45 dueInterest=EUR 2.45 duePrincipal=EUR 40.30 paidP=EUR 0.00 paidI=EUR 0.00 outstandingP=EUR 40.30 outstandingBal=EUR 41.51 fullyPaid=false
[11:57:24] [AdvancedPaymentScheduleTransactionProcessor.java:512]     IP1 [2026-02-03 -> 2026-03-03]: balCorr=EUR 0.00 outBal=EUR 81.81 disb=EUR 0.00 calcDueInt=2.453618250000000003 rateFactor=0.0299916666666666667 rateFactorTillDue=0.0299916666666666667
[11:57:24] [AdvancedPaymentScheduleTransactionProcessor.java:512]   P6 [2026-03-03 -> 2026-04-03]: EMI=EUR 42.75 origEMI=EUR 42.75 calcDueInterest=EUR 1.24 dueInterest=EUR 1.24 duePrincipal=EUR 41.51 paidP=EUR 0.00 paidI=EUR 0.00 outstandingP=EUR 41.51 outstandingBal=EUR 0.00 fullyPaid=false
[11:57:24] [AdvancedPaymentScheduleTransactionProcessor.java:512]     IP1 [2026-03-03 -> 2026-04-03]: balCorr=EUR 0.00 outBal=EUR 41.51 disb=EUR 0.00 calcDueInt=1.244954083333333335 rateFactor=0.0299916666666666667 rateFactorTillDue=0.0299916666666666667
[11:57:24] [AdvancedPaymentScheduleTransactionProcessor.java:512] --- END MODEL DUMP ---
[11:57:24] [AdvancedPaymentScheduleTransactionProcessor.java:265]   >> processSingleTransaction: type=REPAYMENT, date=2025-10-03, amount=220.83, reversed=false
[11:57:24] [AdvancedPaymentScheduleTransactionProcessor.java:482]   >> processLatestTransaction: type=REPAYMENT, date=2025-10-03, amount=220.83
[11:57:24] [ProgressiveEMICalculator.java:1139]    calculateLastUnpaidEMI: tillDate=2025-11-03, lastUnpaidPeriod=P6 [2026-03-03->2026-04-03]
[11:57:24] [ProgressiveEMICalculator.java:1139]      totalDueInterest=EUR 6.95, totalEMI=EUR 256.50, totalDisbursed=EUR 231.59, diff=EUR -17.96
[11:57:24] [ProgressiveEMICalculator.java:1139]      oldEMI=EUR 42.75 -> adjustedEMI=EUR 24.79
[11:57:24] [AdvancedPaymentScheduleTransactionProcessor.java:1879]   recalculateInterestForDate[recalculateInterestForDate]: targetDate=2025-10-03, modelHasUpdates=false
[11:57:24] [ProgressiveEMICalculator.java:1139]    calculateLastUnpaidEMI: tillDate=2025-10-03, lastUnpaidPeriod=P6 [2026-03-03->2026-04-03]
[11:57:24] [ProgressiveEMICalculator.java:1139]      totalDueInterest=EUR 0.00, totalEMI=EUR 256.50, totalDisbursed=EUR 231.59, diff=EUR -24.91
[11:57:24] [ProgressiveEMICalculator.java:1139]      oldEMI=EUR 42.75 -> adjustedEMI=EUR 17.84
[11:57:24] [ProgressiveEMICalculator.java:1139]    calculateLastUnpaidEMI: tillDate=2025-10-03, lastUnpaidPeriod=P6 [2026-03-03->2026-04-03]
[11:57:24] [ProgressiveEMICalculator.java:1139]      totalDueInterest=EUR 24.91, totalEMI=EUR 256.50, totalDisbursed=EUR 231.59, diff=EUR 0.00
[11:57:24] [ProgressiveEMICalculator.java:1139]      oldEMI=EUR 42.75 -> adjustedEMI=EUR 42.75
[11:57:24] [ProgressiveEMICalculator.java:1139]    calculateLastUnpaidEMI: tillDate=2025-10-03, lastUnpaidPeriod=P6 [2026-03-03->2026-04-03]
[11:57:24] [ProgressiveEMICalculator.java:1139]      totalDueInterest=EUR 0.00, totalEMI=EUR 256.50, totalDisbursed=EUR 231.59, diff=EUR -24.91
[11:57:24] [ProgressiveEMICalculator.java:1139]      oldEMI=EUR 42.75 -> adjustedEMI=EUR 17.84
[11:57:24] [ProgressiveEMICalculator.java:392]    >> payPrincipal: P1 [2025-10-03->2025-11-03], txDate=2025-10-03, amount=EUR 42.75
[11:57:24] [ProgressiveEMICalculator.java:363]    >> addBalanceCorrection: date=2025-10-03, amount=EUR -42.75
[11:57:24] [InterestPeriod.java:116]       IP[2025-10-03->2025-10-03].addBalanceCorrectionAmount: before=EUR 0.00 + EUR -42.75 = EUR -42.75
[11:57:24] [ProgressiveEMICalculator.java:1139]    calculateLastUnpaidEMI: tillDate=2025-10-03, lastUnpaidPeriod=P6 [2026-03-03->2026-04-03]
[11:57:24] [ProgressiveEMICalculator.java:1139]      totalDueInterest=EUR 23.23, totalEMI=EUR 256.50, totalDisbursed=EUR 231.59, diff=EUR -1.68
[11:57:24] [ProgressiveEMICalculator.java:1139]      oldEMI=EUR 42.75 -> adjustedEMI=EUR 41.07
[11:57:24] [ProgressiveEMICalculator.java:1139]    calculateLastUnpaidEMI: tillDate=2025-10-03, lastUnpaidPeriod=P6 [2026-03-03->2026-04-03]
[11:57:24] [ProgressiveEMICalculator.java:1139]      totalDueInterest=EUR 23.23, totalEMI=EUR 254.82, totalDisbursed=EUR 231.59, diff=EUR 0.00
[11:57:24] [ProgressiveEMICalculator.java:1139]      oldEMI=EUR 41.07 -> adjustedEMI=EUR 41.07
[11:57:24] [ProgressiveEMICalculator.java:1139]    calculateLastUnpaidEMI: tillDate=2025-10-03, lastUnpaidPeriod=P6 [2026-03-03->2026-04-03]
[11:57:24] [ProgressiveEMICalculator.java:1139]      totalDueInterest=EUR 0.00, totalEMI=EUR 254.82, totalDisbursed=EUR 231.59, diff=EUR -23.23
[11:57:24] [ProgressiveEMICalculator.java:1139]      oldEMI=EUR 41.07 -> adjustedEMI=EUR 17.84
[11:57:24] [ProgressiveEMICalculator.java:1139]    calculateLastUnpaidEMI: tillDate=2025-10-03, lastUnpaidPeriod=P6 [2026-03-03->2026-04-03]
[11:57:24] [ProgressiveEMICalculator.java:1139]      totalDueInterest=EUR 23.23, totalEMI=EUR 254.82, totalDisbursed=EUR 231.59, diff=EUR 0.00
[11:57:24] [ProgressiveEMICalculator.java:1139]      oldEMI=EUR 41.07 -> adjustedEMI=EUR 41.07
[11:57:24] [ProgressiveEMICalculator.java:1139]    calculateLastUnpaidEMI: tillDate=2025-10-03, lastUnpaidPeriod=P6 [2026-03-03->2026-04-03]
[11:57:24] [ProgressiveEMICalculator.java:1139]      totalDueInterest=EUR 0.00, totalEMI=EUR 254.82, totalDisbursed=EUR 231.59, diff=EUR -23.23
[11:57:24] [ProgressiveEMICalculator.java:1139]      oldEMI=EUR 41.07 -> adjustedEMI=EUR 17.84
[11:57:24] [ProgressiveEMICalculator.java:392]    >> payPrincipal: P2 [2025-11-03->2025-12-03], txDate=2025-10-03, amount=EUR 42.75
[11:57:24] [ProgressiveEMICalculator.java:363]    >> addBalanceCorrection: date=2025-10-03, amount=EUR -42.75
[11:57:24] [InterestPeriod.java:116]       IP[2025-10-03->2025-10-03].addBalanceCorrectionAmount: before=EUR -42.75 + EUR -42.75 = EUR -85.50
[11:57:24] [ProgressiveEMICalculator.java:1139]    calculateLastUnpaidEMI: tillDate=2025-10-03, lastUnpaidPeriod=P6 [2026-03-03->2026-04-03]
[11:57:24] [ProgressiveEMICalculator.java:1139]      totalDueInterest=EUR 20.05, totalEMI=EUR 254.82, totalDisbursed=EUR 231.59, diff=EUR -3.18
[11:57:24] [ProgressiveEMICalculator.java:1139]      oldEMI=EUR 41.07 -> adjustedEMI=EUR 37.89
[11:57:24] [ProgressiveEMICalculator.java:1139]    calculateLastUnpaidEMI: tillDate=2025-10-03, lastUnpaidPeriod=P6 [2026-03-03->2026-04-03]
[11:57:24] [ProgressiveEMICalculator.java:1139]      totalDueInterest=EUR 20.05, totalEMI=EUR 251.64, totalDisbursed=EUR 231.59, diff=EUR 0.00
[11:57:24] [ProgressiveEMICalculator.java:1139]      oldEMI=EUR 37.89 -> adjustedEMI=EUR 37.89
[11:57:24] [ProgressiveEMICalculator.java:1139]    calculateLastUnpaidEMI: tillDate=2025-10-03, lastUnpaidPeriod=P6 [2026-03-03->2026-04-03]
[11:57:24] [ProgressiveEMICalculator.java:1139]      totalDueInterest=EUR 0.00, totalEMI=EUR 251.64, totalDisbursed=EUR 231.59, diff=EUR -20.05
[11:57:24] [ProgressiveEMICalculator.java:1139]      oldEMI=EUR 37.89 -> adjustedEMI=EUR 17.84
[11:57:24] [ProgressiveEMICalculator.java:1139]    calculateLastUnpaidEMI: tillDate=2025-10-03, lastUnpaidPeriod=P6 [2026-03-03->2026-04-03]
[11:57:24] [ProgressiveEMICalculator.java:1139]      totalDueInterest=EUR 20.05, totalEMI=EUR 251.64, totalDisbursed=EUR 231.59, diff=EUR 0.00
[11:57:24] [ProgressiveEMICalculator.java:1139]      oldEMI=EUR 37.89 -> adjustedEMI=EUR 37.89
[11:57:24] [ProgressiveEMICalculator.java:1139]    calculateLastUnpaidEMI: tillDate=2025-10-03, lastUnpaidPeriod=P6 [2026-03-03->2026-04-03]
[11:57:24] [ProgressiveEMICalculator.java:1139]      totalDueInterest=EUR 0.00, totalEMI=EUR 251.64, totalDisbursed=EUR 231.59, diff=EUR -20.05
[11:57:24] [ProgressiveEMICalculator.java:1139]      oldEMI=EUR 37.89 -> adjustedEMI=EUR 17.84
[11:57:24] [ProgressiveEMICalculator.java:392]    >> payPrincipal: P3 [2025-12-03->2026-01-03], txDate=2025-10-03, amount=EUR 42.75
[11:57:24] [ProgressiveEMICalculator.java:363]    >> addBalanceCorrection: date=2025-10-03, amount=EUR -42.75
[11:57:24] [InterestPeriod.java:116]       IP[2025-10-03->2025-10-03].addBalanceCorrectionAmount: before=EUR -85.50 + EUR -42.75 = EUR -128.25
[11:57:24] [ProgressiveEMICalculator.java:1139]    calculateLastUnpaidEMI: tillDate=2025-10-03, lastUnpaidPeriod=P6 [2026-03-03->2026-04-03]
[11:57:24] [ProgressiveEMICalculator.java:1139]      totalDueInterest=EUR 15.56, totalEMI=EUR 251.64, totalDisbursed=EUR 231.59, diff=EUR -4.49
[11:57:24] [ProgressiveEMICalculator.java:1139]      oldEMI=EUR 37.89 -> adjustedEMI=EUR 33.40
[11:57:24] [ProgressiveEMICalculator.java:1139]    calculateLastUnpaidEMI: tillDate=2025-10-03, lastUnpaidPeriod=P6 [2026-03-03->2026-04-03]
[11:57:24] [ProgressiveEMICalculator.java:1139]      totalDueInterest=EUR 15.56, totalEMI=EUR 247.15, totalDisbursed=EUR 231.59, diff=EUR 0.00
[11:57:24] [ProgressiveEMICalculator.java:1139]      oldEMI=EUR 33.40 -> adjustedEMI=EUR 33.40
[11:57:24] [ProgressiveEMICalculator.java:1139]    calculateLastUnpaidEMI: tillDate=2025-10-03, lastUnpaidPeriod=P6 [2026-03-03->2026-04-03]
[11:57:24] [ProgressiveEMICalculator.java:1139]      totalDueInterest=EUR 0.00, totalEMI=EUR 247.15, totalDisbursed=EUR 231.59, diff=EUR -15.56
[11:57:24] [ProgressiveEMICalculator.java:1139]      oldEMI=EUR 33.40 -> adjustedEMI=EUR 17.84
[11:57:24] [ProgressiveEMICalculator.java:1139]    calculateLastUnpaidEMI: tillDate=2025-10-03, lastUnpaidPeriod=P6 [2026-03-03->2026-04-03]
[11:57:24] [ProgressiveEMICalculator.java:1139]      totalDueInterest=EUR 15.56, totalEMI=EUR 247.15, totalDisbursed=EUR 231.59, diff=EUR 0.00
[11:57:24] [ProgressiveEMICalculator.java:1139]      oldEMI=EUR 33.40 -> adjustedEMI=EUR 33.40
[11:57:24] [ProgressiveEMICalculator.java:1139]    calculateLastUnpaidEMI: tillDate=2025-10-03, lastUnpaidPeriod=P6 [2026-03-03->2026-04-03]
[11:57:24] [ProgressiveEMICalculator.java:1139]      totalDueInterest=EUR 0.00, totalEMI=EUR 247.15, totalDisbursed=EUR 231.59, diff=EUR -15.56
[11:57:24] [ProgressiveEMICalculator.java:1139]      oldEMI=EUR 33.40 -> adjustedEMI=EUR 17.84
[11:57:24] [ProgressiveEMICalculator.java:392]    >> payPrincipal: P4 [2026-01-03->2026-02-03], txDate=2025-10-03, amount=EUR 42.75
[11:57:24] [ProgressiveEMICalculator.java:363]    >> addBalanceCorrection: date=2025-10-03, amount=EUR -42.75
[11:57:24] [InterestPeriod.java:116]       IP[2025-10-03->2025-10-03].addBalanceCorrectionAmount: before=EUR -128.25 + EUR -42.75 = EUR -171.00
[11:57:24] [ProgressiveEMICalculator.java:1139]    calculateLastUnpaidEMI: tillDate=2025-10-03, lastUnpaidPeriod=P6 [2026-03-03->2026-04-03]
[11:57:24] [ProgressiveEMICalculator.java:1139]      totalDueInterest=EUR 9.91, totalEMI=EUR 247.15, totalDisbursed=EUR 231.59, diff=EUR -5.65
[11:57:24] [ProgressiveEMICalculator.java:1139]      oldEMI=EUR 33.40 -> adjustedEMI=EUR 27.75
[11:57:24] [ProgressiveEMICalculator.java:1139]    calculateLastUnpaidEMI: tillDate=2025-10-03, lastUnpaidPeriod=P6 [2026-03-03->2026-04-03]
[11:57:24] [ProgressiveEMICalculator.java:1139]      totalDueInterest=EUR 9.91, totalEMI=EUR 241.50, totalDisbursed=EUR 231.59, diff=EUR 0.00
[11:57:24] [ProgressiveEMICalculator.java:1139]      oldEMI=EUR 27.75 -> adjustedEMI=EUR 27.75
[11:57:24] [ProgressiveEMICalculator.java:1139]    calculateLastUnpaidEMI: tillDate=2025-10-03, lastUnpaidPeriod=P6 [2026-03-03->2026-04-03]
[11:57:24] [ProgressiveEMICalculator.java:1139]      totalDueInterest=EUR 0.00, totalEMI=EUR 241.50, totalDisbursed=EUR 231.59, diff=EUR -9.91
[11:57:24] [ProgressiveEMICalculator.java:1139]      oldEMI=EUR 27.75 -> adjustedEMI=EUR 17.84
[11:57:24] [ProgressiveEMICalculator.java:1139]    calculateLastUnpaidEMI: tillDate=2025-10-03, lastUnpaidPeriod=P6 [2026-03-03->2026-04-03]
[11:57:24] [ProgressiveEMICalculator.java:1139]      totalDueInterest=EUR 9.91, totalEMI=EUR 241.50, totalDisbursed=EUR 231.59, diff=EUR 0.00
[11:57:25] [ProgressiveEMICalculator.java:1139]      oldEMI=EUR 27.75 -> adjustedEMI=EUR 27.75
[11:57:25] [ProgressiveEMICalculator.java:1139]    calculateLastUnpaidEMI: tillDate=2025-10-03, lastUnpaidPeriod=P6 [2026-03-03->2026-04-03]
[11:57:25] [ProgressiveEMICalculator.java:1139]      totalDueInterest=EUR 0.00, totalEMI=EUR 241.50, totalDisbursed=EUR 231.59, diff=EUR -9.91
[11:57:25] [ProgressiveEMICalculator.java:1139]      oldEMI=EUR 27.75 -> adjustedEMI=EUR 17.84
[11:57:25] [ProgressiveEMICalculator.java:392]    >> payPrincipal: P5 [2026-02-03->2026-03-03], txDate=2025-10-03, amount=EUR 42.75
[11:57:25] [ProgressiveEMICalculator.java:363]    >> addBalanceCorrection: date=2025-10-03, amount=EUR -42.75
[11:57:25] [InterestPeriod.java:116]       IP[2025-10-03->2025-10-03].addBalanceCorrectionAmount: before=EUR -171.00 + EUR -42.75 = EUR -213.75
[11:57:25] [ProgressiveEMICalculator.java:1139]    calculateLastUnpaidEMI: tillDate=2025-10-03, lastUnpaidPeriod=P6 [2026-03-03->2026-04-03]
[11:57:25] [ProgressiveEMICalculator.java:1139]      totalDueInterest=EUR 3.24, totalEMI=EUR 234.83, totalDisbursed=EUR 231.59, diff=EUR 0.00
[11:57:25] [ProgressiveEMICalculator.java:1139]      oldEMI=EUR 21.08 -> adjustedEMI=EUR 21.08
[11:57:25] [ProgressiveEMICalculator.java:1139]    calculateLastUnpaidEMI: tillDate=2025-10-03, lastUnpaidPeriod=P6 [2026-03-03->2026-04-03]
[11:57:25] [ProgressiveEMICalculator.java:1139]      totalDueInterest=EUR 0.00, totalEMI=EUR 231.59, totalDisbursed=EUR 231.59, diff=EUR 0.00
[11:57:25] [ProgressiveEMICalculator.java:1139]      oldEMI=EUR 17.84 -> adjustedEMI=EUR 17.84
[11:57:25] [ProgressiveEMICalculator.java:1139]    calculateLastUnpaidEMI: tillDate=2025-10-03, lastUnpaidPeriod=P6 [2026-03-03->2026-04-03]
[11:57:25] [ProgressiveEMICalculator.java:1139]      totalDueInterest=EUR 3.24, totalEMI=EUR 234.83, totalDisbursed=EUR 231.59, diff=EUR 0.00
[11:57:25] [ProgressiveEMICalculator.java:1139]      oldEMI=EUR 21.08 -> adjustedEMI=EUR 21.08
[11:57:25] [ProgressiveEMICalculator.java:1139]    calculateLastUnpaidEMI: tillDate=2025-10-03, lastUnpaidPeriod=P6 [2026-03-03->2026-04-03]
[11:57:25] [ProgressiveEMICalculator.java:1139]      totalDueInterest=EUR 0.00, totalEMI=EUR 231.59, totalDisbursed=EUR 231.59, diff=EUR 0.00
[11:57:25] [ProgressiveEMICalculator.java:1139]      oldEMI=EUR 17.84 -> adjustedEMI=EUR 17.84
[11:57:25] [ProgressiveEMICalculator.java:392]    >> payPrincipal: P6 [2026-03-03->2026-04-03], txDate=2025-10-03, amount=EUR 7.08
[11:57:25] [ProgressiveEMICalculator.java:363]    >> addBalanceCorrection: date=2025-10-03, amount=EUR -7.08
[11:57:25] [InterestPeriod.java:116]       IP[2025-10-03->2025-10-03].addBalanceCorrectionAmount: before=EUR -213.75 + EUR -7.08 = EUR -220.83
[11:57:25] [ProgressiveEMICalculator.java:1139]    calculateLastUnpaidEMI: tillDate=2025-10-03, lastUnpaidPeriod=P6 [2026-03-03->2026-04-03]
[11:57:25] [ProgressiveEMICalculator.java:1139]      totalDueInterest=EUR 1.92, totalEMI=EUR 233.51, totalDisbursed=EUR 231.59, diff=EUR 0.00
[11:57:25] [ProgressiveEMICalculator.java:1139]      oldEMI=EUR 19.76 -> adjustedEMI=EUR 19.76
[11:57:25] [ProgressiveEMICalculator.java:1139]    calculateLastUnpaidEMI: tillDate=2025-10-03, lastUnpaidPeriod=P6 [2026-03-03->2026-04-03]
[11:57:25] [ProgressiveEMICalculator.java:1139]      totalDueInterest=EUR 0.00, totalEMI=EUR 231.59, totalDisbursed=EUR 231.59, diff=EUR 0.00
[11:57:25] [ProgressiveEMICalculator.java:1139]      oldEMI=EUR 17.84 -> adjustedEMI=EUR 17.84
[11:57:25] [AdvancedPaymentScheduleTransactionProcessor.java:512] --- MODEL DUMP: AFTER processLatestTransaction REPAYMENT 2025-10-03 ---
[11:57:25] [AdvancedPaymentScheduleTransactionProcessor.java:512]   lastOverdueBalanceChange=null totalDuePrincipal=EUR 231.59 totalPaidPrincipal=EUR 220.83
[11:57:25] [AdvancedPaymentScheduleTransactionProcessor.java:512]   P1 [2025-10-03 -> 2025-11-03]: EMI=EUR 42.75 origEMI=EUR 42.75 calcDueInterest=EUR 0.32 dueInterest=EUR 0.00 duePrincipal=EUR 42.75 paidP=EUR 42.75 paidI=EUR 0.00 outstandingP=EUR 0.00 outstandingBal=EUR 10.76 fullyPaid=true
[11:57:25] [AdvancedPaymentScheduleTransactionProcessor.java:512]     IP1 [2025-10-03 -> 2025-10-03]: balCorr=EUR -220.83 outBal=EUR 0.00 disb=EUR 231.59 calcDueInt=0 rateFactor=0E-19 rateFactorTillDue=0.0299916666666666667
[11:57:25] [AdvancedPaymentScheduleTransactionProcessor.java:512]     IP2 [2025-10-03 -> 2025-11-03]: balCorr=EUR 0.00 outBal=EUR 10.76 disb=EUR 0.00 calcDueInt=0.3227103333333333336 rateFactor=0.0299916666666666667 rateFactorTillDue=0.0299916666666666667
[11:57:25] [AdvancedPaymentScheduleTransactionProcessor.java:512]   P2 [2025-11-03 -> 2025-12-03]: EMI=EUR 42.75 origEMI=EUR 42.75 calcDueInterest=EUR 0.64 dueInterest=EUR 0.00 duePrincipal=EUR 42.75 paidP=EUR 42.75 paidI=EUR 0.00 outstandingP=EUR 0.00 outstandingBal=EUR 10.76 fullyPaid=true
[11:57:25] [AdvancedPaymentScheduleTransactionProcessor.java:512]     IP1 [2025-11-03 -> 2025-12-03]: balCorr=EUR 0.00 outBal=EUR 10.76 disb=EUR 0.00 calcDueInt=0.3227103333333333336 rateFactor=0.0299916666666666667 rateFactorTillDue=0.0299916666666666667
[11:57:25] [AdvancedPaymentScheduleTransactionProcessor.java:512]   P3 [2025-12-03 -> 2026-01-03]: EMI=EUR 42.75 origEMI=EUR 42.75 calcDueInterest=EUR 0.96 dueInterest=EUR 0.00 duePrincipal=EUR 42.75 paidP=EUR 42.75 paidI=EUR 0.00 outstandingP=EUR 0.00 outstandingBal=EUR 10.76 fullyPaid=true
[11:57:25] [AdvancedPaymentScheduleTransactionProcessor.java:512]     IP1 [2025-12-03 -> 2026-01-03]: balCorr=EUR 0.00 outBal=EUR 10.76 disb=EUR 0.00 calcDueInt=0.3227103333333333336 rateFactor=0.0299916666666666667 rateFactorTillDue=0.0299916666666666667
[11:57:25] [AdvancedPaymentScheduleTransactionProcessor.java:512]   P4 [2026-01-03 -> 2026-02-03]: EMI=EUR 42.75 origEMI=EUR 42.75 calcDueInterest=EUR 1.28 dueInterest=EUR 0.00 duePrincipal=EUR 42.75 paidP=EUR 42.75 paidI=EUR 0.00 outstandingP=EUR 0.00 outstandingBal=EUR 10.76 fullyPaid=true
[11:57:25] [AdvancedPaymentScheduleTransactionProcessor.java:512]     IP1 [2026-01-03 -> 2026-02-03]: balCorr=EUR 0.00 outBal=EUR 10.76 disb=EUR 0.00 calcDueInt=0.3227103333333333336 rateFactor=0.0299916666666666667 rateFactorTillDue=0.0299916666666666667
[11:57:25] [AdvancedPaymentScheduleTransactionProcessor.java:512]   P5 [2026-02-03 -> 2026-03-03]: EMI=EUR 42.75 origEMI=EUR 42.75 calcDueInterest=EUR 1.60 dueInterest=EUR 0.00 duePrincipal=EUR 42.75 paidP=EUR 42.75 paidI=EUR 0.00 outstandingP=EUR 0.00 outstandingBal=EUR 10.76 fullyPaid=true
[11:57:25] [AdvancedPaymentScheduleTransactionProcessor.java:512]     IP1 [2026-02-03 -> 2026-03-03]: balCorr=EUR 0.00 outBal=EUR 10.76 disb=EUR 0.00 calcDueInt=0.3227103333333333336 rateFactor=0.0299916666666666667 rateFactorTillDue=0.0299916666666666667
[11:57:25] [AdvancedPaymentScheduleTransactionProcessor.java:512]   P6 [2026-03-03 -> 2026-04-03]: EMI=EUR 19.76 origEMI=EUR 42.75 calcDueInterest=EUR 1.92 dueInterest=EUR 1.92 duePrincipal=EUR 17.84 paidP=EUR 7.08 paidI=EUR 0.00 outstandingP=EUR 10.76 outstandingBal=EUR 0.00 fullyPaid=false
[11:57:25] [AdvancedPaymentScheduleTransactionProcessor.java:512]     IP1 [2026-03-03 -> 2026-04-03]: balCorr=EUR 0.00 outBal=EUR 10.76 disb=EUR 0.00 calcDueInt=0.3227103333333333336 rateFactor=0.0299916666666666667 rateFactorTillDue=0.0299916666666666667
[11:57:25] [AdvancedPaymentScheduleTransactionProcessor.java:512] --- END MODEL DUMP ---
[11:57:25] [AdvancedPaymentScheduleTransactionProcessor.java:294]   >> FINAL recalculateInterestForDate: targetDate=2025-10-15
[11:57:25] [AdvancedPaymentScheduleTransactionProcessor.java:1879]   recalculateInterestForDate[recalculateInterestForDate]: targetDate=2025-10-15, modelHasUpdates=false
[11:57:25] [AdvancedPaymentScheduleTransactionProcessor.java:296] --- MODEL DUMP: AFTER FINAL recalcInterest ---
[11:57:25] [AdvancedPaymentScheduleTransactionProcessor.java:296]   lastOverdueBalanceChange=null totalDuePrincipal=EUR 231.59 totalPaidPrincipal=EUR 220.83
[11:57:25] [AdvancedPaymentScheduleTransactionProcessor.java:296]   P1 [2025-10-03 -> 2025-11-03]: EMI=EUR 42.75 origEMI=EUR 42.75 calcDueInterest=EUR 0.32 dueInterest=EUR 0.00 duePrincipal=EUR 42.75 paidP=EUR 42.75 paidI=EUR 0.00 outstandingP=EUR 0.00 outstandingBal=EUR 10.76 fullyPaid=true
[11:57:25] [AdvancedPaymentScheduleTransactionProcessor.java:296]     IP1 [2025-10-03 -> 2025-10-03]: balCorr=EUR -220.83 outBal=EUR 0.00 disb=EUR 231.59 calcDueInt=0 rateFactor=0E-19 rateFactorTillDue=0.0299916666666666667
[11:57:25] [AdvancedPaymentScheduleTransactionProcessor.java:296]     IP2 [2025-10-03 -> 2025-11-03]: balCorr=EUR 0.00 outBal=EUR 10.76 disb=EUR 0.00 calcDueInt=0.3227103333333333336 rateFactor=0.0299916666666666667 rateFactorTillDue=0.0299916666666666667
[11:57:25] [AdvancedPaymentScheduleTransactionProcessor.java:296]   P2 [2025-11-03 -> 2025-12-03]: EMI=EUR 42.75 origEMI=EUR 42.75 calcDueInterest=EUR 0.64 dueInterest=EUR 0.00 duePrincipal=EUR 42.75 paidP=EUR 42.75 paidI=EUR 0.00 outstandingP=EUR 0.00 outstandingBal=EUR 10.76 fullyPaid=true
[11:57:25] [AdvancedPaymentScheduleTransactionProcessor.java:296]     IP1 [2025-11-03 -> 2025-12-03]: balCorr=EUR 0.00 outBal=EUR 10.76 disb=EUR 0.00 calcDueInt=0.3227103333333333336 rateFactor=0.0299916666666666667 rateFactorTillDue=0.0299916666666666667
[11:57:25] [AdvancedPaymentScheduleTransactionProcessor.java:296]   P3 [2025-12-03 -> 2026-01-03]: EMI=EUR 42.75 origEMI=EUR 42.75 calcDueInterest=EUR 0.96 dueInterest=EUR 0.00 duePrincipal=EUR 42.75 paidP=EUR 42.75 paidI=EUR 0.00 outstandingP=EUR 0.00 outstandingBal=EUR 10.76 fullyPaid=true
[11:57:25] [AdvancedPaymentScheduleTransactionProcessor.java:296]     IP1 [2025-12-03 -> 2026-01-03]: balCorr=EUR 0.00 outBal=EUR 10.76 disb=EUR 0.00 calcDueInt=0.3227103333333333336 rateFactor=0.0299916666666666667 rateFactorTillDue=0.0299916666666666667
[11:57:25] [AdvancedPaymentScheduleTransactionProcessor.java:296]   P4 [2026-01-03 -> 2026-02-03]: EMI=EUR 42.75 origEMI=EUR 42.75 calcDueInterest=EUR 1.28 dueInterest=EUR 0.00 duePrincipal=EUR 42.75 paidP=EUR 42.75 paidI=EUR 0.00 outstandingP=EUR 0.00 outstandingBal=EUR 10.76 fullyPaid=true
[11:57:25] [AdvancedPaymentScheduleTransactionProcessor.java:296]     IP1 [2026-01-03 -> 2026-02-03]: balCorr=EUR 0.00 outBal=EUR 10.76 disb=EUR 0.00 calcDueInt=0.3227103333333333336 rateFactor=0.0299916666666666667 rateFactorTillDue=0.0299916666666666667
[11:57:25] [AdvancedPaymentScheduleTransactionProcessor.java:296]   P5 [2026-02-03 -> 2026-03-03]: EMI=EUR 42.75 origEMI=EUR 42.75 calcDueInterest=EUR 1.60 dueInterest=EUR 0.00 duePrincipal=EUR 42.75 paidP=EUR 42.75 paidI=EUR 0.00 outstandingP=EUR 0.00 outstandingBal=EUR 10.76 fullyPaid=true
[11:57:25] [AdvancedPaymentScheduleTransactionProcessor.java:296]     IP1 [2026-02-03 -> 2026-03-03]: balCorr=EUR 0.00 outBal=EUR 10.76 disb=EUR 0.00 calcDueInt=0.3227103333333333336 rateFactor=0.0299916666666666667 rateFactorTillDue=0.0299916666666666667
[11:57:25] [AdvancedPaymentScheduleTransactionProcessor.java:296]   P6 [2026-03-03 -> 2026-04-03]: EMI=EUR 19.76 origEMI=EUR 42.75 calcDueInterest=EUR 1.92 dueInterest=EUR 1.92 duePrincipal=EUR 17.84 paidP=EUR 7.08 paidI=EUR 0.00 outstandingP=EUR 10.76 outstandingBal=EUR 0.00 fullyPaid=false
[11:57:25] [AdvancedPaymentScheduleTransactionProcessor.java:296]     IP1 [2026-03-03 -> 2026-04-03]: balCorr=EUR 0.00 outBal=EUR 10.76 disb=EUR 0.00 calcDueInt=0.3227103333333333336 rateFactor=0.0299916666666666667 rateFactorTillDue=0.0299916666666666667
[11:57:25] [AdvancedPaymentScheduleTransactionProcessor.java:296] --- END MODEL DUMP ---
[11:57:25] [AdvancedPaymentScheduleTransactionProcessor.java:297] ======== REPROCESSING END ========
[11:57:25] [ProgressiveEMICalculator.java:1139]    calculateLastUnpaidEMI: tillDate=2025-10-15, lastUnpaidPeriod=P6 [2026-03-03->2026-04-03]
[11:57:25] [ProgressiveEMICalculator.java:1139]      totalDueInterest=EUR 0.12, totalEMI=EUR 231.71, totalDisbursed=EUR 231.59, diff=EUR 0.00
[11:57:25] [ProgressiveEMICalculator.java:1139]      oldEMI=EUR 17.96 -> adjustedEMI=EUR 17.96
[11:57:25] [AdvancedPaymentScheduleTransactionProcessor.java:1879]   recalculateInterestForDate[recalculateInterestForDate]: targetDate=2025-10-15, modelHasUpdates=false
[11:57:25] [AdvancedPaymentScheduleTransactionProcessor.java:482]   >> processLatestTransaction: type=MERCHANT_ISSUED_REFUND, date=2025-10-15, amount=220.83
[11:57:25] [ProgressiveEMICalculator.java:1139]    calculateLastUnpaidEMI: tillDate=2025-11-03, lastUnpaidPeriod=P6 [2026-03-03->2026-04-03]
[11:57:25] [ProgressiveEMICalculator.java:1139]      totalDueInterest=EUR 6.95, totalEMI=EUR 256.50, totalDisbursed=EUR 231.59, diff=EUR -17.96
[11:57:25] [ProgressiveEMICalculator.java:1139]      oldEMI=EUR 42.75 -> adjustedEMI=EUR 24.79
[11:57:25] [AdvancedPaymentScheduleTransactionProcessor.java:1879]   recalculateInterestForDate[recalculateInterestForDate]: targetDate=2025-10-15, modelHasUpdates=false
[11:57:25] [ProgressiveEMICalculator.java:1139]    calculateLastUnpaidEMI: tillDate=2025-10-15, lastUnpaidPeriod=P6 [2026-03-03->2026-04-03]
[11:57:25] [ProgressiveEMICalculator.java:1139]      totalDueInterest=EUR 2.69, totalEMI=EUR 256.50, totalDisbursed=EUR 231.59, diff=EUR -22.22
[11:57:25] [ProgressiveEMICalculator.java:1139]      oldEMI=EUR 42.75 -> adjustedEMI=EUR 20.53
[11:57:25] [ProgressiveEMICalculator.java:392]    >> payPrincipal: P6 [2026-03-03->2026-04-03], txDate=2025-10-15, amount=EUR 42.75
[11:57:25] [ProgressiveEMICalculator.java:363]    >> addBalanceCorrection: date=2025-10-15, amount=EUR -42.75
[11:57:25] [InterestPeriod.java:116]       IP[2025-10-03->2025-10-15].addBalanceCorrectionAmount: before=EUR 0.00 + EUR -42.75 = EUR -42.75
[11:57:25] [ProgressiveEMICalculator.java:1139]    calculateLastUnpaidEMI: tillDate=2025-10-15, lastUnpaidPeriod=P5 [2026-02-03->2026-03-03]
[11:57:25] [ProgressiveEMICalculator.java:1139]      totalDueInterest=EUR 17.42, totalEMI=EUR 256.50, totalDisbursed=EUR 231.59, diff=EUR -7.49
[11:57:25] [ProgressiveEMICalculator.java:1139]      oldEMI=EUR 42.75 -> adjustedEMI=EUR 35.26
[11:57:25] [ProgressiveEMICalculator.java:1139]    calculateLastUnpaidEMI: tillDate=2025-10-15, lastUnpaidPeriod=P5 [2026-02-03->2026-03-03]
[11:57:25] [ProgressiveEMICalculator.java:1139]      totalDueInterest=EUR 17.42, totalEMI=EUR 249.01, totalDisbursed=EUR 231.59, diff=EUR 0.00
[11:57:25] [ProgressiveEMICalculator.java:1139]      oldEMI=EUR 35.26 -> adjustedEMI=EUR 35.26
[11:57:25] [ProgressiveEMICalculator.java:1139]    calculateLastUnpaidEMI: tillDate=2025-10-15, lastUnpaidPeriod=P5 [2026-02-03->2026-03-03]
[11:57:25] [ProgressiveEMICalculator.java:1139]      totalDueInterest=EUR 2.69, totalEMI=EUR 249.01, totalDisbursed=EUR 231.59, diff=EUR -14.73
[11:57:25] [ProgressiveEMICalculator.java:1139]      oldEMI=EUR 35.26 -> adjustedEMI=EUR 20.53
[11:57:25] [ProgressiveEMICalculator.java:1139]    calculateLastUnpaidEMI: tillDate=2025-10-15, lastUnpaidPeriod=P5 [2026-02-03->2026-03-03]
[11:57:25] [ProgressiveEMICalculator.java:1139]      totalDueInterest=EUR 17.42, totalEMI=EUR 249.01, totalDisbursed=EUR 231.59, diff=EUR 0.00
[11:57:25] [ProgressiveEMICalculator.java:1139]      oldEMI=EUR 35.26 -> adjustedEMI=EUR 35.26
[11:57:25] [ProgressiveEMICalculator.java:1139]    calculateLastUnpaidEMI: tillDate=2025-10-15, lastUnpaidPeriod=P5 [2026-02-03->2026-03-03]
[11:57:25] [ProgressiveEMICalculator.java:1139]      totalDueInterest=EUR 2.69, totalEMI=EUR 249.01, totalDisbursed=EUR 231.59, diff=EUR -14.73
[11:57:25] [ProgressiveEMICalculator.java:1139]      oldEMI=EUR 35.26 -> adjustedEMI=EUR 20.53
[11:57:25] [ProgressiveEMICalculator.java:392]    >> payPrincipal: P5 [2026-02-03->2026-03-03], txDate=2025-10-15, amount=EUR 42.75
[11:57:25] [ProgressiveEMICalculator.java:363]    >> addBalanceCorrection: date=2025-10-15, amount=EUR -42.75
[11:57:25] [InterestPeriod.java:116]       IP[2025-10-03->2025-10-15].addBalanceCorrectionAmount: before=EUR -42.75 + EUR -42.75 = EUR -85.50
[11:57:25] [ProgressiveEMICalculator.java:1139]    calculateLastUnpaidEMI: tillDate=2025-10-15, lastUnpaidPeriod=P5 [2026-02-03->2026-03-03]
[11:57:25] [ProgressiveEMICalculator.java:1139]      totalDueInterest=EUR 11.57, totalEMI=EUR 249.01, totalDisbursed=EUR 231.59, diff=EUR -5.85
[11:57:25] [ProgressiveEMICalculator.java:1139]      oldEMI=EUR 35.26 -> adjustedEMI=EUR 29.41
[11:57:25] [ProgressiveEMICalculator.java:1139]    calculateLastUnpaidEMI: tillDate=2025-10-15, lastUnpaidPeriod=P4 [2026-01-03->2026-02-03]
[11:57:25] [ProgressiveEMICalculator.java:1139]      totalDueInterest=EUR 11.57, totalEMI=EUR 256.50, totalDisbursed=EUR 231.59, diff=EUR -13.34
[11:57:25] [ProgressiveEMICalculator.java:1139]      oldEMI=EUR 42.75 -> adjustedEMI=EUR 29.41
[11:57:25] [ProgressiveEMICalculator.java:1139]    calculateLastUnpaidEMI: tillDate=2025-10-15, lastUnpaidPeriod=P4 [2026-01-03->2026-02-03]
[11:57:25] [ProgressiveEMICalculator.java:1139]      totalDueInterest=EUR 11.57, totalEMI=EUR 243.16, totalDisbursed=EUR 231.59, diff=EUR 0.00
[11:57:25] [ProgressiveEMICalculator.java:1139]      oldEMI=EUR 29.41 -> adjustedEMI=EUR 29.41
[11:57:25] [ProgressiveEMICalculator.java:1139]    calculateLastUnpaidEMI: tillDate=2025-10-15, lastUnpaidPeriod=P4 [2026-01-03->2026-02-03]
[11:57:25] [ProgressiveEMICalculator.java:1139]      totalDueInterest=EUR 2.69, totalEMI=EUR 243.16, totalDisbursed=EUR 231.59, diff=EUR -8.88
[11:57:25] [ProgressiveEMICalculator.java:1139]      oldEMI=EUR 29.41 -> adjustedEMI=EUR 20.53
[11:57:25] [ProgressiveEMICalculator.java:1139]    calculateLastUnpaidEMI: tillDate=2025-10-15, lastUnpaidPeriod=P4 [2026-01-03->2026-02-03]
[11:57:25] [ProgressiveEMICalculator.java:1139]      totalDueInterest=EUR 11.57, totalEMI=EUR 243.16, totalDisbursed=EUR 231.59, diff=EUR 0.00
[11:57:25] [ProgressiveEMICalculator.java:1139]      oldEMI=EUR 29.41 -> adjustedEMI=EUR 29.41
[11:57:25] [ProgressiveEMICalculator.java:1139]    calculateLastUnpaidEMI: tillDate=2025-10-15, lastUnpaidPeriod=P4 [2026-01-03->2026-02-03]
[11:57:25] [ProgressiveEMICalculator.java:1139]      totalDueInterest=EUR 2.69, totalEMI=EUR 243.16, totalDisbursed=EUR 231.59, diff=EUR -8.88
[11:57:25] [ProgressiveEMICalculator.java:1139]      oldEMI=EUR 29.41 -> adjustedEMI=EUR 20.53
[11:57:25] [ProgressiveEMICalculator.java:392]    >> payPrincipal: P4 [2026-01-03->2026-02-03], txDate=2025-10-15, amount=EUR 42.75
[11:57:25] [ProgressiveEMICalculator.java:363]    >> addBalanceCorrection: date=2025-10-15, amount=EUR -42.75
[11:57:25] [InterestPeriod.java:116]       IP[2025-10-03->2025-10-15].addBalanceCorrectionAmount: before=EUR -85.50 + EUR -42.75 = EUR -128.25
[11:57:25] [ProgressiveEMICalculator.java:1139]    calculateLastUnpaidEMI: tillDate=2025-10-15, lastUnpaidPeriod=P4 [2026-01-03->2026-02-03]
[11:57:25] [ProgressiveEMICalculator.java:1139]      totalDueInterest=EUR 7.27, totalEMI=EUR 243.16, totalDisbursed=EUR 231.59, diff=EUR -4.30
[11:57:25] [ProgressiveEMICalculator.java:1139]      oldEMI=EUR 29.41 -> adjustedEMI=EUR 25.11
[11:57:25] [ProgressiveEMICalculator.java:1139]    calculateLastUnpaidEMI: tillDate=2025-10-15, lastUnpaidPeriod=P3 [2025-12-03->2026-01-03]
[11:57:25] [ProgressiveEMICalculator.java:1139]      totalDueInterest=EUR 7.27, totalEMI=EUR 256.50, totalDisbursed=EUR 231.59, diff=EUR -17.64
[11:57:25] [ProgressiveEMICalculator.java:1139]      oldEMI=EUR 42.75 -> adjustedEMI=EUR 25.11
[11:57:25] [ProgressiveEMICalculator.java:1139]    calculateLastUnpaidEMI: tillDate=2025-10-15, lastUnpaidPeriod=P3 [2025-12-03->2026-01-03]
[11:57:25] [ProgressiveEMICalculator.java:1139]      totalDueInterest=EUR 7.27, totalEMI=EUR 238.86, totalDisbursed=EUR 231.59, diff=EUR 0.00
[11:57:25] [ProgressiveEMICalculator.java:1139]      oldEMI=EUR 25.11 -> adjustedEMI=EUR 25.11
[11:57:25] [ProgressiveEMICalculator.java:1139]    calculateLastUnpaidEMI: tillDate=2025-10-15, lastUnpaidPeriod=P3 [2025-12-03->2026-01-03]
[11:57:25] [ProgressiveEMICalculator.java:1139]      totalDueInterest=EUR 2.69, totalEMI=EUR 238.86, totalDisbursed=EUR 231.59, diff=EUR -4.58
[11:57:25] [ProgressiveEMICalculator.java:1139]      oldEMI=EUR 25.11 -> adjustedEMI=EUR 20.53
[11:57:25] [ProgressiveEMICalculator.java:1139]    calculateLastUnpaidEMI: tillDate=2025-10-15, lastUnpaidPeriod=P3 [2025-12-03->2026-01-03]
[11:57:25] [ProgressiveEMICalculator.java:1139]      totalDueInterest=EUR 7.27, totalEMI=EUR 238.86, totalDisbursed=EUR 231.59, diff=EUR 0.00
[11:57:25] [ProgressiveEMICalculator.java:1139]      oldEMI=EUR 25.11 -> adjustedEMI=EUR 25.11
[11:57:25] [ProgressiveEMICalculator.java:1139]    calculateLastUnpaidEMI: tillDate=2025-10-15, lastUnpaidPeriod=P3 [2025-12-03->2026-01-03]
[11:57:25] [ProgressiveEMICalculator.java:1139]      totalDueInterest=EUR 2.69, totalEMI=EUR 238.86, totalDisbursed=EUR 231.59, diff=EUR -4.58
[11:57:25] [ProgressiveEMICalculator.java:1139]      oldEMI=EUR 25.11 -> adjustedEMI=EUR 20.53
[11:57:25] [ProgressiveEMICalculator.java:392]    >> payPrincipal: P3 [2025-12-03->2026-01-03], txDate=2025-10-15, amount=EUR 42.75
[11:57:25] [ProgressiveEMICalculator.java:363]    >> addBalanceCorrection: date=2025-10-15, amount=EUR -42.75
[11:57:25] [InterestPeriod.java:116]       IP[2025-10-03->2025-10-15].addBalanceCorrectionAmount: before=EUR -128.25 + EUR -42.75 = EUR -171.00
[11:57:25] [ProgressiveEMICalculator.java:1139]    calculateLastUnpaidEMI: tillDate=2025-10-15, lastUnpaidPeriod=P3 [2025-12-03->2026-01-03]
[11:57:25] [ProgressiveEMICalculator.java:1139]      totalDueInterest=EUR 4.45, totalEMI=EUR 238.86, totalDisbursed=EUR 231.59, diff=EUR -2.82
[11:57:25] [ProgressiveEMICalculator.java:1139]      oldEMI=EUR 25.11 -> adjustedEMI=EUR 22.29
[11:57:25] [ProgressiveEMICalculator.java:1139]    calculateLastUnpaidEMI: tillDate=2025-10-15, lastUnpaidPeriod=P2 [2025-11-03->2025-12-03]
[11:57:25] [ProgressiveEMICalculator.java:1139]      totalDueInterest=EUR 4.45, totalEMI=EUR 256.50, totalDisbursed=EUR 231.59, diff=EUR -20.46
[11:57:25] [ProgressiveEMICalculator.java:1139]      oldEMI=EUR 42.75 -> adjustedEMI=EUR 22.29
[11:57:25] [ProgressiveEMICalculator.java:1139]    calculateLastUnpaidEMI: tillDate=2025-10-15, lastUnpaidPeriod=P2 [2025-11-03->2025-12-03]
[11:57:25] [ProgressiveEMICalculator.java:1139]      totalDueInterest=EUR 4.45, totalEMI=EUR 236.04, totalDisbursed=EUR 231.59, diff=EUR 0.00
[11:57:25] [ProgressiveEMICalculator.java:1139]      oldEMI=EUR 22.29 -> adjustedEMI=EUR 22.29
[11:57:25] [ProgressiveEMICalculator.java:1139]    calculateLastUnpaidEMI: tillDate=2025-10-15, lastUnpaidPeriod=P2 [2025-11-03->2025-12-03]
[11:57:25] [ProgressiveEMICalculator.java:1139]      totalDueInterest=EUR 2.69, totalEMI=EUR 236.04, totalDisbursed=EUR 231.59, diff=EUR -1.76
[11:57:25] [ProgressiveEMICalculator.java:1139]      oldEMI=EUR 22.29 -> adjustedEMI=EUR 20.53
[11:57:25] [ProgressiveEMICalculator.java:1139]    calculateLastUnpaidEMI: tillDate=2025-10-15, lastUnpaidPeriod=P2 [2025-11-03->2025-12-03]
[11:57:25] [ProgressiveEMICalculator.java:1139]      totalDueInterest=EUR 4.45, totalEMI=EUR 236.04, totalDisbursed=EUR 231.59, diff=EUR 0.00
[11:57:25] [ProgressiveEMICalculator.java:1139]      oldEMI=EUR 22.29 -> adjustedEMI=EUR 22.29
[11:57:25] [ProgressiveEMICalculator.java:1139]    calculateLastUnpaidEMI: tillDate=2025-10-15, lastUnpaidPeriod=P2 [2025-11-03->2025-12-03]
[11:57:25] [ProgressiveEMICalculator.java:1139]      totalDueInterest=EUR 2.69, totalEMI=EUR 236.04, totalDisbursed=EUR 231.59, diff=EUR -1.76
[11:57:25] [ProgressiveEMICalculator.java:1139]      oldEMI=EUR 22.29 -> adjustedEMI=EUR 20.53
[11:57:25] [ProgressiveEMICalculator.java:392]    >> payPrincipal: P2 [2025-11-03->2025-12-03], txDate=2025-10-15, amount=EUR 42.75
[11:57:25] [ProgressiveEMICalculator.java:363]    >> addBalanceCorrection: date=2025-10-15, amount=EUR -42.75
[11:57:25] [InterestPeriod.java:116]       IP[2025-10-03->2025-10-15].addBalanceCorrectionAmount: before=EUR -171.00 + EUR -42.75 = EUR -213.75
[11:57:25] [ProgressiveEMICalculator.java:1139]    calculateLastUnpaidEMI: tillDate=2025-10-15, lastUnpaidPeriod=P2 [2025-11-03->2025-12-03]
[11:57:25] [ProgressiveEMICalculator.java:1139]      totalDueInterest=EUR 3.02, totalEMI=EUR 214.15, totalDisbursed=EUR 231.59, diff=EUR 20.46
[11:57:25] [ProgressiveEMICalculator.java:1139]      oldEMI=EUR 22.29 -> adjustedEMI=EUR 42.75
[11:57:25] [ProgressiveEMICalculator.java:1139]    calculateLastUnpaidEMI: tillDate=2025-10-15, lastUnpaidPeriod=P1 [2025-10-03->2025-11-03]
[11:57:25] [ProgressiveEMICalculator.java:1139]      totalDueInterest=EUR 3.02, totalEMI=EUR 234.61, totalDisbursed=EUR 231.59, diff=EUR 0.00
[11:57:25] [ProgressiveEMICalculator.java:1139]      oldEMI=EUR 20.86 -> adjustedEMI=EUR 20.86
[11:57:25] [ProgressiveEMICalculator.java:1139]    calculateLastUnpaidEMI: tillDate=2025-10-15, lastUnpaidPeriod=P1 [2025-10-03->2025-11-03]
[11:57:25] [ProgressiveEMICalculator.java:1139]      totalDueInterest=EUR 2.69, totalEMI=EUR 234.28, totalDisbursed=EUR 231.59, diff=EUR 0.00
[11:57:25] [ProgressiveEMICalculator.java:1139]      oldEMI=EUR 20.53 -> adjustedEMI=EUR 20.53
[11:57:25] [ProgressiveEMICalculator.java:1139]    calculateLastUnpaidEMI: tillDate=2025-10-15, lastUnpaidPeriod=P1 [2025-10-03->2025-11-03]
[11:57:25] [ProgressiveEMICalculator.java:1139]      totalDueInterest=EUR 3.02, totalEMI=EUR 234.61, totalDisbursed=EUR 231.59, diff=EUR 0.00
[11:57:25] [ProgressiveEMICalculator.java:1139]      oldEMI=EUR 20.86 -> adjustedEMI=EUR 20.86
[11:57:25] [ProgressiveEMICalculator.java:1139]    calculateLastUnpaidEMI: tillDate=2025-10-15, lastUnpaidPeriod=P1 [2025-10-03->2025-11-03]
[11:57:25] [ProgressiveEMICalculator.java:1139]      totalDueInterest=EUR 2.69, totalEMI=EUR 234.28, totalDisbursed=EUR 231.59, diff=EUR 0.00
[11:57:25] [ProgressiveEMICalculator.java:1139]      oldEMI=EUR 20.53 -> adjustedEMI=EUR 20.53
[11:57:25] [ProgressiveEMICalculator.java:392]    >> payPrincipal: P1 [2025-10-03->2025-11-03], txDate=2025-10-15, amount=EUR 7.08
[11:57:25] [ProgressiveEMICalculator.java:363]    >> addBalanceCorrection: date=2025-10-15, amount=EUR -7.08
[11:57:25] [InterestPeriod.java:116]       IP[2025-10-03->2025-10-15].addBalanceCorrectionAmount: before=EUR -213.75 + EUR -7.08 = EUR -220.83
[11:57:25] [ProgressiveEMICalculator.java:1139]    calculateLastUnpaidEMI: tillDate=2025-10-15, lastUnpaidPeriod=P1 [2025-10-03->2025-11-03]
[11:57:25] [ProgressiveEMICalculator.java:1139]      totalDueInterest=EUR 2.89, totalEMI=EUR 234.48, totalDisbursed=EUR 231.59, diff=EUR 0.00
[11:57:25] [ProgressiveEMICalculator.java:1139]      oldEMI=EUR 20.73 -> adjustedEMI=EUR 20.73
[11:57:25] [ProgressiveEMICalculator.java:1139]    calculateLastUnpaidEMI: tillDate=2025-10-15, lastUnpaidPeriod=P1 [2025-10-03->2025-11-03]
[11:57:25] [ProgressiveEMICalculator.java:1139]      totalDueInterest=EUR 2.69, totalEMI=EUR 234.28, totalDisbursed=EUR 231.59, diff=EUR 0.00
[11:57:25] [ProgressiveEMICalculator.java:1139]      oldEMI=EUR 20.53 -> adjustedEMI=EUR 20.53
[11:57:25] [ProgressiveEMICalculator.java:1139]    calculateLastUnpaidEMI: tillDate=2025-10-15, lastUnpaidPeriod=P1 [2025-10-03->2025-11-03]
[11:57:25] [ProgressiveEMICalculator.java:1139]      totalDueInterest=EUR 2.89, totalEMI=EUR 234.48, totalDisbursed=EUR 231.59, diff=EUR 0.00
[11:57:25] [ProgressiveEMICalculator.java:1139]      oldEMI=EUR 20.73 -> adjustedEMI=EUR 20.73
[11:57:25] [AdvancedPaymentScheduleTransactionProcessor.java:512] --- MODEL DUMP: AFTER processLatestTransaction MERCHANT_ISSUED_REFUND 2025-10-15 ---
[11:57:25] [AdvancedPaymentScheduleTransactionProcessor.java:512]   lastOverdueBalanceChange=null totalDuePrincipal=EUR 231.59 totalPaidPrincipal=EUR 220.83
[11:57:25] [AdvancedPaymentScheduleTransactionProcessor.java:512]   P1 [2025-10-03 -> 2025-11-03]: EMI=EUR 20.73 origEMI=EUR 42.75 calcDueInterest=EUR 2.89 dueInterest=EUR 2.89 duePrincipal=EUR 17.84 paidP=EUR 7.08 paidI=EUR 0.00 outstandingP=EUR 10.76 outstandingBal=EUR 0.00 fullyPaid=false
[11:57:25] [AdvancedPaymentScheduleTransactionProcessor.java:512]     IP1 [2025-10-03 -> 2025-10-03]: balCorr=EUR 0.00 outBal=EUR 0.00 disb=EUR 231.59 calcDueInt=0 rateFactor=0E-19 rateFactorTillDue=0.0299916666666666667
[11:57:25] [AdvancedPaymentScheduleTransactionProcessor.java:512]     IP2 [2025-10-03 -> 2025-10-15]: balCorr=EUR -220.83 outBal=EUR 231.59 disb=EUR 0.00 calcDueInt=2.688685193548387099 rateFactor=0.0116096774193548387 rateFactorTillDue=0.0299916666666666667
[11:57:25] [AdvancedPaymentScheduleTransactionProcessor.java:512]     IP3 [2025-10-15 -> 2025-11-03]: balCorr=EUR 0.00 outBal=EUR 10.76 disb=EUR 0.00 calcDueInt=0.1977902043010752693 rateFactor=0.0183819892473118280 rateFactorTillDue=0.0183819892473118280
[11:57:25] [AdvancedPaymentScheduleTransactionProcessor.java:512]   P2 [2025-11-03 -> 2025-12-03]: EMI=EUR 42.75 origEMI=EUR 42.75 calcDueInterest=EUR 0.00 dueInterest=EUR 0.00 duePrincipal=EUR 42.75 paidP=EUR 42.75 paidI=EUR 0.00 outstandingP=EUR 0.00 outstandingBal=EUR 0.00 fullyPaid=true
[11:57:25] [AdvancedPaymentScheduleTransactionProcessor.java:512]     IP1 [2025-11-03 -> 2025-12-03]: balCorr=EUR 0.00 outBal=EUR 0.00 disb=EUR 0.00 calcDueInt=0 rateFactor=0.0299916666666666667 rateFactorTillDue=0.0299916666666666667
[11:57:25] [AdvancedPaymentScheduleTransactionProcessor.java:512]   P3 [2025-12-03 -> 2026-01-03]: EMI=EUR 42.75 origEMI=EUR 42.75 calcDueInterest=EUR 0.00 dueInterest=EUR 0.00 duePrincipal=EUR 42.75 paidP=EUR 42.75 paidI=EUR 0.00 outstandingP=EUR 0.00 outstandingBal=EUR 0.00 fullyPaid=true
[11:57:25] [AdvancedPaymentScheduleTransactionProcessor.java:512]     IP1 [2025-12-03 -> 2026-01-03]: balCorr=EUR 0.00 outBal=EUR 0.00 disb=EUR 0.00 calcDueInt=0 rateFactor=0.0299916666666666667 rateFactorTillDue=0.0299916666666666667
[11:57:25] [AdvancedPaymentScheduleTransactionProcessor.java:512]   P4 [2026-01-03 -> 2026-02-03]: EMI=EUR 42.75 origEMI=EUR 42.75 calcDueInterest=EUR 0.00 dueInterest=EUR 0.00 duePrincipal=EUR 42.75 paidP=EUR 42.75 paidI=EUR 0.00 outstandingP=EUR 0.00 outstandingBal=EUR 0.00 fullyPaid=true
[11:57:25] [AdvancedPaymentScheduleTransactionProcessor.java:512]     IP1 [2026-01-03 -> 2026-02-03]: balCorr=EUR 0.00 outBal=EUR 0.00 disb=EUR 0.00 calcDueInt=0 rateFactor=0.0299916666666666667 rateFactorTillDue=0.0299916666666666667
[11:57:25] [AdvancedPaymentScheduleTransactionProcessor.java:512]   P5 [2026-02-03 -> 2026-03-03]: EMI=EUR 42.75 origEMI=EUR 42.75 calcDueInterest=EUR 0.00 dueInterest=EUR 0.00 duePrincipal=EUR 42.75 paidP=EUR 42.75 paidI=EUR 0.00 outstandingP=EUR 0.00 outstandingBal=EUR 0.00 fullyPaid=true
[11:57:25] [AdvancedPaymentScheduleTransactionProcessor.java:512]     IP1 [2026-02-03 -> 2026-03-03]: balCorr=EUR 0.00 outBal=EUR 0.00 disb=EUR 0.00 calcDueInt=0 rateFactor=0.0299916666666666667 rateFactorTillDue=0.0299916666666666667
[11:57:25] [AdvancedPaymentScheduleTransactionProcessor.java:512]   P6 [2026-03-03 -> 2026-04-03]: EMI=EUR 42.75 origEMI=EUR 42.75 calcDueInterest=EUR 0.00 dueInterest=EUR 0.00 duePrincipal=EUR 42.75 paidP=EUR 42.75 paidI=EUR 0.00 outstandingP=EUR 0.00 outstandingBal=EUR 0.00 fullyPaid=true
[11:57:25] [AdvancedPaymentScheduleTransactionProcessor.java:512]     IP1 [2026-03-03 -> 2026-04-03]: balCorr=EUR 0.00 outBal=EUR 0.00 disb=EUR 0.00 calcDueInt=0 rateFactor=0.0299916666666666667 rateFactorTillDue=0.0299916666666666667
[11:57:25] [AdvancedPaymentScheduleTransactionProcessor.java:512] --- END MODEL DUMP ---
[11:57:25] [AdvancedPaymentScheduleTransactionProcessor.java:482]   >> processLatestTransaction: type=INTEREST_REFUND, date=2025-10-15, amount=2.57
[11:57:25] [ProgressiveEMICalculator.java:1139]    calculateLastUnpaidEMI: tillDate=2025-11-03, lastUnpaidPeriod=P1 [2025-10-03->2025-11-03]
[11:57:25] [ProgressiveEMICalculator.java:1139]      totalDueInterest=EUR 2.89, totalEMI=EUR 234.48, totalDisbursed=EUR 231.59, diff=EUR 0.00
[11:57:25] [ProgressiveEMICalculator.java:1139]      oldEMI=EUR 20.73 -> adjustedEMI=EUR 20.73
[11:57:25] [AdvancedPaymentScheduleTransactionProcessor.java:1879]   recalculateInterestForDate[recalculateInterestForDate]: targetDate=2025-10-15, modelHasUpdates=false
[11:57:25] [ProgressiveEMICalculator.java:1139]    calculateLastUnpaidEMI: tillDate=2025-10-15, lastUnpaidPeriod=P1 [2025-10-03->2025-11-03]
[11:57:25] [ProgressiveEMICalculator.java:1139]      totalDueInterest=EUR 2.69, totalEMI=EUR 234.28, totalDisbursed=EUR 231.59, diff=EUR 0.00
[11:57:25] [ProgressiveEMICalculator.java:1139]      oldEMI=EUR 20.53 -> adjustedEMI=EUR 20.53
[11:57:25] [ProgressiveEMICalculator.java:1139]    calculateLastUnpaidEMI: tillDate=2025-11-03, lastUnpaidPeriod=P6 [2026-03-03->2026-04-03]
[11:57:25] [ProgressiveEMICalculator.java:1139]      totalDueInterest=EUR 24.91, totalEMI=EUR 256.50, totalDisbursed=EUR 231.59, diff=EUR 0.00
[11:57:25] [ProgressiveEMICalculator.java:1139]      oldEMI=EUR 42.75 -> adjustedEMI=EUR 42.75
[11:57:25] [AdvancedPaymentScheduleTransactionProcessor.java:240] ======== === NEW REPROCESSING CYCLE === ========
[11:57:25] [AdvancedPaymentScheduleTransactionProcessor.java:241] ======== REPROCESSING START ========
[11:57:25] [AdvancedPaymentScheduleTransactionProcessor.java:241] reprocessProgressiveLoanTransactions: targetDate=2025-10-15, operations=2
[11:57:25] [AdvancedPaymentScheduleTransactionProcessor.java:242] --- MODEL DUMP: INITIAL MODEL ---
[11:57:25] [AdvancedPaymentScheduleTransactionProcessor.java:242]   lastOverdueBalanceChange=null totalDuePrincipal=EUR 0.00 totalPaidPrincipal=EUR 0.00
[11:57:25] [AdvancedPaymentScheduleTransactionProcessor.java:242]   P1 [2025-10-03 -> 2025-11-03]: EMI=EUR 0.00 origEMI=EUR 0.00 calcDueInterest=EUR 0.00 dueInterest=EUR 0.00 duePrincipal=EUR 0.00 paidP=EUR 0.00 paidI=EUR 0.00 outstandingP=EUR 0.00 outstandingBal=EUR 0.00 fullyPaid=true
[11:57:25] [AdvancedPaymentScheduleTransactionProcessor.java:242]     IP1 [2025-10-03 -> 2025-11-03]: balCorr=EUR 0.00 outBal=EUR 0.00 disb=EUR 0.00 calcDueInt=0 rateFactor=0 rateFactorTillDue=0
[11:57:25] [AdvancedPaymentScheduleTransactionProcessor.java:242]   P2 [2025-11-03 -> 2025-12-03]: EMI=EUR 0.00 origEMI=EUR 0.00 calcDueInterest=EUR 0.00 dueInterest=EUR 0.00 duePrincipal=EUR 0.00 paidP=EUR 0.00 paidI=EUR 0.00 outstandingP=EUR 0.00 outstandingBal=EUR 0.00 fullyPaid=true
[11:57:25] [AdvancedPaymentScheduleTransactionProcessor.java:242]     IP1 [2025-11-03 -> 2025-12-03]: balCorr=EUR 0.00 outBal=EUR 0.00 disb=EUR 0.00 calcDueInt=0 rateFactor=0 rateFactorTillDue=0
[11:57:25] [AdvancedPaymentScheduleTransactionProcessor.java:242]   P3 [2025-12-03 -> 2026-01-03]: EMI=EUR 0.00 origEMI=EUR 0.00 calcDueInterest=EUR 0.00 dueInterest=EUR 0.00 duePrincipal=EUR 0.00 paidP=EUR 0.00 paidI=EUR 0.00 outstandingP=EUR 0.00 outstandingBal=EUR 0.00 fullyPaid=true
[11:57:25] [AdvancedPaymentScheduleTransactionProcessor.java:242]     IP1 [2025-12-03 -> 2026-01-03]: balCorr=EUR 0.00 outBal=EUR 0.00 disb=EUR 0.00 calcDueInt=0 rateFactor=0 rateFactorTillDue=0
[11:57:25] [AdvancedPaymentScheduleTransactionProcessor.java:242]   P4 [2026-01-03 -> 2026-02-03]: EMI=EUR 0.00 origEMI=EUR 0.00 calcDueInterest=EUR 0.00 dueInterest=EUR 0.00 duePrincipal=EUR 0.00 paidP=EUR 0.00 paidI=EUR 0.00 outstandingP=EUR 0.00 outstandingBal=EUR 0.00 fullyPaid=true
[11:57:25] [AdvancedPaymentScheduleTransactionProcessor.java:242]     IP1 [2026-01-03 -> 2026-02-03]: balCorr=EUR 0.00 outBal=EUR 0.00 disb=EUR 0.00 calcDueInt=0 rateFactor=0 rateFactorTillDue=0
[11:57:25] [AdvancedPaymentScheduleTransactionProcessor.java:242]   P5 [2026-02-03 -> 2026-03-03]: EMI=EUR 0.00 origEMI=EUR 0.00 calcDueInterest=EUR 0.00 dueInterest=EUR 0.00 duePrincipal=EUR 0.00 paidP=EUR 0.00 paidI=EUR 0.00 outstandingP=EUR 0.00 outstandingBal=EUR 0.00 fullyPaid=true
[11:57:25] [AdvancedPaymentScheduleTransactionProcessor.java:242]     IP1 [2026-02-03 -> 2026-03-03]: balCorr=EUR 0.00 outBal=EUR 0.00 disb=EUR 0.00 calcDueInt=0 rateFactor=0 rateFactorTillDue=0
[11:57:25] [AdvancedPaymentScheduleTransactionProcessor.java:242]   P6 [2026-03-03 -> 2026-04-03]: EMI=EUR 0.00 origEMI=EUR 0.00 calcDueInterest=EUR 0.00 dueInterest=EUR 0.00 duePrincipal=EUR 0.00 paidP=EUR 0.00 paidI=EUR 0.00 outstandingP=EUR 0.00 outstandingBal=EUR 0.00 fullyPaid=true
[11:57:25] [AdvancedPaymentScheduleTransactionProcessor.java:242]     IP1 [2026-03-03 -> 2026-04-03]: balCorr=EUR 0.00 outBal=EUR 0.00 disb=EUR 0.00 calcDueInt=0 rateFactor=0 rateFactorTillDue=0
[11:57:25] [AdvancedPaymentScheduleTransactionProcessor.java:242] --- END MODEL DUMP ---
[11:57:25] [AdvancedPaymentScheduleTransactionProcessor.java:265]   >> processSingleTransaction: type=DISBURSEMENT, date=2025-10-03, amount=231.590000, reversed=false
[11:57:25] [AdvancedPaymentScheduleTransactionProcessor.java:482]   >> processLatestTransaction: type=DISBURSEMENT, date=2025-10-03, amount=231.590000
[11:57:25] [AdvancedPaymentScheduleTransactionProcessor.java:1879]   recalculateInterestForDate[recalculateInterestForDate]: targetDate=2025-10-03, modelHasUpdates=false
[11:57:25] [ProgressiveEMICalculator.java:1139]    calculateLastUnpaidEMI: tillDate=2025-11-03, lastUnpaidPeriod=P6 [2026-03-03->2026-04-03]
[11:57:25] [ProgressiveEMICalculator.java:1139]      totalDueInterest=EUR 24.91, totalEMI=EUR 256.50, totalDisbursed=EUR 231.59, diff=EUR 0.00
[11:57:25] [ProgressiveEMICalculator.java:1139]      oldEMI=EUR 42.75 -> adjustedEMI=EUR 42.75
[11:57:25] [AdvancedPaymentScheduleTransactionProcessor.java:512] --- MODEL DUMP: AFTER processLatestTransaction DISBURSEMENT 2025-10-03 ---
[11:57:25] [AdvancedPaymentScheduleTransactionProcessor.java:512]   lastOverdueBalanceChange=null totalDuePrincipal=EUR 231.59 totalPaidPrincipal=EUR 0.00
[11:57:25] [AdvancedPaymentScheduleTransactionProcessor.java:512]   P1 [2025-10-03 -> 2025-11-03]: EMI=EUR 42.75 origEMI=EUR 42.75 calcDueInterest=EUR 6.95 dueInterest=EUR 6.95 duePrincipal=EUR 35.80 paidP=EUR 0.00 paidI=EUR 0.00 outstandingP=EUR 35.80 outstandingBal=EUR 195.79 fullyPaid=false
[11:57:25] [AdvancedPaymentScheduleTransactionProcessor.java:512]     IP1 [2025-10-03 -> 2025-10-03]: balCorr=EUR 0.00 outBal=EUR 0.00 disb=EUR 231.59 calcDueInt=0 rateFactor=0E-19 rateFactorTillDue=0.0299916666666666667
[11:57:25] [AdvancedPaymentScheduleTransactionProcessor.java:512]     IP2 [2025-10-03 -> 2025-11-03]: balCorr=EUR 0.00 outBal=EUR 231.59 disb=EUR 0.00 calcDueInt=6.945770083333333340 rateFactor=0.0299916666666666667 rateFactorTillDue=0.0299916666666666667
[11:57:25] [AdvancedPaymentScheduleTransactionProcessor.java:512]   P2 [2025-11-03 -> 2025-12-03]: EMI=EUR 42.75 origEMI=EUR 42.75 calcDueInterest=EUR 5.87 dueInterest=EUR 5.87 duePrincipal=EUR 36.88 paidP=EUR 0.00 paidI=EUR 0.00 outstandingP=EUR 36.88 outstandingBal=EUR 158.91 fullyPaid=false
[11:57:25] [AdvancedPaymentScheduleTransactionProcessor.java:512]     IP1 [2025-11-03 -> 2025-12-03]: balCorr=EUR 0.00 outBal=EUR 195.79 disb=EUR 0.00 calcDueInt=5.872068416666666673 rateFactor=0.0299916666666666667 rateFactorTillDue=0.0299916666666666667
[11:57:25] [AdvancedPaymentScheduleTransactionProcessor.java:512]   P3 [2025-12-03 -> 2026-01-03]: EMI=EUR 42.75 origEMI=EUR 42.75 calcDueInterest=EUR 4.77 dueInterest=EUR 4.77 duePrincipal=EUR 37.98 paidP=EUR 0.00 paidI=EUR 0.00 outstandingP=EUR 37.98 outstandingBal=EUR 120.93 fullyPaid=false
[11:57:25] [AdvancedPaymentScheduleTransactionProcessor.java:512]     IP1 [2025-12-03 -> 2026-01-03]: balCorr=EUR 0.00 outBal=EUR 158.91 disb=EUR 0.00 calcDueInt=4.765975750000000006 rateFactor=0.0299916666666666667 rateFactorTillDue=0.0299916666666666667
[11:57:25] [AdvancedPaymentScheduleTransactionProcessor.java:512]   P4 [2026-01-03 -> 2026-02-03]: EMI=EUR 42.75 origEMI=EUR 42.75 calcDueInterest=EUR 3.63 dueInterest=EUR 3.63 duePrincipal=EUR 39.12 paidP=EUR 0.00 paidI=EUR 0.00 outstandingP=EUR 39.12 outstandingBal=EUR 81.81 fullyPaid=false
[11:57:25] [AdvancedPaymentScheduleTransactionProcessor.java:512]     IP1 [2026-01-03 -> 2026-02-03]: balCorr=EUR 0.00 outBal=EUR 120.93 disb=EUR 0.00 calcDueInt=3.626892250000000003 rateFactor=0.0299916666666666667 rateFactorTillDue=0.0299916666666666667
[11:57:25] [AdvancedPaymentScheduleTransactionProcessor.java:512]   P5 [2026-02-03 -> 2026-03-03]: EMI=EUR 42.75 origEMI=EUR 42.75 calcDueInterest=EUR 2.45 dueInterest=EUR 2.45 duePrincipal=EUR 40.30 paidP=EUR 0.00 paidI=EUR 0.00 outstandingP=EUR 40.30 outstandingBal=EUR 41.51 fullyPaid=false
[11:57:25] [AdvancedPaymentScheduleTransactionProcessor.java:512]     IP1 [2026-02-03 -> 2026-03-03]: balCorr=EUR 0.00 outBal=EUR 81.81 disb=EUR 0.00 calcDueInt=2.453618250000000003 rateFactor=0.0299916666666666667 rateFactorTillDue=0.0299916666666666667
[11:57:25] [AdvancedPaymentScheduleTransactionProcessor.java:512]   P6 [2026-03-03 -> 2026-04-03]: EMI=EUR 42.75 origEMI=EUR 42.75 calcDueInterest=EUR 1.24 dueInterest=EUR 1.24 duePrincipal=EUR 41.51 paidP=EUR 0.00 paidI=EUR 0.00 outstandingP=EUR 41.51 outstandingBal=EUR 0.00 fullyPaid=false
[11:57:25] [AdvancedPaymentScheduleTransactionProcessor.java:512]     IP1 [2026-03-03 -> 2026-04-03]: balCorr=EUR 0.00 outBal=EUR 41.51 disb=EUR 0.00 calcDueInt=1.244954083333333335 rateFactor=0.0299916666666666667 rateFactorTillDue=0.0299916666666666667
[11:57:25] [AdvancedPaymentScheduleTransactionProcessor.java:512] --- END MODEL DUMP ---
[11:57:25] [AdvancedPaymentScheduleTransactionProcessor.java:265]   >> processSingleTransaction: type=REPAYMENT, date=2025-10-03, amount=220.83, reversed=false
[11:57:25] [AdvancedPaymentScheduleTransactionProcessor.java:482]   >> processLatestTransaction: type=REPAYMENT, date=2025-10-03, amount=220.83
[11:57:25] [ProgressiveEMICalculator.java:1139]    calculateLastUnpaidEMI: tillDate=2025-11-03, lastUnpaidPeriod=P6 [2026-03-03->2026-04-03]
[11:57:25] [ProgressiveEMICalculator.java:1139]      totalDueInterest=EUR 6.95, totalEMI=EUR 256.50, totalDisbursed=EUR 231.59, diff=EUR -17.96
[11:57:25] [ProgressiveEMICalculator.java:1139]      oldEMI=EUR 42.75 -> adjustedEMI=EUR 24.79
[11:57:25] [AdvancedPaymentScheduleTransactionProcessor.java:1879]   recalculateInterestForDate[recalculateInterestForDate]: targetDate=2025-10-03, modelHasUpdates=false
[11:57:25] [ProgressiveEMICalculator.java:1139]    calculateLastUnpaidEMI: tillDate=2025-10-03, lastUnpaidPeriod=P6 [2026-03-03->2026-04-03]
[11:57:25] [ProgressiveEMICalculator.java:1139]      totalDueInterest=EUR 0.00, totalEMI=EUR 256.50, totalDisbursed=EUR 231.59, diff=EUR -24.91
[11:57:25] [ProgressiveEMICalculator.java:1139]      oldEMI=EUR 42.75 -> adjustedEMI=EUR 17.84
[11:57:25] [ProgressiveEMICalculator.java:1139]    calculateLastUnpaidEMI: tillDate=2025-10-03, lastUnpaidPeriod=P6 [2026-03-03->2026-04-03]
[11:57:25] [ProgressiveEMICalculator.java:1139]      totalDueInterest=EUR 24.91, totalEMI=EUR 256.50, totalDisbursed=EUR 231.59, diff=EUR 0.00
[11:57:25] [ProgressiveEMICalculator.java:1139]      oldEMI=EUR 42.75 -> adjustedEMI=EUR 42.75
[11:57:25] [ProgressiveEMICalculator.java:1139]    calculateLastUnpaidEMI: tillDate=2025-10-03, lastUnpaidPeriod=P6 [2026-03-03->2026-04-03]
[11:57:25] [ProgressiveEMICalculator.java:1139]      totalDueInterest=EUR 0.00, totalEMI=EUR 256.50, totalDisbursed=EUR 231.59, diff=EUR -24.91
[11:57:25] [ProgressiveEMICalculator.java:1139]      oldEMI=EUR 42.75 -> adjustedEMI=EUR 17.84
[11:57:25] [ProgressiveEMICalculator.java:392]    >> payPrincipal: P1 [2025-10-03->2025-11-03], txDate=2025-10-03, amount=EUR 42.75
[11:57:25] [ProgressiveEMICalculator.java:363]    >> addBalanceCorrection: date=2025-10-03, amount=EUR -42.75
[11:57:25] [InterestPeriod.java:116]       IP[2025-10-03->2025-10-03].addBalanceCorrectionAmount: before=EUR 0.00 + EUR -42.75 = EUR -42.75
[11:57:25] [ProgressiveEMICalculator.java:1139]    calculateLastUnpaidEMI: tillDate=2025-10-03, lastUnpaidPeriod=P6 [2026-03-03->2026-04-03]
[11:57:25] [ProgressiveEMICalculator.java:1139]      totalDueInterest=EUR 23.23, totalEMI=EUR 256.50, totalDisbursed=EUR 231.59, diff=EUR -1.68
[11:57:25] [ProgressiveEMICalculator.java:1139]      oldEMI=EUR 42.75 -> adjustedEMI=EUR 41.07
[11:57:25] [ProgressiveEMICalculator.java:1139]    calculateLastUnpaidEMI: tillDate=2025-10-03, lastUnpaidPeriod=P6 [2026-03-03->2026-04-03]
[11:57:25] [ProgressiveEMICalculator.java:1139]      totalDueInterest=EUR 23.23, totalEMI=EUR 254.82, totalDisbursed=EUR 231.59, diff=EUR 0.00
[11:57:25] [ProgressiveEMICalculator.java:1139]      oldEMI=EUR 41.07 -> adjustedEMI=EUR 41.07
[11:57:25] [ProgressiveEMICalculator.java:1139]    calculateLastUnpaidEMI: tillDate=2025-10-03, lastUnpaidPeriod=P6 [2026-03-03->2026-04-03]
[11:57:25] [ProgressiveEMICalculator.java:1139]      totalDueInterest=EUR 0.00, totalEMI=EUR 254.82, totalDisbursed=EUR 231.59, diff=EUR -23.23
[11:57:25] [ProgressiveEMICalculator.java:1139]      oldEMI=EUR 41.07 -> adjustedEMI=EUR 17.84
[11:57:25] [ProgressiveEMICalculator.java:1139]    calculateLastUnpaidEMI: tillDate=2025-10-03, lastUnpaidPeriod=P6 [2026-03-03->2026-04-03]
[11:57:25] [ProgressiveEMICalculator.java:1139]      totalDueInterest=EUR 23.23, totalEMI=EUR 254.82, totalDisbursed=EUR 231.59, diff=EUR 0.00
[11:57:25] [ProgressiveEMICalculator.java:1139]      oldEMI=EUR 41.07 -> adjustedEMI=EUR 41.07
[11:57:25] [ProgressiveEMICalculator.java:1139]    calculateLastUnpaidEMI: tillDate=2025-10-03, lastUnpaidPeriod=P6 [2026-03-03->2026-04-03]
[11:57:25] [ProgressiveEMICalculator.java:1139]      totalDueInterest=EUR 0.00, totalEMI=EUR 254.82, totalDisbursed=EUR 231.59, diff=EUR -23.23
[11:57:25] [ProgressiveEMICalculator.java:1139]      oldEMI=EUR 41.07 -> adjustedEMI=EUR 17.84
[11:57:25] [ProgressiveEMICalculator.java:392]    >> payPrincipal: P2 [2025-11-03->2025-12-03], txDate=2025-10-03, amount=EUR 42.75
[11:57:25] [ProgressiveEMICalculator.java:363]    >> addBalanceCorrection: date=2025-10-03, amount=EUR -42.75
[11:57:25] [InterestPeriod.java:116]       IP[2025-10-03->2025-10-03].addBalanceCorrectionAmount: before=EUR -42.75 + EUR -42.75 = EUR -85.50
[11:57:25] [ProgressiveEMICalculator.java:1139]    calculateLastUnpaidEMI: tillDate=2025-10-03, lastUnpaidPeriod=P6 [2026-03-03->2026-04-03]
[11:57:25] [ProgressiveEMICalculator.java:1139]      totalDueInterest=EUR 20.05, totalEMI=EUR 254.82, totalDisbursed=EUR 231.59, diff=EUR -3.18
[11:57:25] [ProgressiveEMICalculator.java:1139]      oldEMI=EUR 41.07 -> adjustedEMI=EUR 37.89
[11:57:25] [ProgressiveEMICalculator.java:1139]    calculateLastUnpaidEMI: tillDate=2025-10-03, lastUnpaidPeriod=P6 [2026-03-03->2026-04-03]
[11:57:25] [ProgressiveEMICalculator.java:1139]      totalDueInterest=EUR 20.05, totalEMI=EUR 251.64, totalDisbursed=EUR 231.59, diff=EUR 0.00
[11:57:25] [ProgressiveEMICalculator.java:1139]      oldEMI=EUR 37.89 -> adjustedEMI=EUR 37.89
[11:57:25] [ProgressiveEMICalculator.java:1139]    calculateLastUnpaidEMI: tillDate=2025-10-03, lastUnpaidPeriod=P6 [2026-03-03->2026-04-03]
[11:57:25] [ProgressiveEMICalculator.java:1139]      totalDueInterest=EUR 0.00, totalEMI=EUR 251.64, totalDisbursed=EUR 231.59, diff=EUR -20.05
[11:57:25] [ProgressiveEMICalculator.java:1139]      oldEMI=EUR 37.89 -> adjustedEMI=EUR 17.84
[11:57:25] [ProgressiveEMICalculator.java:1139]    calculateLastUnpaidEMI: tillDate=2025-10-03, lastUnpaidPeriod=P6 [2026-03-03->2026-04-03]
[11:57:25] [ProgressiveEMICalculator.java:1139]      totalDueInterest=EUR 20.05, totalEMI=EUR 251.64, totalDisbursed=EUR 231.59, diff=EUR 0.00
[11:57:25] [ProgressiveEMICalculator.java:1139]      oldEMI=EUR 37.89 -> adjustedEMI=EUR 37.89
[11:57:25] [ProgressiveEMICalculator.java:1139]    calculateLastUnpaidEMI: tillDate=2025-10-03, lastUnpaidPeriod=P6 [2026-03-03->2026-04-03]
[11:57:25] [ProgressiveEMICalculator.java:1139]      totalDueInterest=EUR 0.00, totalEMI=EUR 251.64, totalDisbursed=EUR 231.59, diff=EUR -20.05
[11:57:25] [ProgressiveEMICalculator.java:1139]      oldEMI=EUR 37.89 -> adjustedEMI=EUR 17.84
[11:57:25] [ProgressiveEMICalculator.java:392]    >> payPrincipal: P3 [2025-12-03->2026-01-03], txDate=2025-10-03, amount=EUR 42.75
[11:57:25] [ProgressiveEMICalculator.java:363]    >> addBalanceCorrection: date=2025-10-03, amount=EUR -42.75
[11:57:25] [InterestPeriod.java:116]       IP[2025-10-03->2025-10-03].addBalanceCorrectionAmount: before=EUR -85.50 + EUR -42.75 = EUR -128.25
[11:57:25] [ProgressiveEMICalculator.java:1139]    calculateLastUnpaidEMI: tillDate=2025-10-03, lastUnpaidPeriod=P6 [2026-03-03->2026-04-03]
[11:57:25] [ProgressiveEMICalculator.java:1139]      totalDueInterest=EUR 15.56, totalEMI=EUR 251.64, totalDisbursed=EUR 231.59, diff=EUR -4.49
[11:57:25] [ProgressiveEMICalculator.java:1139]      oldEMI=EUR 37.89 -> adjustedEMI=EUR 33.40
[11:57:25] [ProgressiveEMICalculator.java:1139]    calculateLastUnpaidEMI: tillDate=2025-10-03, lastUnpaidPeriod=P6 [2026-03-03->2026-04-03]
[11:57:25] [ProgressiveEMICalculator.java:1139]      totalDueInterest=EUR 15.56, totalEMI=EUR 247.15, totalDisbursed=EUR 231.59, diff=EUR 0.00
[11:57:25] [ProgressiveEMICalculator.java:1139]      oldEMI=EUR 33.40 -> adjustedEMI=EUR 33.40
[11:57:25] [ProgressiveEMICalculator.java:1139]    calculateLastUnpaidEMI: tillDate=2025-10-03, lastUnpaidPeriod=P6 [2026-03-03->2026-04-03]
[11:57:25] [ProgressiveEMICalculator.java:1139]      totalDueInterest=EUR 0.00, totalEMI=EUR 247.15, totalDisbursed=EUR 231.59, diff=EUR -15.56
[11:57:25] [ProgressiveEMICalculator.java:1139]      oldEMI=EUR 33.40 -> adjustedEMI=EUR 17.84
[11:57:25] [ProgressiveEMICalculator.java:1139]    calculateLastUnpaidEMI: tillDate=2025-10-03, lastUnpaidPeriod=P6 [2026-03-03->2026-04-03]
[11:57:25] [ProgressiveEMICalculator.java:1139]      totalDueInterest=EUR 15.56, totalEMI=EUR 247.15, totalDisbursed=EUR 231.59, diff=EUR 0.00
[11:57:25] [ProgressiveEMICalculator.java:1139]      oldEMI=EUR 33.40 -> adjustedEMI=EUR 33.40
[11:57:25] [ProgressiveEMICalculator.java:1139]    calculateLastUnpaidEMI: tillDate=2025-10-03, lastUnpaidPeriod=P6 [2026-03-03->2026-04-03]
[11:57:25] [ProgressiveEMICalculator.java:1139]      totalDueInterest=EUR 0.00, totalEMI=EUR 247.15, totalDisbursed=EUR 231.59, diff=EUR -15.56
[11:57:25] [ProgressiveEMICalculator.java:1139]      oldEMI=EUR 33.40 -> adjustedEMI=EUR 17.84
[11:57:25] [ProgressiveEMICalculator.java:392]    >> payPrincipal: P4 [2026-01-03->2026-02-03], txDate=2025-10-03, amount=EUR 42.75
[11:57:25] [ProgressiveEMICalculator.java:363]    >> addBalanceCorrection: date=2025-10-03, amount=EUR -42.75
[11:57:25] [InterestPeriod.java:116]       IP[2025-10-03->2025-10-03].addBalanceCorrectionAmount: before=EUR -128.25 + EUR -42.75 = EUR -171.00
[11:57:25] [ProgressiveEMICalculator.java:1139]    calculateLastUnpaidEMI: tillDate=2025-10-03, lastUnpaidPeriod=P6 [2026-03-03->2026-04-03]
[11:57:25] [ProgressiveEMICalculator.java:1139]      totalDueInterest=EUR 9.91, totalEMI=EUR 247.15, totalDisbursed=EUR 231.59, diff=EUR -5.65
[11:57:25] [ProgressiveEMICalculator.java:1139]      oldEMI=EUR 33.40 -> adjustedEMI=EUR 27.75
[11:57:25] [ProgressiveEMICalculator.java:1139]    calculateLastUnpaidEMI: tillDate=2025-10-03, lastUnpaidPeriod=P6 [2026-03-03->2026-04-03]
[11:57:25] [ProgressiveEMICalculator.java:1139]      totalDueInterest=EUR 9.91, totalEMI=EUR 241.50, totalDisbursed=EUR 231.59, diff=EUR 0.00
[11:57:25] [ProgressiveEMICalculator.java:1139]      oldEMI=EUR 27.75 -> adjustedEMI=EUR 27.75
[11:57:25] [ProgressiveEMICalculator.java:1139]    calculateLastUnpaidEMI: tillDate=2025-10-03, lastUnpaidPeriod=P6 [2026-03-03->2026-04-03]
[11:57:25] [ProgressiveEMICalculator.java:1139]      totalDueInterest=EUR 0.00, totalEMI=EUR 241.50, totalDisbursed=EUR 231.59, diff=EUR -9.91
[11:57:25] [ProgressiveEMICalculator.java:1139]      oldEMI=EUR 27.75 -> adjustedEMI=EUR 17.84
[11:57:25] [ProgressiveEMICalculator.java:1139]    calculateLastUnpaidEMI: tillDate=2025-10-03, lastUnpaidPeriod=P6 [2026-03-03->2026-04-03]
[11:57:25] [ProgressiveEMICalculator.java:1139]      totalDueInterest=EUR 9.91, totalEMI=EUR 241.50, totalDisbursed=EUR 231.59, diff=EUR 0.00
[11:57:25] [ProgressiveEMICalculator.java:1139]      oldEMI=EUR 27.75 -> adjustedEMI=EUR 27.75
[11:57:25] [ProgressiveEMICalculator.java:1139]    calculateLastUnpaidEMI: tillDate=2025-10-03, lastUnpaidPeriod=P6 [2026-03-03->2026-04-03]
[11:57:25] [ProgressiveEMICalculator.java:1139]      totalDueInterest=EUR 0.00, totalEMI=EUR 241.50, totalDisbursed=EUR 231.59, diff=EUR -9.91
[11:57:25] [ProgressiveEMICalculator.java:1139]      oldEMI=EUR 27.75 -> adjustedEMI=EUR 17.84
[11:57:25] [ProgressiveEMICalculator.java:392]    >> payPrincipal: P5 [2026-02-03->2026-03-03], txDate=2025-10-03, amount=EUR 42.75
[11:57:25] [ProgressiveEMICalculator.java:363]    >> addBalanceCorrection: date=2025-10-03, amount=EUR -42.75
[11:57:25] [InterestPeriod.java:116]       IP[2025-10-03->2025-10-03].addBalanceCorrectionAmount: before=EUR -171.00 + EUR -42.75 = EUR -213.75
[11:57:25] [ProgressiveEMICalculator.java:1139]    calculateLastUnpaidEMI: tillDate=2025-10-03, lastUnpaidPeriod=P6 [2026-03-03->2026-04-03]
[11:57:25] [ProgressiveEMICalculator.java:1139]      totalDueInterest=EUR 3.24, totalEMI=EUR 234.83, totalDisbursed=EUR 231.59, diff=EUR 0.00
[11:57:25] [ProgressiveEMICalculator.java:1139]      oldEMI=EUR 21.08 -> adjustedEMI=EUR 21.08
[11:57:25] [ProgressiveEMICalculator.java:1139]    calculateLastUnpaidEMI: tillDate=2025-10-03, lastUnpaidPeriod=P6 [2026-03-03->2026-04-03]
[11:57:25] [ProgressiveEMICalculator.java:1139]      totalDueInterest=EUR 0.00, totalEMI=EUR 231.59, totalDisbursed=EUR 231.59, diff=EUR 0.00
[11:57:25] [ProgressiveEMICalculator.java:1139]      oldEMI=EUR 17.84 -> adjustedEMI=EUR 17.84
[11:57:25] [ProgressiveEMICalculator.java:1139]    calculateLastUnpaidEMI: tillDate=2025-10-03, lastUnpaidPeriod=P6 [2026-03-03->2026-04-03]
[11:57:25] [ProgressiveEMICalculator.java:1139]      totalDueInterest=EUR 3.24, totalEMI=EUR 234.83, totalDisbursed=EUR 231.59, diff=EUR 0.00
[11:57:25] [ProgressiveEMICalculator.java:1139]      oldEMI=EUR 21.08 -> adjustedEMI=EUR 21.08
[11:57:25] [ProgressiveEMICalculator.java:1139]    calculateLastUnpaidEMI: tillDate=2025-10-03, lastUnpaidPeriod=P6 [2026-03-03->2026-04-03]
[11:57:25] [ProgressiveEMICalculator.java:1139]      totalDueInterest=EUR 0.00, totalEMI=EUR 231.59, totalDisbursed=EUR 231.59, diff=EUR 0.00
[11:57:25] [ProgressiveEMICalculator.java:1139]      oldEMI=EUR 17.84 -> adjustedEMI=EUR 17.84
[11:57:25] [ProgressiveEMICalculator.java:392]    >> payPrincipal: P6 [2026-03-03->2026-04-03], txDate=2025-10-03, amount=EUR 7.08
[11:57:25] [ProgressiveEMICalculator.java:363]    >> addBalanceCorrection: date=2025-10-03, amount=EUR -7.08
[11:57:25] [InterestPeriod.java:116]       IP[2025-10-03->2025-10-03].addBalanceCorrectionAmount: before=EUR -213.75 + EUR -7.08 = EUR -220.83
[11:57:25] [ProgressiveEMICalculator.java:1139]    calculateLastUnpaidEMI: tillDate=2025-10-03, lastUnpaidPeriod=P6 [2026-03-03->2026-04-03]
[11:57:25] [ProgressiveEMICalculator.java:1139]      totalDueInterest=EUR 1.92, totalEMI=EUR 233.51, totalDisbursed=EUR 231.59, diff=EUR 0.00
[11:57:25] [ProgressiveEMICalculator.java:1139]      oldEMI=EUR 19.76 -> adjustedEMI=EUR 19.76
[11:57:25] [ProgressiveEMICalculator.java:1139]    calculateLastUnpaidEMI: tillDate=2025-10-03, lastUnpaidPeriod=P6 [2026-03-03->2026-04-03]
[11:57:25] [ProgressiveEMICalculator.java:1139]      totalDueInterest=EUR 0.00, totalEMI=EUR 231.59, totalDisbursed=EUR 231.59, diff=EUR 0.00
[11:57:25] [ProgressiveEMICalculator.java:1139]      oldEMI=EUR 17.84 -> adjustedEMI=EUR 17.84
[11:57:25] [AdvancedPaymentScheduleTransactionProcessor.java:512] --- MODEL DUMP: AFTER processLatestTransaction REPAYMENT 2025-10-03 ---
[11:57:25] [AdvancedPaymentScheduleTransactionProcessor.java:512]   lastOverdueBalanceChange=null totalDuePrincipal=EUR 231.59 totalPaidPrincipal=EUR 220.83
[11:57:25] [AdvancedPaymentScheduleTransactionProcessor.java:512]   P1 [2025-10-03 -> 2025-11-03]: EMI=EUR 42.75 origEMI=EUR 42.75 calcDueInterest=EUR 0.32 dueInterest=EUR 0.00 duePrincipal=EUR 42.75 paidP=EUR 42.75 paidI=EUR 0.00 outstandingP=EUR 0.00 outstandingBal=EUR 10.76 fullyPaid=true
[11:57:25] [AdvancedPaymentScheduleTransactionProcessor.java:512]     IP1 [2025-10-03 -> 2025-10-03]: balCorr=EUR -220.83 outBal=EUR 0.00 disb=EUR 231.59 calcDueInt=0 rateFactor=0E-19 rateFactorTillDue=0.0299916666666666667
[11:57:25] [AdvancedPaymentScheduleTransactionProcessor.java:512]     IP2 [2025-10-03 -> 2025-11-03]: balCorr=EUR 0.00 outBal=EUR 10.76 disb=EUR 0.00 calcDueInt=0.3227103333333333336 rateFactor=0.0299916666666666667 rateFactorTillDue=0.0299916666666666667
[11:57:25] [AdvancedPaymentScheduleTransactionProcessor.java:512]   P2 [2025-11-03 -> 2025-12-03]: EMI=EUR 42.75 origEMI=EUR 42.75 calcDueInterest=EUR 0.64 dueInterest=EUR 0.00 duePrincipal=EUR 42.75 paidP=EUR 42.75 paidI=EUR 0.00 outstandingP=EUR 0.00 outstandingBal=EUR 10.76 fullyPaid=true
[11:57:25] [AdvancedPaymentScheduleTransactionProcessor.java:512]     IP1 [2025-11-03 -> 2025-12-03]: balCorr=EUR 0.00 outBal=EUR 10.76 disb=EUR 0.00 calcDueInt=0.3227103333333333336 rateFactor=0.0299916666666666667 rateFactorTillDue=0.0299916666666666667
[11:57:25] [AdvancedPaymentScheduleTransactionProcessor.java:512]   P3 [2025-12-03 -> 2026-01-03]: EMI=EUR 42.75 origEMI=EUR 42.75 calcDueInterest=EUR 0.96 dueInterest=EUR 0.00 duePrincipal=EUR 42.75 paidP=EUR 42.75 paidI=EUR 0.00 outstandingP=EUR 0.00 outstandingBal=EUR 10.76 fullyPaid=true
[11:57:25] [AdvancedPaymentScheduleTransactionProcessor.java:512]     IP1 [2025-12-03 -> 2026-01-03]: balCorr=EUR 0.00 outBal=EUR 10.76 disb=EUR 0.00 calcDueInt=0.3227103333333333336 rateFactor=0.0299916666666666667 rateFactorTillDue=0.0299916666666666667
[11:57:25] [AdvancedPaymentScheduleTransactionProcessor.java:512]   P4 [2026-01-03 -> 2026-02-03]: EMI=EUR 42.75 origEMI=EUR 42.75 calcDueInterest=EUR 1.28 dueInterest=EUR 0.00 duePrincipal=EUR 42.75 paidP=EUR 42.75 paidI=EUR 0.00 outstandingP=EUR 0.00 outstandingBal=EUR 10.76 fullyPaid=true
[11:57:25] [AdvancedPaymentScheduleTransactionProcessor.java:512]     IP1 [2026-01-03 -> 2026-02-03]: balCorr=EUR 0.00 outBal=EUR 10.76 disb=EUR 0.00 calcDueInt=0.3227103333333333336 rateFactor=0.0299916666666666667 rateFactorTillDue=0.0299916666666666667
[11:57:25] [AdvancedPaymentScheduleTransactionProcessor.java:512]   P5 [2026-02-03 -> 2026-03-03]: EMI=EUR 42.75 origEMI=EUR 42.75 calcDueInterest=EUR 1.60 dueInterest=EUR 0.00 duePrincipal=EUR 42.75 paidP=EUR 42.75 paidI=EUR 0.00 outstandingP=EUR 0.00 outstandingBal=EUR 10.76 fullyPaid=true
[11:57:25] [AdvancedPaymentScheduleTransactionProcessor.java:512]     IP1 [2026-02-03 -> 2026-03-03]: balCorr=EUR 0.00 outBal=EUR 10.76 disb=EUR 0.00 calcDueInt=0.3227103333333333336 rateFactor=0.0299916666666666667 rateFactorTillDue=0.0299916666666666667
[11:57:25] [AdvancedPaymentScheduleTransactionProcessor.java:512]   P6 [2026-03-03 -> 2026-04-03]: EMI=EUR 19.76 origEMI=EUR 42.75 calcDueInterest=EUR 1.92 dueInterest=EUR 1.92 duePrincipal=EUR 17.84 paidP=EUR 7.08 paidI=EUR 0.00 outstandingP=EUR 10.76 outstandingBal=EUR 0.00 fullyPaid=false
[11:57:25] [AdvancedPaymentScheduleTransactionProcessor.java:512]     IP1 [2026-03-03 -> 2026-04-03]: balCorr=EUR 0.00 outBal=EUR 10.76 disb=EUR 0.00 calcDueInt=0.3227103333333333336 rateFactor=0.0299916666666666667 rateFactorTillDue=0.0299916666666666667
[11:57:25] [AdvancedPaymentScheduleTransactionProcessor.java:512] --- END MODEL DUMP ---
[11:57:25] [AdvancedPaymentScheduleTransactionProcessor.java:294]   >> FINAL recalculateInterestForDate: targetDate=2025-10-15
[11:57:25] [AdvancedPaymentScheduleTransactionProcessor.java:1879]   recalculateInterestForDate[recalculateInterestForDate]: targetDate=2025-10-15, modelHasUpdates=false
[11:57:25] [AdvancedPaymentScheduleTransactionProcessor.java:296] --- MODEL DUMP: AFTER FINAL recalcInterest ---
[11:57:25] [AdvancedPaymentScheduleTransactionProcessor.java:296]   lastOverdueBalanceChange=null totalDuePrincipal=EUR 231.59 totalPaidPrincipal=EUR 220.83
[11:57:25] [AdvancedPaymentScheduleTransactionProcessor.java:296]   P1 [2025-10-03 -> 2025-11-03]: EMI=EUR 42.75 origEMI=EUR 42.75 calcDueInterest=EUR 0.32 dueInterest=EUR 0.00 duePrincipal=EUR 42.75 paidP=EUR 42.75 paidI=EUR 0.00 outstandingP=EUR 0.00 outstandingBal=EUR 10.76 fullyPaid=true
[11:57:25] [AdvancedPaymentScheduleTransactionProcessor.java:296]     IP1 [2025-10-03 -> 2025-10-03]: balCorr=EUR -220.83 outBal=EUR 0.00 disb=EUR 231.59 calcDueInt=0 rateFactor=0E-19 rateFactorTillDue=0.0299916666666666667
[11:57:25] [AdvancedPaymentScheduleTransactionProcessor.java:296]     IP2 [2025-10-03 -> 2025-11-03]: balCorr=EUR 0.00 outBal=EUR 10.76 disb=EUR 0.00 calcDueInt=0.3227103333333333336 rateFactor=0.0299916666666666667 rateFactorTillDue=0.0299916666666666667
[11:57:25] [AdvancedPaymentScheduleTransactionProcessor.java:296]   P2 [2025-11-03 -> 2025-12-03]: EMI=EUR 42.75 origEMI=EUR 42.75 calcDueInterest=EUR 0.64 dueInterest=EUR 0.00 duePrincipal=EUR 42.75 paidP=EUR 42.75 paidI=EUR 0.00 outstandingP=EUR 0.00 outstandingBal=EUR 10.76 fullyPaid=true
[11:57:25] [AdvancedPaymentScheduleTransactionProcessor.java:296]     IP1 [2025-11-03 -> 2025-12-03]: balCorr=EUR 0.00 outBal=EUR 10.76 disb=EUR 0.00 calcDueInt=0.3227103333333333336 rateFactor=0.0299916666666666667 rateFactorTillDue=0.0299916666666666667
[11:57:25] [AdvancedPaymentScheduleTransactionProcessor.java:296]   P3 [2025-12-03 -> 2026-01-03]: EMI=EUR 42.75 origEMI=EUR 42.75 calcDueInterest=EUR 0.96 dueInterest=EUR 0.00 duePrincipal=EUR 42.75 paidP=EUR 42.75 paidI=EUR 0.00 outstandingP=EUR 0.00 outstandingBal=EUR 10.76 fullyPaid=true
[11:57:25] [AdvancedPaymentScheduleTransactionProcessor.java:296]     IP1 [2025-12-03 -> 2026-01-03]: balCorr=EUR 0.00 outBal=EUR 10.76 disb=EUR 0.00 calcDueInt=0.3227103333333333336 rateFactor=0.0299916666666666667 rateFactorTillDue=0.0299916666666666667
[11:57:25] [AdvancedPaymentScheduleTransactionProcessor.java:296]   P4 [2026-01-03 -> 2026-02-03]: EMI=EUR 42.75 origEMI=EUR 42.75 calcDueInterest=EUR 1.28 dueInterest=EUR 0.00 duePrincipal=EUR 42.75 paidP=EUR 42.75 paidI=EUR 0.00 outstandingP=EUR 0.00 outstandingBal=EUR 10.76 fullyPaid=true
[11:57:25] [AdvancedPaymentScheduleTransactionProcessor.java:296]     IP1 [2026-01-03 -> 2026-02-03]: balCorr=EUR 0.00 outBal=EUR 10.76 disb=EUR 0.00 calcDueInt=0.3227103333333333336 rateFactor=0.0299916666666666667 rateFactorTillDue=0.0299916666666666667
[11:57:25] [AdvancedPaymentScheduleTransactionProcessor.java:296]   P5 [2026-02-03 -> 2026-03-03]: EMI=EUR 42.75 origEMI=EUR 42.75 calcDueInterest=EUR 1.60 dueInterest=EUR 0.00 duePrincipal=EUR 42.75 paidP=EUR 42.75 paidI=EUR 0.00 outstandingP=EUR 0.00 outstandingBal=EUR 10.76 fullyPaid=true
[11:57:25] [AdvancedPaymentScheduleTransactionProcessor.java:296]     IP1 [2026-02-03 -> 2026-03-03]: balCorr=EUR 0.00 outBal=EUR 10.76 disb=EUR 0.00 calcDueInt=0.3227103333333333336 rateFactor=0.0299916666666666667 rateFactorTillDue=0.0299916666666666667
[11:57:25] [AdvancedPaymentScheduleTransactionProcessor.java:296]   P6 [2026-03-03 -> 2026-04-03]: EMI=EUR 19.76 origEMI=EUR 42.75 calcDueInterest=EUR 1.92 dueInterest=EUR 1.92 duePrincipal=EUR 17.84 paidP=EUR 7.08 paidI=EUR 0.00 outstandingP=EUR 10.76 outstandingBal=EUR 0.00 fullyPaid=false
[11:57:25] [AdvancedPaymentScheduleTransactionProcessor.java:296]     IP1 [2026-03-03 -> 2026-04-03]: balCorr=EUR 0.00 outBal=EUR 10.76 disb=EUR 0.00 calcDueInt=0.3227103333333333336 rateFactor=0.0299916666666666667 rateFactorTillDue=0.0299916666666666667
[11:57:25] [AdvancedPaymentScheduleTransactionProcessor.java:296] --- END MODEL DUMP ---
[11:57:25] [AdvancedPaymentScheduleTransactionProcessor.java:297] ======== REPROCESSING END ========
[11:57:25] [ProgressiveEMICalculator.java:1139]    calculateLastUnpaidEMI: tillDate=2025-10-15, lastUnpaidPeriod=P6 [2026-03-03->2026-04-03]
[11:57:25] [ProgressiveEMICalculator.java:1139]      totalDueInterest=EUR 0.12, totalEMI=EUR 231.71, totalDisbursed=EUR 231.59, diff=EUR 0.00
[11:57:25] [ProgressiveEMICalculator.java:1139]      oldEMI=EUR 17.96 -> adjustedEMI=EUR 17.96
[11:57:25] [ProgressiveEMICalculator.java:1139]    calculateLastUnpaidEMI: tillDate=2025-10-15, lastUnpaidPeriod=P1 [2025-10-03->2025-11-03]
[11:57:25] [ProgressiveEMICalculator.java:1139]      totalDueInterest=EUR 2.69, totalEMI=EUR 234.28, totalDisbursed=EUR 231.59, diff=EUR 0.00
[11:57:25] [ProgressiveEMICalculator.java:1139]      oldEMI=EUR 20.53 -> adjustedEMI=EUR 20.53
[11:57:25] [ProgressiveEMICalculator.java:1139]    calculateLastUnpaidEMI: tillDate=2025-10-15, lastUnpaidPeriod=P1 [2025-10-03->2025-11-03]
[11:57:25] [ProgressiveEMICalculator.java:1139]      totalDueInterest=EUR 2.89, totalEMI=EUR 234.48, totalDisbursed=EUR 231.59, diff=EUR 0.00
[11:57:25] [ProgressiveEMICalculator.java:1139]      oldEMI=EUR 20.73 -> adjustedEMI=EUR 20.73
[11:57:25] [ProgressiveEMICalculator.java:1139]    calculateLastUnpaidEMI: tillDate=2025-10-15, lastUnpaidPeriod=P1 [2025-10-03->2025-11-03]
[11:57:25] [ProgressiveEMICalculator.java:1139]      totalDueInterest=EUR 2.69, totalEMI=EUR 234.28, totalDisbursed=EUR 231.59, diff=EUR 0.00
[11:57:25] [ProgressiveEMICalculator.java:1139]      oldEMI=EUR 20.53 -> adjustedEMI=EUR 20.53
[11:57:25] [ProgressiveEMICalculator.java:392]    >> payPrincipal: P1 [2025-10-03->2025-11-03], txDate=2025-10-15, amount=EUR 0.00
[11:57:25] [AdvancedPaymentScheduleTransactionProcessor.java:512] --- MODEL DUMP: AFTER processLatestTransaction INTEREST_REFUND 2025-10-15 ---
[11:57:25] [AdvancedPaymentScheduleTransactionProcessor.java:512]   lastOverdueBalanceChange=null totalDuePrincipal=EUR 231.59 totalPaidPrincipal=EUR 220.83
[11:57:25] [AdvancedPaymentScheduleTransactionProcessor.java:512]   P1 [2025-10-03 -> 2025-11-03]: EMI=EUR 20.73 origEMI=EUR 42.75 calcDueInterest=EUR 2.89 dueInterest=EUR 2.89 duePrincipal=EUR 17.84 paidP=EUR 7.08 paidI=EUR 2.57 outstandingP=EUR 10.76 outstandingBal=EUR 0.00 fullyPaid=false
[11:57:25] [AdvancedPaymentScheduleTransactionProcessor.java:512]     IP1 [2025-10-03 -> 2025-10-03]: balCorr=EUR 0.00 outBal=EUR 0.00 disb=EUR 231.59 calcDueInt=0 rateFactor=0E-19 rateFactorTillDue=0.0299916666666666667
[11:57:25] [AdvancedPaymentScheduleTransactionProcessor.java:512]     IP2 [2025-10-03 -> 2025-10-15]: balCorr=EUR -220.83 outBal=EUR 231.59 disb=EUR 0.00 calcDueInt=2.688685193548387099 rateFactor=0.0116096774193548387 rateFactorTillDue=0.0299916666666666667
[11:57:25] [AdvancedPaymentScheduleTransactionProcessor.java:512]     IP3 [2025-10-15 -> 2025-11-03]: balCorr=EUR 0.00 outBal=EUR 10.76 disb=EUR 0.00 calcDueInt=0.1977902043010752693 rateFactor=0.0183819892473118280 rateFactorTillDue=0.0183819892473118280
[11:57:25] [AdvancedPaymentScheduleTransactionProcessor.java:512]   P2 [2025-11-03 -> 2025-12-03]: EMI=EUR 42.75 origEMI=EUR 42.75 calcDueInterest=EUR 0.00 dueInterest=EUR 0.00 duePrincipal=EUR 42.75 paidP=EUR 42.75 paidI=EUR 0.00 outstandingP=EUR 0.00 outstandingBal=EUR 0.00 fullyPaid=true
[11:57:25] [AdvancedPaymentScheduleTransactionProcessor.java:512]     IP1 [2025-11-03 -> 2025-12-03]: balCorr=EUR 0.00 outBal=EUR 0.00 disb=EUR 0.00 calcDueInt=0 rateFactor=0.0299916666666666667 rateFactorTillDue=0.0299916666666666667
[11:57:25] [AdvancedPaymentScheduleTransactionProcessor.java:512]   P3 [2025-12-03 -> 2026-01-03]: EMI=EUR 42.75 origEMI=EUR 42.75 calcDueInterest=EUR 0.00 dueInterest=EUR 0.00 duePrincipal=EUR 42.75 paidP=EUR 42.75 paidI=EUR 0.00 outstandingP=EUR 0.00 outstandingBal=EUR 0.00 fullyPaid=true
[11:57:25] [AdvancedPaymentScheduleTransactionProcessor.java:512]     IP1 [2025-12-03 -> 2026-01-03]: balCorr=EUR 0.00 outBal=EUR 0.00 disb=EUR 0.00 calcDueInt=0 rateFactor=0.0299916666666666667 rateFactorTillDue=0.0299916666666666667
[11:57:25] [AdvancedPaymentScheduleTransactionProcessor.java:512]   P4 [2026-01-03 -> 2026-02-03]: EMI=EUR 42.75 origEMI=EUR 42.75 calcDueInterest=EUR 0.00 dueInterest=EUR 0.00 duePrincipal=EUR 42.75 paidP=EUR 42.75 paidI=EUR 0.00 outstandingP=EUR 0.00 outstandingBal=EUR 0.00 fullyPaid=true
[11:57:25] [AdvancedPaymentScheduleTransactionProcessor.java:512]     IP1 [2026-01-03 -> 2026-02-03]: balCorr=EUR 0.00 outBal=EUR 0.00 disb=EUR 0.00 calcDueInt=0 rateFactor=0.0299916666666666667 rateFactorTillDue=0.0299916666666666667
[11:57:25] [AdvancedPaymentScheduleTransactionProcessor.java:512]   P5 [2026-02-03 -> 2026-03-03]: EMI=EUR 42.75 origEMI=EUR 42.75 calcDueInterest=EUR 0.00 dueInterest=EUR 0.00 duePrincipal=EUR 42.75 paidP=EUR 42.75 paidI=EUR 0.00 outstandingP=EUR 0.00 outstandingBal=EUR 0.00 fullyPaid=true
[11:57:25] [AdvancedPaymentScheduleTransactionProcessor.java:512]     IP1 [2026-02-03 -> 2026-03-03]: balCorr=EUR 0.00 outBal=EUR 0.00 disb=EUR 0.00 calcDueInt=0 rateFactor=0.0299916666666666667 rateFactorTillDue=0.0299916666666666667
[11:57:25] [AdvancedPaymentScheduleTransactionProcessor.java:512]   P6 [2026-03-03 -> 2026-04-03]: EMI=EUR 42.75 origEMI=EUR 42.75 calcDueInterest=EUR 0.00 dueInterest=EUR 0.00 duePrincipal=EUR 42.75 paidP=EUR 42.75 paidI=EUR 0.00 outstandingP=EUR 0.00 outstandingBal=EUR 0.00 fullyPaid=true
[11:57:25] [AdvancedPaymentScheduleTransactionProcessor.java:512]     IP1 [2026-03-03 -> 2026-04-03]: balCorr=EUR 0.00 outBal=EUR 0.00 disb=EUR 0.00 calcDueInt=0 rateFactor=0.0299916666666666667 rateFactorTillDue=0.0299916666666666667
[11:57:25] [AdvancedPaymentScheduleTransactionProcessor.java:512] --- END MODEL DUMP ---
[11:57:25] [AdvancedPaymentScheduleTransactionProcessor.java:1879]   recalculateInterestForDate[calculateInterestRecalculationFutureOutstandingValue]: targetDate=2025-11-03, modelHasUpdates=false
[11:57:25] [AdvancedPaymentScheduleTransactionProcessor.java:1879]   recalculateInterestForDate[calculateInterestRecalculationFutureOutstandingValue]: targetDate=2025-11-03, modelHasUpdates=false
[11:57:25] [AdvancedPaymentScheduleTransactionProcessor.java:1879]   recalculateInterestForDate[recalculateInterestForDate]: targetDate=2025-10-30, modelHasUpdates=false
[11:57:25] [ProgressiveEMICalculator.java:1139]    calculateLastUnpaidEMI: tillDate=2025-10-30, lastUnpaidPeriod=P1 [2025-10-03->2025-11-03]
[11:57:25] [ProgressiveEMICalculator.java:1139]      totalDueInterest=EUR 2.84, totalEMI=EUR 234.43, totalDisbursed=EUR 231.59, diff=EUR 0.00
[11:57:25] [ProgressiveEMICalculator.java:1139]      oldEMI=EUR 20.68 -> adjustedEMI=EUR 20.68
[11:57:25] [AdvancedPaymentScheduleTransactionProcessor.java:1879]   recalculateInterestForDate[recalculateInterestForDate]: targetDate=2025-10-30, modelHasUpdates=false
[11:57:25] [AdvancedPaymentScheduleTransactionProcessor.java:482]   >> processLatestTransaction: type=REPAYMENT, date=2025-10-30, amount=11.04
[11:57:25] [ProgressiveEMICalculator.java:1139]    calculateLastUnpaidEMI: tillDate=2025-11-03, lastUnpaidPeriod=P1 [2025-10-03->2025-11-03]
[11:57:25] [ProgressiveEMICalculator.java:1139]      totalDueInterest=EUR 2.89, totalEMI=EUR 234.48, totalDisbursed=EUR 231.59, diff=EUR 0.00
[11:57:25] [ProgressiveEMICalculator.java:1139]      oldEMI=EUR 20.73 -> adjustedEMI=EUR 20.73
[11:57:25] [AdvancedPaymentScheduleTransactionProcessor.java:1879]   recalculateInterestForDate[recalculateInterestForDate]: targetDate=2025-10-30, modelHasUpdates=false
[11:57:25] [ProgressiveEMICalculator.java:1139]    calculateLastUnpaidEMI: tillDate=2025-10-30, lastUnpaidPeriod=P1 [2025-10-03->2025-11-03]
[11:57:25] [ProgressiveEMICalculator.java:1139]      totalDueInterest=EUR 2.84, totalEMI=EUR 234.43, totalDisbursed=EUR 231.59, diff=EUR 0.00
[11:57:25] [ProgressiveEMICalculator.java:1139]      oldEMI=EUR 20.68 -> adjustedEMI=EUR 20.68
[11:57:25] [ProgressiveEMICalculator.java:1139]    calculateLastUnpaidEMI: tillDate=2025-10-30, lastUnpaidPeriod=P1 [2025-10-03->2025-11-03]
[11:57:25] [ProgressiveEMICalculator.java:1139]      totalDueInterest=EUR 2.89, totalEMI=EUR 234.48, totalDisbursed=EUR 231.59, diff=EUR 0.00
[11:57:25] [ProgressiveEMICalculator.java:1139]      oldEMI=EUR 20.73 -> adjustedEMI=EUR 20.73
[11:57:25] [ProgressiveEMICalculator.java:1139]    calculateLastUnpaidEMI: tillDate=2025-10-30, lastUnpaidPeriod=P1 [2025-10-03->2025-11-03]
[11:57:25] [ProgressiveEMICalculator.java:1139]      totalDueInterest=EUR 2.84, totalEMI=EUR 234.43, totalDisbursed=EUR 231.59, diff=EUR 0.00
[11:57:25] [ProgressiveEMICalculator.java:1139]      oldEMI=EUR 20.68 -> adjustedEMI=EUR 20.68
[11:57:25] [ProgressiveEMICalculator.java:392]    >> payPrincipal: P1 [2025-10-03->2025-11-03], txDate=2025-10-30, amount=EUR 10.76
[11:57:25] [ProgressiveEMICalculator.java:363]    >> addBalanceCorrection: date=2025-10-30, amount=EUR -10.76
[11:57:25] [InterestPeriod.java:116]       IP[2025-10-15->2025-10-30].addBalanceCorrectionAmount: before=EUR 0.00 + EUR -10.76 = EUR -10.76
[11:57:25] [AdvancedPaymentScheduleTransactionProcessor.java:512] --- MODEL DUMP: AFTER processLatestTransaction REPAYMENT 2025-10-30 ---
[11:57:25] [AdvancedPaymentScheduleTransactionProcessor.java:512]   lastOverdueBalanceChange=null totalDuePrincipal=EUR 231.59 totalPaidPrincipal=EUR 231.59
[11:57:25] [AdvancedPaymentScheduleTransactionProcessor.java:512]   P1 [2025-10-03 -> 2025-11-03]: EMI=EUR 20.68 origEMI=EUR 42.75 calcDueInterest=EUR 2.84 dueInterest=EUR 2.84 duePrincipal=EUR 17.84 paidP=EUR 17.84 paidI=EUR 2.84 outstandingP=EUR 0.00 outstandingBal=EUR 0.00 fullyPaid=true
[11:57:25] [AdvancedPaymentScheduleTransactionProcessor.java:512]     IP1 [2025-10-03 -> 2025-10-03]: balCorr=EUR 0.00 outBal=EUR 0.00 disb=EUR 231.59 calcDueInt=0 rateFactor=0E-19 rateFactorTillDue=0.0299916666666666667
[11:57:25] [AdvancedPaymentScheduleTransactionProcessor.java:512]     IP2 [2025-10-03 -> 2025-10-15]: balCorr=EUR -220.83 outBal=EUR 231.59 disb=EUR 0.00 calcDueInt=2.688685193548387099 rateFactor=0.0116096774193548387 rateFactorTillDue=0.0299916666666666667
[11:57:25] [AdvancedPaymentScheduleTransactionProcessor.java:512]     IP3 [2025-10-15 -> 2025-10-30]: balCorr=EUR -10.76 outBal=EUR 10.76 disb=EUR 0.00 calcDueInt=0.1561501612903225810 rateFactor=0.0145120967741935484 rateFactorTillDue=0.0183819892473118280
[11:57:25] [AdvancedPaymentScheduleTransactionProcessor.java:512]     IP4 [2025-10-30 -> 2025-11-03]: balCorr=EUR 0.00 outBal=EUR 0.00 disb=EUR 0.00 calcDueInt=0 rateFactor=0.0038698924731182796 rateFactorTillDue=0.0038698924731182796
[11:57:25] [AdvancedPaymentScheduleTransactionProcessor.java:512]   P2 [2025-11-03 -> 2025-12-03]: EMI=EUR 42.75 origEMI=EUR 42.75 calcDueInterest=EUR 0.00 dueInterest=EUR 0.00 duePrincipal=EUR 42.75 paidP=EUR 42.75 paidI=EUR 0.00 outstandingP=EUR 0.00 outstandingBal=EUR 0.00 fullyPaid=true
[11:57:25] [AdvancedPaymentScheduleTransactionProcessor.java:512]     IP1 [2025-11-03 -> 2025-12-03]: balCorr=EUR 0.00 outBal=EUR 0.00 disb=EUR 0.00 calcDueInt=0 rateFactor=0.0299916666666666667 rateFactorTillDue=0.0299916666666666667
[11:57:25] [AdvancedPaymentScheduleTransactionProcessor.java:512]   P3 [2025-12-03 -> 2026-01-03]: EMI=EUR 42.75 origEMI=EUR 42.75 calcDueInterest=EUR 0.00 dueInterest=EUR 0.00 duePrincipal=EUR 42.75 paidP=EUR 42.75 paidI=EUR 0.00 outstandingP=EUR 0.00 outstandingBal=EUR 0.00 fullyPaid=true
[11:57:25] [AdvancedPaymentScheduleTransactionProcessor.java:512]     IP1 [2025-12-03 -> 2026-01-03]: balCorr=EUR 0.00 outBal=EUR 0.00 disb=EUR 0.00 calcDueInt=0 rateFactor=0.0299916666666666667 rateFactorTillDue=0.0299916666666666667
[11:57:25] [AdvancedPaymentScheduleTransactionProcessor.java:512]   P4 [2026-01-03 -> 2026-02-03]: EMI=EUR 42.75 origEMI=EUR 42.75 calcDueInterest=EUR 0.00 dueInterest=EUR 0.00 duePrincipal=EUR 42.75 paidP=EUR 42.75 paidI=EUR 0.00 outstandingP=EUR 0.00 outstandingBal=EUR 0.00 fullyPaid=true
[11:57:25] [AdvancedPaymentScheduleTransactionProcessor.java:512]     IP1 [2026-01-03 -> 2026-02-03]: balCorr=EUR 0.00 outBal=EUR 0.00 disb=EUR 0.00 calcDueInt=0 rateFactor=0.0299916666666666667 rateFactorTillDue=0.0299916666666666667
[11:57:25] [AdvancedPaymentScheduleTransactionProcessor.java:512]   P5 [2026-02-03 -> 2026-03-03]: EMI=EUR 42.75 origEMI=EUR 42.75 calcDueInterest=EUR 0.00 dueInterest=EUR 0.00 duePrincipal=EUR 42.75 paidP=EUR 42.75 paidI=EUR 0.00 outstandingP=EUR 0.00 outstandingBal=EUR 0.00 fullyPaid=true
[11:57:25] [AdvancedPaymentScheduleTransactionProcessor.java:512]     IP1 [2026-02-03 -> 2026-03-03]: balCorr=EUR 0.00 outBal=EUR 0.00 disb=EUR 0.00 calcDueInt=0 rateFactor=0.0299916666666666667 rateFactorTillDue=0.0299916666666666667
[11:57:25] [AdvancedPaymentScheduleTransactionProcessor.java:512]   P6 [2026-03-03 -> 2026-04-03]: EMI=EUR 42.75 origEMI=EUR 42.75 calcDueInterest=EUR 0.00 dueInterest=EUR 0.00 duePrincipal=EUR 42.75 paidP=EUR 42.75 paidI=EUR 0.00 outstandingP=EUR 0.00 outstandingBal=EUR 0.00 fullyPaid=true
[11:57:25] [AdvancedPaymentScheduleTransactionProcessor.java:512]     IP1 [2026-03-03 -> 2026-04-03]: balCorr=EUR 0.00 outBal=EUR 0.00 disb=EUR 0.00 calcDueInt=0 rateFactor=0.0299916666666666667 rateFactorTillDue=0.0299916666666666667
[11:57:25] [AdvancedPaymentScheduleTransactionProcessor.java:512] --- END MODEL DUMP ---
[11:57:26] [ProgressiveEMICalculator.java:1139]    calculateLastUnpaidEMI: tillDate=2025-11-03, lastUnpaidPeriod=P6 [2026-03-03->2026-04-03]
[11:57:26] [ProgressiveEMICalculator.java:1139]      totalDueInterest=EUR 17.86, totalEMI=EUR 249.48, totalDisbursed=EUR 231.59, diff=EUR -0.03
[11:57:26] [ProgressiveEMICalculator.java:1139]      oldEMI=EUR 41.58 -> adjustedEMI=EUR 41.55
[11:57:26] [AdvancedPaymentScheduleTransactionProcessor.java:240] ======== === NEW REPROCESSING CYCLE === ========
[11:57:26] [AdvancedPaymentScheduleTransactionProcessor.java:241] ======== REPROCESSING START ========
[11:57:26] [AdvancedPaymentScheduleTransactionProcessor.java:241] reprocessProgressiveLoanTransactions: targetDate=2025-10-30, operations=6
[11:57:26] [AdvancedPaymentScheduleTransactionProcessor.java:242] --- MODEL DUMP: INITIAL MODEL ---
[11:57:26] [AdvancedPaymentScheduleTransactionProcessor.java:242]   lastOverdueBalanceChange=null totalDuePrincipal=EUR 0.00 totalPaidPrincipal=EUR 0.00
[11:57:26] [AdvancedPaymentScheduleTransactionProcessor.java:242]   P1 [2025-10-03 -> 2025-11-03]: EMI=EUR 0.00 origEMI=EUR 0.00 calcDueInterest=EUR 0.00 dueInterest=EUR 0.00 duePrincipal=EUR 0.00 paidP=EUR 0.00 paidI=EUR 0.00 outstandingP=EUR 0.00 outstandingBal=EUR 0.00 fullyPaid=true
[11:57:26] [AdvancedPaymentScheduleTransactionProcessor.java:242]     IP1 [2025-10-03 -> 2025-11-03]: balCorr=EUR 0.00 outBal=EUR 0.00 disb=EUR 0.00 calcDueInt=0 rateFactor=0 rateFactorTillDue=0
[11:57:26] [AdvancedPaymentScheduleTransactionProcessor.java:242]   P2 [2025-11-03 -> 2025-12-03]: EMI=EUR 0.00 origEMI=EUR 0.00 calcDueInterest=EUR 0.00 dueInterest=EUR 0.00 duePrincipal=EUR 0.00 paidP=EUR 0.00 paidI=EUR 0.00 outstandingP=EUR 0.00 outstandingBal=EUR 0.00 fullyPaid=true
[11:57:26] [AdvancedPaymentScheduleTransactionProcessor.java:242]     IP1 [2025-11-03 -> 2025-12-03]: balCorr=EUR 0.00 outBal=EUR 0.00 disb=EUR 0.00 calcDueInt=0 rateFactor=0 rateFactorTillDue=0
[11:57:26] [AdvancedPaymentScheduleTransactionProcessor.java:242]   P3 [2025-12-03 -> 2026-01-03]: EMI=EUR 0.00 origEMI=EUR 0.00 calcDueInterest=EUR 0.00 dueInterest=EUR 0.00 duePrincipal=EUR 0.00 paidP=EUR 0.00 paidI=EUR 0.00 outstandingP=EUR 0.00 outstandingBal=EUR 0.00 fullyPaid=true
[11:57:26] [AdvancedPaymentScheduleTransactionProcessor.java:242]     IP1 [2025-12-03 -> 2026-01-03]: balCorr=EUR 0.00 outBal=EUR 0.00 disb=EUR 0.00 calcDueInt=0 rateFactor=0 rateFactorTillDue=0
[11:57:26] [AdvancedPaymentScheduleTransactionProcessor.java:242]   P4 [2026-01-03 -> 2026-02-03]: EMI=EUR 0.00 origEMI=EUR 0.00 calcDueInterest=EUR 0.00 dueInterest=EUR 0.00 duePrincipal=EUR 0.00 paidP=EUR 0.00 paidI=EUR 0.00 outstandingP=EUR 0.00 outstandingBal=EUR 0.00 fullyPaid=true
[11:57:26] [AdvancedPaymentScheduleTransactionProcessor.java:242]     IP1 [2026-01-03 -> 2026-02-03]: balCorr=EUR 0.00 outBal=EUR 0.00 disb=EUR 0.00 calcDueInt=0 rateFactor=0 rateFactorTillDue=0
[11:57:26] [AdvancedPaymentScheduleTransactionProcessor.java:242]   P5 [2026-02-03 -> 2026-03-03]: EMI=EUR 0.00 origEMI=EUR 0.00 calcDueInterest=EUR 0.00 dueInterest=EUR 0.00 duePrincipal=EUR 0.00 paidP=EUR 0.00 paidI=EUR 0.00 outstandingP=EUR 0.00 outstandingBal=EUR 0.00 fullyPaid=true
[11:57:26] [AdvancedPaymentScheduleTransactionProcessor.java:242]     IP1 [2026-02-03 -> 2026-03-03]: balCorr=EUR 0.00 outBal=EUR 0.00 disb=EUR 0.00 calcDueInt=0 rateFactor=0 rateFactorTillDue=0
[11:57:26] [AdvancedPaymentScheduleTransactionProcessor.java:242]   P6 [2026-03-03 -> 2026-04-03]: EMI=EUR 0.00 origEMI=EUR 0.00 calcDueInterest=EUR 0.00 dueInterest=EUR 0.00 duePrincipal=EUR 0.00 paidP=EUR 0.00 paidI=EUR 0.00 outstandingP=EUR 0.00 outstandingBal=EUR 0.00 fullyPaid=true
[11:57:26] [AdvancedPaymentScheduleTransactionProcessor.java:242]     IP1 [2026-03-03 -> 2026-04-03]: balCorr=EUR 0.00 outBal=EUR 0.00 disb=EUR 0.00 calcDueInt=0 rateFactor=0 rateFactorTillDue=0
[11:57:26] [AdvancedPaymentScheduleTransactionProcessor.java:242] --- END MODEL DUMP ---
[11:57:26] [AdvancedPaymentScheduleTransactionProcessor.java:265]   >> processSingleTransaction: type=DISBURSEMENT, date=2025-10-03, amount=231.590000, reversed=false
[11:57:26] [AdvancedPaymentScheduleTransactionProcessor.java:482]   >> processLatestTransaction: type=DISBURSEMENT, date=2025-10-03, amount=231.590000
[11:57:26] [AdvancedPaymentScheduleTransactionProcessor.java:1879]   recalculateInterestForDate[recalculateInterestForDate]: targetDate=2025-10-03, modelHasUpdates=false
[11:57:26] [ProgressiveEMICalculator.java:1139]    calculateLastUnpaidEMI: tillDate=2025-11-03, lastUnpaidPeriod=P6 [2026-03-03->2026-04-03]
[11:57:26] [ProgressiveEMICalculator.java:1139]      totalDueInterest=EUR 24.91, totalEMI=EUR 256.50, totalDisbursed=EUR 231.59, diff=EUR 0.00
[11:57:26] [ProgressiveEMICalculator.java:1139]      oldEMI=EUR 42.75 -> adjustedEMI=EUR 42.75
[11:57:26] [AdvancedPaymentScheduleTransactionProcessor.java:512] --- MODEL DUMP: AFTER processLatestTransaction DISBURSEMENT 2025-10-03 ---
[11:57:26] [AdvancedPaymentScheduleTransactionProcessor.java:512]   lastOverdueBalanceChange=null totalDuePrincipal=EUR 231.59 totalPaidPrincipal=EUR 0.00
[11:57:26] [AdvancedPaymentScheduleTransactionProcessor.java:512]   P1 [2025-10-03 -> 2025-11-03]: EMI=EUR 42.75 origEMI=EUR 42.75 calcDueInterest=EUR 6.95 dueInterest=EUR 6.95 duePrincipal=EUR 35.80 paidP=EUR 0.00 paidI=EUR 0.00 outstandingP=EUR 35.80 outstandingBal=EUR 195.79 fullyPaid=false
[11:57:26] [AdvancedPaymentScheduleTransactionProcessor.java:512]     IP1 [2025-10-03 -> 2025-10-03]: balCorr=EUR 0.00 outBal=EUR 0.00 disb=EUR 231.59 calcDueInt=0 rateFactor=0E-19 rateFactorTillDue=0.0299916666666666667
[11:57:26] [AdvancedPaymentScheduleTransactionProcessor.java:512]     IP2 [2025-10-03 -> 2025-11-03]: balCorr=EUR 0.00 outBal=EUR 231.59 disb=EUR 0.00 calcDueInt=6.945770083333333340 rateFactor=0.0299916666666666667 rateFactorTillDue=0.0299916666666666667
[11:57:26] [AdvancedPaymentScheduleTransactionProcessor.java:512]   P2 [2025-11-03 -> 2025-12-03]: EMI=EUR 42.75 origEMI=EUR 42.75 calcDueInterest=EUR 5.87 dueInterest=EUR 5.87 duePrincipal=EUR 36.88 paidP=EUR 0.00 paidI=EUR 0.00 outstandingP=EUR 36.88 outstandingBal=EUR 158.91 fullyPaid=false
[11:57:26] [AdvancedPaymentScheduleTransactionProcessor.java:512]     IP1 [2025-11-03 -> 2025-12-03]: balCorr=EUR 0.00 outBal=EUR 195.79 disb=EUR 0.00 calcDueInt=5.872068416666666673 rateFactor=0.0299916666666666667 rateFactorTillDue=0.0299916666666666667
[11:57:26] [AdvancedPaymentScheduleTransactionProcessor.java:512]   P3 [2025-12-03 -> 2026-01-03]: EMI=EUR 42.75 origEMI=EUR 42.75 calcDueInterest=EUR 4.77 dueInterest=EUR 4.77 duePrincipal=EUR 37.98 paidP=EUR 0.00 paidI=EUR 0.00 outstandingP=EUR 37.98 outstandingBal=EUR 120.93 fullyPaid=false
[11:57:26] [AdvancedPaymentScheduleTransactionProcessor.java:512]     IP1 [2025-12-03 -> 2026-01-03]: balCorr=EUR 0.00 outBal=EUR 158.91 disb=EUR 0.00 calcDueInt=4.765975750000000006 rateFactor=0.0299916666666666667 rateFactorTillDue=0.0299916666666666667
[11:57:26] [AdvancedPaymentScheduleTransactionProcessor.java:512]   P4 [2026-01-03 -> 2026-02-03]: EMI=EUR 42.75 origEMI=EUR 42.75 calcDueInterest=EUR 3.63 dueInterest=EUR 3.63 duePrincipal=EUR 39.12 paidP=EUR 0.00 paidI=EUR 0.00 outstandingP=EUR 39.12 outstandingBal=EUR 81.81 fullyPaid=false
[11:57:26] [AdvancedPaymentScheduleTransactionProcessor.java:512]     IP1 [2026-01-03 -> 2026-02-03]: balCorr=EUR 0.00 outBal=EUR 120.93 disb=EUR 0.00 calcDueInt=3.626892250000000003 rateFactor=0.0299916666666666667 rateFactorTillDue=0.0299916666666666667
[11:57:26] [AdvancedPaymentScheduleTransactionProcessor.java:512]   P5 [2026-02-03 -> 2026-03-03]: EMI=EUR 42.75 origEMI=EUR 42.75 calcDueInterest=EUR 2.45 dueInterest=EUR 2.45 duePrincipal=EUR 40.30 paidP=EUR 0.00 paidI=EUR 0.00 outstandingP=EUR 40.30 outstandingBal=EUR 41.51 fullyPaid=false
[11:57:26] [AdvancedPaymentScheduleTransactionProcessor.java:512]     IP1 [2026-02-03 -> 2026-03-03]: balCorr=EUR 0.00 outBal=EUR 81.81 disb=EUR 0.00 calcDueInt=2.453618250000000003 rateFactor=0.0299916666666666667 rateFactorTillDue=0.0299916666666666667
[11:57:26] [AdvancedPaymentScheduleTransactionProcessor.java:512]   P6 [2026-03-03 -> 2026-04-03]: EMI=EUR 42.75 origEMI=EUR 42.75 calcDueInterest=EUR 1.24 dueInterest=EUR 1.24 duePrincipal=EUR 41.51 paidP=EUR 0.00 paidI=EUR 0.00 outstandingP=EUR 41.51 outstandingBal=EUR 0.00 fullyPaid=false
[11:57:26] [AdvancedPaymentScheduleTransactionProcessor.java:512]     IP1 [2026-03-03 -> 2026-04-03]: balCorr=EUR 0.00 outBal=EUR 41.51 disb=EUR 0.00 calcDueInt=1.244954083333333335 rateFactor=0.0299916666666666667 rateFactorTillDue=0.0299916666666666667
[11:57:26] [AdvancedPaymentScheduleTransactionProcessor.java:512] --- END MODEL DUMP ---
[11:57:26] [AdvancedPaymentScheduleTransactionProcessor.java:248]   >> processLoanTermVariation: type=INTEREST_RATE_FROM_INSTALLMENT, date=2025-10-04
[11:57:26] [ProgressiveEMICalculator.java:1139]    calculateLastUnpaidEMI: tillDate=2025-11-03, lastUnpaidPeriod=P6 [2026-03-03->2026-04-03]
[11:57:26] [ProgressiveEMICalculator.java:1139]      totalDueInterest=EUR 17.86, totalEMI=EUR 249.48, totalDisbursed=EUR 231.59, diff=EUR -0.03
[11:57:26] [ProgressiveEMICalculator.java:1139]      oldEMI=EUR 41.58 -> adjustedEMI=EUR 41.55
[11:57:26] [AdvancedPaymentScheduleTransactionProcessor.java:251] --- MODEL DUMP: AFTER TERM_VARIATION INTEREST_RATE_FROM_INSTALLMENT ---
[11:57:26] [AdvancedPaymentScheduleTransactionProcessor.java:251]   lastOverdueBalanceChange=null totalDuePrincipal=EUR 231.59 totalPaidPrincipal=EUR 0.00
[11:57:26] [AdvancedPaymentScheduleTransactionProcessor.java:251]   P1 [2025-10-03 -> 2025-11-03]: EMI=EUR 41.58 origEMI=EUR 41.58 calcDueInterest=EUR 5.02 dueInterest=EUR 5.02 duePrincipal=EUR 36.56 paidP=EUR 0.00 paidI=EUR 0.00 outstandingP=EUR 36.56 outstandingBal=EUR 195.03 fullyPaid=false
[11:57:26] [AdvancedPaymentScheduleTransactionProcessor.java:251]     IP1 [2025-10-03 -> 2025-10-03]: balCorr=EUR 0.00 outBal=EUR 0.00 disb=EUR 231.59 calcDueInt=0 rateFactor=0E-19 rateFactorTillDue=0.0216583333333333333
[11:57:26] [AdvancedPaymentScheduleTransactionProcessor.java:251]     IP2 [2025-10-03 -> 2025-11-03]: balCorr=EUR 0.00 outBal=EUR 231.59 disb=EUR 0.00 calcDueInt=5.015853416666666658 rateFactor=0.0216583333333333333 rateFactorTillDue=0.0216583333333333333
[11:57:26] [AdvancedPaymentScheduleTransactionProcessor.java:251]   P2 [2025-11-03 -> 2025-12-03]: EMI=EUR 41.58 origEMI=EUR 41.58 calcDueInterest=EUR 4.22 dueInterest=EUR 4.22 duePrincipal=EUR 37.36 paidP=EUR 0.00 paidI=EUR 0.00 outstandingP=EUR 37.36 outstandingBal=EUR 157.67 fullyPaid=false
[11:57:26] [AdvancedPaymentScheduleTransactionProcessor.java:251]     IP1 [2025-11-03 -> 2025-12-03]: balCorr=EUR 0.00 outBal=EUR 195.03 disb=EUR 0.00 calcDueInt=4.224024749999999994 rateFactor=0.0216583333333333333 rateFactorTillDue=0.0216583333333333333
[11:57:26] [AdvancedPaymentScheduleTransactionProcessor.java:251]   P3 [2025-12-03 -> 2026-01-03]: EMI=EUR 41.58 origEMI=EUR 41.58 calcDueInterest=EUR 3.41 dueInterest=EUR 3.41 duePrincipal=EUR 38.17 paidP=EUR 0.00 paidI=EUR 0.00 outstandingP=EUR 38.17 outstandingBal=EUR 119.50 fullyPaid=false
[11:57:26] [AdvancedPaymentScheduleTransactionProcessor.java:251]     IP1 [2025-12-03 -> 2026-01-03]: balCorr=EUR 0.00 outBal=EUR 157.67 disb=EUR 0.00 calcDueInt=3.414869416666666660 rateFactor=0.0216583333333333333 rateFactorTillDue=0.0216583333333333333
[11:57:26] [AdvancedPaymentScheduleTransactionProcessor.java:251]   P4 [2026-01-03 -> 2026-02-03]: EMI=EUR 41.58 origEMI=EUR 41.58 calcDueInterest=EUR 2.59 dueInterest=EUR 2.59 duePrincipal=EUR 38.99 paidP=EUR 0.00 paidI=EUR 0.00 outstandingP=EUR 38.99 outstandingBal=EUR 80.51 fullyPaid=false
[11:57:26] [AdvancedPaymentScheduleTransactionProcessor.java:251]     IP1 [2026-01-03 -> 2026-02-03]: balCorr=EUR 0.00 outBal=EUR 119.50 disb=EUR 0.00 calcDueInt=2.588170833333333329 rateFactor=0.0216583333333333333 rateFactorTillDue=0.0216583333333333333
[11:57:26] [AdvancedPaymentScheduleTransactionProcessor.java:251]   P5 [2026-02-03 -> 2026-03-03]: EMI=EUR 41.58 origEMI=EUR 41.58 calcDueInterest=EUR 1.74 dueInterest=EUR 1.74 duePrincipal=EUR 39.84 paidP=EUR 0.00 paidI=EUR 0.00 outstandingP=EUR 39.84 outstandingBal=EUR 40.67 fullyPaid=false
[11:57:26] [AdvancedPaymentScheduleTransactionProcessor.java:251]     IP1 [2026-02-03 -> 2026-03-03]: balCorr=EUR 0.00 outBal=EUR 80.51 disb=EUR 0.00 calcDueInt=1.743712416666666664 rateFactor=0.0216583333333333333 rateFactorTillDue=0.0216583333333333333
[11:57:26] [AdvancedPaymentScheduleTransactionProcessor.java:251]   P6 [2026-03-03 -> 2026-04-03]: EMI=EUR 41.55 origEMI=EUR 41.58 calcDueInterest=EUR 0.88 dueInterest=EUR 0.88 duePrincipal=EUR 40.67 paidP=EUR 0.00 paidI=EUR 0.00 outstandingP=EUR 40.67 outstandingBal=EUR 0.00 fullyPaid=false
[11:57:26] [AdvancedPaymentScheduleTransactionProcessor.java:251]     IP1 [2026-03-03 -> 2026-04-03]: balCorr=EUR 0.00 outBal=EUR 40.67 disb=EUR 0.00 calcDueInt=0.8808444166666666653 rateFactor=0.0216583333333333333 rateFactorTillDue=0.0216583333333333333
[11:57:26] [AdvancedPaymentScheduleTransactionProcessor.java:251] --- END MODEL DUMP ---
[11:57:26] [AdvancedPaymentScheduleTransactionProcessor.java:265]   >> processSingleTransaction: type=MERCHANT_ISSUED_REFUND, date=2025-10-15, amount=220.830000, reversed=false
[11:57:26] [AdvancedPaymentScheduleTransactionProcessor.java:482]   >> processLatestTransaction: type=MERCHANT_ISSUED_REFUND, date=2025-10-15, amount=220.830000
[11:57:26] [ProgressiveEMICalculator.java:1139]    calculateLastUnpaidEMI: tillDate=2025-11-03, lastUnpaidPeriod=P6 [2026-03-03->2026-04-03]
[11:57:26] [ProgressiveEMICalculator.java:1139]      totalDueInterest=EUR 5.02, totalEMI=EUR 249.45, totalDisbursed=EUR 231.59, diff=EUR -12.84
[11:57:26] [ProgressiveEMICalculator.java:1139]      oldEMI=EUR 41.55 -> adjustedEMI=EUR 28.71
[11:57:26] [AdvancedPaymentScheduleTransactionProcessor.java:1879]   recalculateInterestForDate[recalculateInterestForDate]: targetDate=2025-10-15, modelHasUpdates=false
[11:57:26] [ProgressiveEMICalculator.java:1139]    calculateLastUnpaidEMI: tillDate=2025-10-15, lastUnpaidPeriod=P6 [2026-03-03->2026-04-03]
[11:57:26] [ProgressiveEMICalculator.java:1139]      totalDueInterest=EUR 1.94, totalEMI=EUR 249.45, totalDisbursed=EUR 231.59, diff=EUR -15.92
[11:57:26] [ProgressiveEMICalculator.java:1139]      oldEMI=EUR 41.55 -> adjustedEMI=EUR 25.63
[11:57:26] [ProgressiveEMICalculator.java:392]    >> payPrincipal: P6 [2026-03-03->2026-04-03], txDate=2025-10-15, amount=EUR 41.58
[11:57:26] [ProgressiveEMICalculator.java:363]    >> addBalanceCorrection: date=2025-10-15, amount=EUR -41.58
[11:57:26] [InterestPeriod.java:116]       IP[2025-10-03->2025-10-15].addBalanceCorrectionAmount: before=EUR 0.00 + EUR -41.58 = EUR -41.58
[11:57:26] [ProgressiveEMICalculator.java:1139]    calculateLastUnpaidEMI: tillDate=2025-10-15, lastUnpaidPeriod=P6 [2026-03-03->2026-04-03]
[11:57:26] [ProgressiveEMICalculator.java:1139]      totalDueInterest=EUR 12.66, totalEMI=EUR 249.45, totalDisbursed=EUR 231.59, diff=EUR -5.20
[11:57:26] [ProgressiveEMICalculator.java:1139]      oldEMI=EUR 41.55 -> adjustedEMI=EUR 36.35
[11:57:26] [ProgressiveEMICalculator.java:1139]    calculateLastUnpaidEMI: tillDate=2025-10-15, lastUnpaidPeriod=P5 [2026-02-03->2026-03-03]
[11:57:26] [ProgressiveEMICalculator.java:1139]      totalDueInterest=EUR 12.66, totalEMI=EUR 249.48, totalDisbursed=EUR 231.59, diff=EUR -5.23
[11:57:26] [ProgressiveEMICalculator.java:1139]      oldEMI=EUR 41.58 -> adjustedEMI=EUR 36.35
[11:57:26] [ProgressiveEMICalculator.java:1139]    calculateLastUnpaidEMI: tillDate=2025-10-15, lastUnpaidPeriod=P5 [2026-02-03->2026-03-03]
[11:57:26] [ProgressiveEMICalculator.java:1139]      totalDueInterest=EUR 12.66, totalEMI=EUR 244.25, totalDisbursed=EUR 231.59, diff=EUR 0.00
[11:57:26] [ProgressiveEMICalculator.java:1139]      oldEMI=EUR 36.35 -> adjustedEMI=EUR 36.35
[11:57:26] [ProgressiveEMICalculator.java:1139]    calculateLastUnpaidEMI: tillDate=2025-10-15, lastUnpaidPeriod=P5 [2026-02-03->2026-03-03]
[11:57:26] [ProgressiveEMICalculator.java:1139]      totalDueInterest=EUR 1.94, totalEMI=EUR 244.25, totalDisbursed=EUR 231.59, diff=EUR -10.72
[11:57:26] [ProgressiveEMICalculator.java:1139]      oldEMI=EUR 36.35 -> adjustedEMI=EUR 25.63
[11:57:26] [ProgressiveEMICalculator.java:1139]    calculateLastUnpaidEMI: tillDate=2025-10-15, lastUnpaidPeriod=P5 [2026-02-03->2026-03-03]
[11:57:26] [ProgressiveEMICalculator.java:1139]      totalDueInterest=EUR 12.66, totalEMI=EUR 244.25, totalDisbursed=EUR 231.59, diff=EUR 0.00
[11:57:26] [ProgressiveEMICalculator.java:1139]      oldEMI=EUR 36.35 -> adjustedEMI=EUR 36.35
[11:57:26] [ProgressiveEMICalculator.java:1139]    calculateLastUnpaidEMI: tillDate=2025-10-15, lastUnpaidPeriod=P5 [2026-02-03->2026-03-03]
[11:57:26] [ProgressiveEMICalculator.java:1139]      totalDueInterest=EUR 1.94, totalEMI=EUR 244.25, totalDisbursed=EUR 231.59, diff=EUR -10.72
[11:57:26] [ProgressiveEMICalculator.java:1139]      oldEMI=EUR 36.35 -> adjustedEMI=EUR 25.63
[11:57:26] [ProgressiveEMICalculator.java:392]    >> payPrincipal: P5 [2026-02-03->2026-03-03], txDate=2025-10-15, amount=EUR 41.58
[11:57:26] [ProgressiveEMICalculator.java:363]    >> addBalanceCorrection: date=2025-10-15, amount=EUR -41.58
[11:57:26] [InterestPeriod.java:116]       IP[2025-10-03->2025-10-15].addBalanceCorrectionAmount: before=EUR -41.58 + EUR -41.58 = EUR -83.16
[11:57:26] [ProgressiveEMICalculator.java:1139]    calculateLastUnpaidEMI: tillDate=2025-10-15, lastUnpaidPeriod=P5 [2026-02-03->2026-03-03]
[11:57:26] [ProgressiveEMICalculator.java:1139]      totalDueInterest=EUR 8.54, totalEMI=EUR 244.25, totalDisbursed=EUR 231.59, diff=EUR -4.12
[11:57:26] [ProgressiveEMICalculator.java:1139]      oldEMI=EUR 36.35 -> adjustedEMI=EUR 32.23
[11:57:26] [ProgressiveEMICalculator.java:1139]    calculateLastUnpaidEMI: tillDate=2025-10-15, lastUnpaidPeriod=P4 [2026-01-03->2026-02-03]
[11:57:26] [ProgressiveEMICalculator.java:1139]      totalDueInterest=EUR 8.54, totalEMI=EUR 249.48, totalDisbursed=EUR 231.59, diff=EUR -9.35
[11:57:26] [ProgressiveEMICalculator.java:1139]      oldEMI=EUR 41.58 -> adjustedEMI=EUR 32.23
[11:57:26] [ProgressiveEMICalculator.java:1139]    calculateLastUnpaidEMI: tillDate=2025-10-15, lastUnpaidPeriod=P4 [2026-01-03->2026-02-03]
[11:57:26] [ProgressiveEMICalculator.java:1139]      totalDueInterest=EUR 8.54, totalEMI=EUR 240.13, totalDisbursed=EUR 231.59, diff=EUR 0.00
[11:57:26] [ProgressiveEMICalculator.java:1139]      oldEMI=EUR 32.23 -> adjustedEMI=EUR 32.23
[11:57:26] [ProgressiveEMICalculator.java:1139]    calculateLastUnpaidEMI: tillDate=2025-10-15, lastUnpaidPeriod=P4 [2026-01-03->2026-02-03]
[11:57:26] [ProgressiveEMICalculator.java:1139]      totalDueInterest=EUR 1.94, totalEMI=EUR 240.13, totalDisbursed=EUR 231.59, diff=EUR -6.60
[11:57:26] [ProgressiveEMICalculator.java:1139]      oldEMI=EUR 32.23 -> adjustedEMI=EUR 25.63
[11:57:26] [ProgressiveEMICalculator.java:1139]    calculateLastUnpaidEMI: tillDate=2025-10-15, lastUnpaidPeriod=P4 [2026-01-03->2026-02-03]
[11:57:26] [ProgressiveEMICalculator.java:1139]      totalDueInterest=EUR 8.54, totalEMI=EUR 240.13, totalDisbursed=EUR 231.59, diff=EUR 0.00
[11:57:26] [ProgressiveEMICalculator.java:1139]      oldEMI=EUR 32.23 -> adjustedEMI=EUR 32.23
[11:57:26] [ProgressiveEMICalculator.java:1139]    calculateLastUnpaidEMI: tillDate=2025-10-15, lastUnpaidPeriod=P4 [2026-01-03->2026-02-03]
[11:57:26] [ProgressiveEMICalculator.java:1139]      totalDueInterest=EUR 1.94, totalEMI=EUR 240.13, totalDisbursed=EUR 231.59, diff=EUR -6.60
[11:57:26] [ProgressiveEMICalculator.java:1139]      oldEMI=EUR 32.23 -> adjustedEMI=EUR 25.63
[11:57:26] [ProgressiveEMICalculator.java:392]    >> payPrincipal: P4 [2026-01-03->2026-02-03], txDate=2025-10-15, amount=EUR 41.58
[11:57:26] [ProgressiveEMICalculator.java:363]    >> addBalanceCorrection: date=2025-10-15, amount=EUR -41.58
[11:57:26] [InterestPeriod.java:116]       IP[2025-10-03->2025-10-15].addBalanceCorrectionAmount: before=EUR -83.16 + EUR -41.58 = EUR -124.74
[11:57:26] [ProgressiveEMICalculator.java:1139]    calculateLastUnpaidEMI: tillDate=2025-10-15, lastUnpaidPeriod=P4 [2026-01-03->2026-02-03]
[11:57:26] [ProgressiveEMICalculator.java:1139]      totalDueInterest=EUR 5.47, totalEMI=EUR 240.13, totalDisbursed=EUR 231.59, diff=EUR -3.07
[11:57:26] [ProgressiveEMICalculator.java:1139]      oldEMI=EUR 32.23 -> adjustedEMI=EUR 29.16
[11:57:26] [ProgressiveEMICalculator.java:1139]    calculateLastUnpaidEMI: tillDate=2025-10-15, lastUnpaidPeriod=P3 [2025-12-03->2026-01-03]
[11:57:26] [ProgressiveEMICalculator.java:1139]      totalDueInterest=EUR 5.47, totalEMI=EUR 249.48, totalDisbursed=EUR 231.59, diff=EUR -12.42
[11:57:26] [ProgressiveEMICalculator.java:1139]      oldEMI=EUR 41.58 -> adjustedEMI=EUR 29.16
[11:57:26] [ProgressiveEMICalculator.java:1139]    calculateLastUnpaidEMI: tillDate=2025-10-15, lastUnpaidPeriod=P3 [2025-12-03->2026-01-03]
[11:57:26] [ProgressiveEMICalculator.java:1139]      totalDueInterest=EUR 5.47, totalEMI=EUR 237.06, totalDisbursed=EUR 231.59, diff=EUR 0.00
[11:57:26] [ProgressiveEMICalculator.java:1139]      oldEMI=EUR 29.16 -> adjustedEMI=EUR 29.16
[11:57:26] [ProgressiveEMICalculator.java:1139]    calculateLastUnpaidEMI: tillDate=2025-10-15, lastUnpaidPeriod=P3 [2025-12-03->2026-01-03]
[11:57:26] [ProgressiveEMICalculator.java:1139]      totalDueInterest=EUR 1.94, totalEMI=EUR 237.06, totalDisbursed=EUR 231.59, diff=EUR -3.53
[11:57:26] [ProgressiveEMICalculator.java:1139]      oldEMI=EUR 29.16 -> adjustedEMI=EUR 25.63
[11:57:26] [ProgressiveEMICalculator.java:1139]    calculateLastUnpaidEMI: tillDate=2025-10-15, lastUnpaidPeriod=P3 [2025-12-03->2026-01-03]
[11:57:26] [ProgressiveEMICalculator.java:1139]      totalDueInterest=EUR 5.47, totalEMI=EUR 237.06, totalDisbursed=EUR 231.59, diff=EUR 0.00
[11:57:26] [ProgressiveEMICalculator.java:1139]      oldEMI=EUR 29.16 -> adjustedEMI=EUR 29.16
[11:57:26] [ProgressiveEMICalculator.java:1139]    calculateLastUnpaidEMI: tillDate=2025-10-15, lastUnpaidPeriod=P3 [2025-12-03->2026-01-03]
[11:57:26] [ProgressiveEMICalculator.java:1139]      totalDueInterest=EUR 1.94, totalEMI=EUR 237.06, totalDisbursed=EUR 231.59, diff=EUR -3.53
[11:57:26] [ProgressiveEMICalculator.java:1139]      oldEMI=EUR 29.16 -> adjustedEMI=EUR 25.63
[11:57:26] [ProgressiveEMICalculator.java:392]    >> payPrincipal: P3 [2025-12-03->2026-01-03], txDate=2025-10-15, amount=EUR 41.58
[11:57:26] [ProgressiveEMICalculator.java:363]    >> addBalanceCorrection: date=2025-10-15, amount=EUR -41.58
[11:57:26] [InterestPeriod.java:116]       IP[2025-10-03->2025-10-15].addBalanceCorrectionAmount: before=EUR -124.74 + EUR -41.58 = EUR -166.32
[11:57:26] [ProgressiveEMICalculator.java:1139]    calculateLastUnpaidEMI: tillDate=2025-10-15, lastUnpaidPeriod=P3 [2025-12-03->2026-01-03]
[11:57:26] [ProgressiveEMICalculator.java:1139]      totalDueInterest=EUR 3.38, totalEMI=EUR 237.06, totalDisbursed=EUR 231.59, diff=EUR -2.09
[11:57:26] [ProgressiveEMICalculator.java:1139]      oldEMI=EUR 29.16 -> adjustedEMI=EUR 27.07
[11:57:26] [ProgressiveEMICalculator.java:1139]    calculateLastUnpaidEMI: tillDate=2025-10-15, lastUnpaidPeriod=P2 [2025-11-03->2025-12-03]
[11:57:26] [ProgressiveEMICalculator.java:1139]      totalDueInterest=EUR 3.38, totalEMI=EUR 249.48, totalDisbursed=EUR 231.59, diff=EUR -14.51
[11:57:26] [ProgressiveEMICalculator.java:1139]      oldEMI=EUR 41.58 -> adjustedEMI=EUR 27.07
[11:57:26] [ProgressiveEMICalculator.java:1139]    calculateLastUnpaidEMI: tillDate=2025-10-15, lastUnpaidPeriod=P2 [2025-11-03->2025-12-03]
[11:57:26] [ProgressiveEMICalculator.java:1139]      totalDueInterest=EUR 3.38, totalEMI=EUR 234.97, totalDisbursed=EUR 231.59, diff=EUR 0.00
[11:57:26] [ProgressiveEMICalculator.java:1139]      oldEMI=EUR 27.07 -> adjustedEMI=EUR 27.07
[11:57:26] [ProgressiveEMICalculator.java:1139]    calculateLastUnpaidEMI: tillDate=2025-10-15, lastUnpaidPeriod=P2 [2025-11-03->2025-12-03]
[11:57:26] [ProgressiveEMICalculator.java:1139]      totalDueInterest=EUR 1.94, totalEMI=EUR 234.97, totalDisbursed=EUR 231.59, diff=EUR -1.44
[11:57:26] [ProgressiveEMICalculator.java:1139]      oldEMI=EUR 27.07 -> adjustedEMI=EUR 25.63
[11:57:26] [ProgressiveEMICalculator.java:1139]    calculateLastUnpaidEMI: tillDate=2025-10-15, lastUnpaidPeriod=P2 [2025-11-03->2025-12-03]
[11:57:26] [ProgressiveEMICalculator.java:1139]      totalDueInterest=EUR 3.38, totalEMI=EUR 234.97, totalDisbursed=EUR 231.59, diff=EUR 0.00
[11:57:26] [ProgressiveEMICalculator.java:1139]      oldEMI=EUR 27.07 -> adjustedEMI=EUR 27.07
[11:57:26] [ProgressiveEMICalculator.java:1139]    calculateLastUnpaidEMI: tillDate=2025-10-15, lastUnpaidPeriod=P2 [2025-11-03->2025-12-03]
[11:57:26] [ProgressiveEMICalculator.java:1139]      totalDueInterest=EUR 1.94, totalEMI=EUR 234.97, totalDisbursed=EUR 231.59, diff=EUR -1.44
[11:57:26] [ProgressiveEMICalculator.java:1139]      oldEMI=EUR 27.07 -> adjustedEMI=EUR 25.63
[11:57:26] [ProgressiveEMICalculator.java:392]    >> payPrincipal: P2 [2025-11-03->2025-12-03], txDate=2025-10-15, amount=EUR 41.58
[11:57:26] [ProgressiveEMICalculator.java:363]    >> addBalanceCorrection: date=2025-10-15, amount=EUR -41.58
[11:57:26] [InterestPeriod.java:116]       IP[2025-10-03->2025-10-15].addBalanceCorrectionAmount: before=EUR -166.32 + EUR -41.58 = EUR -207.90
[11:57:26] [ProgressiveEMICalculator.java:1139]    calculateLastUnpaidEMI: tillDate=2025-10-15, lastUnpaidPeriod=P2 [2025-11-03->2025-12-03]
[11:57:26] [ProgressiveEMICalculator.java:1139]      totalDueInterest=EUR 2.26, totalEMI=EUR 219.34, totalDisbursed=EUR 231.59, diff=EUR 14.51
[11:57:26] [ProgressiveEMICalculator.java:1139]      oldEMI=EUR 27.07 -> adjustedEMI=EUR 41.58
[11:57:26] [ProgressiveEMICalculator.java:1139]    calculateLastUnpaidEMI: tillDate=2025-10-15, lastUnpaidPeriod=P1 [2025-10-03->2025-11-03]
[11:57:26] [ProgressiveEMICalculator.java:1139]      totalDueInterest=EUR 2.26, totalEMI=EUR 233.85, totalDisbursed=EUR 231.59, diff=EUR 0.00
[11:57:26] [ProgressiveEMICalculator.java:1139]      oldEMI=EUR 25.95 -> adjustedEMI=EUR 25.95
[11:57:26] [ProgressiveEMICalculator.java:1139]    calculateLastUnpaidEMI: tillDate=2025-10-15, lastUnpaidPeriod=P1 [2025-10-03->2025-11-03]
[11:57:26] [ProgressiveEMICalculator.java:1139]      totalDueInterest=EUR 1.94, totalEMI=EUR 233.53, totalDisbursed=EUR 231.59, diff=EUR 0.00
[11:57:26] [ProgressiveEMICalculator.java:1139]      oldEMI=EUR 25.63 -> adjustedEMI=EUR 25.63
[11:57:26] [ProgressiveEMICalculator.java:1139]    calculateLastUnpaidEMI: tillDate=2025-10-15, lastUnpaidPeriod=P1 [2025-10-03->2025-11-03]
[11:57:26] [ProgressiveEMICalculator.java:1139]      totalDueInterest=EUR 2.26, totalEMI=EUR 233.85, totalDisbursed=EUR 231.59, diff=EUR 0.00
[11:57:26] [ProgressiveEMICalculator.java:1139]      oldEMI=EUR 25.95 -> adjustedEMI=EUR 25.95
[11:57:26] [ProgressiveEMICalculator.java:1139]    calculateLastUnpaidEMI: tillDate=2025-10-15, lastUnpaidPeriod=P1 [2025-10-03->2025-11-03]
[11:57:26] [ProgressiveEMICalculator.java:1139]      totalDueInterest=EUR 1.94, totalEMI=EUR 233.53, totalDisbursed=EUR 231.59, diff=EUR 0.00
[11:57:26] [ProgressiveEMICalculator.java:1139]      oldEMI=EUR 25.63 -> adjustedEMI=EUR 25.63
[11:57:26] [ProgressiveEMICalculator.java:392]    >> payPrincipal: P1 [2025-10-03->2025-11-03], txDate=2025-10-15, amount=EUR 12.93
[11:57:26] [ProgressiveEMICalculator.java:363]    >> addBalanceCorrection: date=2025-10-15, amount=EUR -12.93
[11:57:26] [InterestPeriod.java:116]       IP[2025-10-03->2025-10-15].addBalanceCorrectionAmount: before=EUR -207.90 + EUR -12.93 = EUR -220.83
[11:57:26] [ProgressiveEMICalculator.java:1139]    calculateLastUnpaidEMI: tillDate=2025-10-15, lastUnpaidPeriod=P1 [2025-10-03->2025-11-03]
[11:57:26] [ProgressiveEMICalculator.java:1139]      totalDueInterest=EUR 2.08, totalEMI=EUR 233.67, totalDisbursed=EUR 231.59, diff=EUR 0.00
[11:57:26] [ProgressiveEMICalculator.java:1139]      oldEMI=EUR 25.77 -> adjustedEMI=EUR 25.77
[11:57:26] [ProgressiveEMICalculator.java:1139]    calculateLastUnpaidEMI: tillDate=2025-10-15, lastUnpaidPeriod=P1 [2025-10-03->2025-11-03]
[11:57:26] [ProgressiveEMICalculator.java:1139]      totalDueInterest=EUR 1.94, totalEMI=EUR 233.53, totalDisbursed=EUR 231.59, diff=EUR 0.00
[11:57:26] [ProgressiveEMICalculator.java:1139]      oldEMI=EUR 25.63 -> adjustedEMI=EUR 25.63
[11:57:26] [ProgressiveEMICalculator.java:1139]    calculateLastUnpaidEMI: tillDate=2025-10-15, lastUnpaidPeriod=P1 [2025-10-03->2025-11-03]
[11:57:26] [ProgressiveEMICalculator.java:1139]      totalDueInterest=EUR 2.08, totalEMI=EUR 233.67, totalDisbursed=EUR 231.59, diff=EUR 0.00
[11:57:26] [ProgressiveEMICalculator.java:1139]      oldEMI=EUR 25.77 -> adjustedEMI=EUR 25.77
[11:57:26] [AdvancedPaymentScheduleTransactionProcessor.java:512] --- MODEL DUMP: AFTER processLatestTransaction MERCHANT_ISSUED_REFUND 2025-10-15 ---
[11:57:26] [AdvancedPaymentScheduleTransactionProcessor.java:512]   lastOverdueBalanceChange=null totalDuePrincipal=EUR 231.59 totalPaidPrincipal=EUR 220.83
[11:57:26] [AdvancedPaymentScheduleTransactionProcessor.java:512]   P1 [2025-10-03 -> 2025-11-03]: EMI=EUR 25.77 origEMI=EUR 41.58 calcDueInterest=EUR 2.08 dueInterest=EUR 2.08 duePrincipal=EUR 23.69 paidP=EUR 12.93 paidI=EUR 0.00 outstandingP=EUR 10.76 outstandingBal=EUR 0.00 fullyPaid=false
[11:57:26] [AdvancedPaymentScheduleTransactionProcessor.java:512]     IP1 [2025-10-03 -> 2025-10-03]: balCorr=EUR 0.00 outBal=EUR 0.00 disb=EUR 231.59 calcDueInt=0 rateFactor=0E-19 rateFactorTillDue=0.0216583333333333333
[11:57:26] [AdvancedPaymentScheduleTransactionProcessor.java:512]     IP2 [2025-10-03 -> 2025-10-15]: balCorr=EUR -220.83 outBal=EUR 231.59 disb=EUR 0.00 calcDueInt=1.941620677419354835 rateFactor=0.0083838709677419355 rateFactorTillDue=0.0216583333333333333
[11:57:26] [AdvancedPaymentScheduleTransactionProcessor.java:512]     IP3 [2025-10-15 -> 2025-11-03]: balCorr=EUR 0.00 outBal=EUR 10.76 disb=EUR 0.00 calcDueInt=0.1428332150537634403 rateFactor=0.0132744623655913978 rateFactorTillDue=0.0132744623655913978
[11:57:26] [AdvancedPaymentScheduleTransactionProcessor.java:512]   P2 [2025-11-03 -> 2025-12-03]: EMI=EUR 41.58 origEMI=EUR 41.58 calcDueInterest=EUR 0.00 dueInterest=EUR 0.00 duePrincipal=EUR 41.58 paidP=EUR 41.58 paidI=EUR 0.00 outstandingP=EUR 0.00 outstandingBal=EUR 0.00 fullyPaid=true
[11:57:26] [AdvancedPaymentScheduleTransactionProcessor.java:512]     IP1 [2025-11-03 -> 2025-12-03]: balCorr=EUR 0.00 outBal=EUR 0.00 disb=EUR 0.00 calcDueInt=0 rateFactor=0.0216583333333333333 rateFactorTillDue=0.0216583333333333333
[11:57:26] [AdvancedPaymentScheduleTransactionProcessor.java:512]   P3 [2025-12-03 -> 2026-01-03]: EMI=EUR 41.58 origEMI=EUR 41.58 calcDueInterest=EUR 0.00 dueInterest=EUR 0.00 duePrincipal=EUR 41.58 paidP=EUR 41.58 paidI=EUR 0.00 outstandingP=EUR 0.00 outstandingBal=EUR 0.00 fullyPaid=true
[11:57:26] [AdvancedPaymentScheduleTransactionProcessor.java:512]     IP1 [2025-12-03 -> 2026-01-03]: balCorr=EUR 0.00 outBal=EUR 0.00 disb=EUR 0.00 calcDueInt=0 rateFactor=0.0216583333333333333 rateFactorTillDue=0.0216583333333333333
[11:57:26] [AdvancedPaymentScheduleTransactionProcessor.java:512]   P4 [2026-01-03 -> 2026-02-03]: EMI=EUR 41.58 origEMI=EUR 41.58 calcDueInterest=EUR 0.00 dueInterest=EUR 0.00 duePrincipal=EUR 41.58 paidP=EUR 41.58 paidI=EUR 0.00 outstandingP=EUR 0.00 outstandingBal=EUR 0.00 fullyPaid=true
[11:57:26] [AdvancedPaymentScheduleTransactionProcessor.java:512]     IP1 [2026-01-03 -> 2026-02-03]: balCorr=EUR 0.00 outBal=EUR 0.00 disb=EUR 0.00 calcDueInt=0 rateFactor=0.0216583333333333333 rateFactorTillDue=0.0216583333333333333
[11:57:26] [AdvancedPaymentScheduleTransactionProcessor.java:512]   P5 [2026-02-03 -> 2026-03-03]: EMI=EUR 41.58 origEMI=EUR 41.58 calcDueInterest=EUR 0.00 dueInterest=EUR 0.00 duePrincipal=EUR 41.58 paidP=EUR 41.58 paidI=EUR 0.00 outstandingP=EUR 0.00 outstandingBal=EUR 0.00 fullyPaid=true
[11:57:26] [AdvancedPaymentScheduleTransactionProcessor.java:512]     IP1 [2026-02-03 -> 2026-03-03]: balCorr=EUR 0.00 outBal=EUR 0.00 disb=EUR 0.00 calcDueInt=0 rateFactor=0.0216583333333333333 rateFactorTillDue=0.0216583333333333333
[11:57:26] [AdvancedPaymentScheduleTransactionProcessor.java:512]   P6 [2026-03-03 -> 2026-04-03]: EMI=EUR 41.58 origEMI=EUR 41.58 calcDueInterest=EUR 0.00 dueInterest=EUR 0.00 duePrincipal=EUR 41.58 paidP=EUR 41.58 paidI=EUR 0.00 outstandingP=EUR 0.00 outstandingBal=EUR 0.00 fullyPaid=true
[11:57:26] [AdvancedPaymentScheduleTransactionProcessor.java:512]     IP1 [2026-03-03 -> 2026-04-03]: balCorr=EUR 0.00 outBal=EUR 0.00 disb=EUR 0.00 calcDueInt=0 rateFactor=0.0216583333333333333 rateFactorTillDue=0.0216583333333333333
[11:57:26] [AdvancedPaymentScheduleTransactionProcessor.java:512] --- END MODEL DUMP ---
[11:57:26] [AdvancedPaymentScheduleTransactionProcessor.java:265]   >> processSingleTransaction: type=INTEREST_REFUND, date=2025-10-15, amount=2.570000, reversed=false
[11:57:26] [AdvancedPaymentScheduleTransactionProcessor.java:482]   >> processLatestTransaction: type=INTEREST_REFUND, date=2025-10-15, amount=2.570000
[11:57:26] [ProgressiveEMICalculator.java:1139]    calculateLastUnpaidEMI: tillDate=2025-11-03, lastUnpaidPeriod=P1 [2025-10-03->2025-11-03]
[11:57:26] [ProgressiveEMICalculator.java:1139]      totalDueInterest=EUR 2.08, totalEMI=EUR 233.67, totalDisbursed=EUR 231.59, diff=EUR 0.00
[11:57:26] [ProgressiveEMICalculator.java:1139]      oldEMI=EUR 25.77 -> adjustedEMI=EUR 25.77
[11:57:26] [AdvancedPaymentScheduleTransactionProcessor.java:1879]   recalculateInterestForDate[recalculateInterestForDate]: targetDate=2025-10-15, modelHasUpdates=false
[11:57:26] [ProgressiveEMICalculator.java:1139]    calculateLastUnpaidEMI: tillDate=2025-10-15, lastUnpaidPeriod=P1 [2025-10-03->2025-11-03]
[11:57:26] [ProgressiveEMICalculator.java:1139]      totalDueInterest=EUR 1.94, totalEMI=EUR 233.53, totalDisbursed=EUR 231.59, diff=EUR 0.00
[11:57:26] [ProgressiveEMICalculator.java:1139]      oldEMI=EUR 25.63 -> adjustedEMI=EUR 25.63
[11:57:26] [ProgressiveEMICalculator.java:1139]    calculateLastUnpaidEMI: tillDate=2025-11-03, lastUnpaidPeriod=P6 [2026-03-03->2026-04-03]
[11:57:26] [ProgressiveEMICalculator.java:1139]      totalDueInterest=EUR 17.86, totalEMI=EUR 249.48, totalDisbursed=EUR 231.59, diff=EUR -0.03
[11:57:26] [ProgressiveEMICalculator.java:1139]      oldEMI=EUR 41.58 -> adjustedEMI=EUR 41.55
[11:57:26] [AdvancedPaymentScheduleTransactionProcessor.java:240] ======== === NEW REPROCESSING CYCLE === ========
[11:57:26] [AdvancedPaymentScheduleTransactionProcessor.java:241] ======== REPROCESSING START ========
[11:57:26] [AdvancedPaymentScheduleTransactionProcessor.java:241] reprocessProgressiveLoanTransactions: targetDate=2025-10-15, operations=3
[11:57:26] [AdvancedPaymentScheduleTransactionProcessor.java:242] --- MODEL DUMP: INITIAL MODEL ---
[11:57:26] [AdvancedPaymentScheduleTransactionProcessor.java:242]   lastOverdueBalanceChange=null totalDuePrincipal=EUR 0.00 totalPaidPrincipal=EUR 0.00
[11:57:26] [AdvancedPaymentScheduleTransactionProcessor.java:242]   P1 [2025-10-03 -> 2025-11-03]: EMI=EUR 0.00 origEMI=EUR 0.00 calcDueInterest=EUR 0.00 dueInterest=EUR 0.00 duePrincipal=EUR 0.00 paidP=EUR 0.00 paidI=EUR 0.00 outstandingP=EUR 0.00 outstandingBal=EUR 0.00 fullyPaid=true
[11:57:26] [AdvancedPaymentScheduleTransactionProcessor.java:242]     IP1 [2025-10-03 -> 2025-11-03]: balCorr=EUR 0.00 outBal=EUR 0.00 disb=EUR 0.00 calcDueInt=0 rateFactor=0 rateFactorTillDue=0
[11:57:26] [AdvancedPaymentScheduleTransactionProcessor.java:242]   P2 [2025-11-03 -> 2025-12-03]: EMI=EUR 0.00 origEMI=EUR 0.00 calcDueInterest=EUR 0.00 dueInterest=EUR 0.00 duePrincipal=EUR 0.00 paidP=EUR 0.00 paidI=EUR 0.00 outstandingP=EUR 0.00 outstandingBal=EUR 0.00 fullyPaid=true
[11:57:26] [AdvancedPaymentScheduleTransactionProcessor.java:242]     IP1 [2025-11-03 -> 2025-12-03]: balCorr=EUR 0.00 outBal=EUR 0.00 disb=EUR 0.00 calcDueInt=0 rateFactor=0 rateFactorTillDue=0
[11:57:26] [AdvancedPaymentScheduleTransactionProcessor.java:242]   P3 [2025-12-03 -> 2026-01-03]: EMI=EUR 0.00 origEMI=EUR 0.00 calcDueInterest=EUR 0.00 dueInterest=EUR 0.00 duePrincipal=EUR 0.00 paidP=EUR 0.00 paidI=EUR 0.00 outstandingP=EUR 0.00 outstandingBal=EUR 0.00 fullyPaid=true
[11:57:26] [AdvancedPaymentScheduleTransactionProcessor.java:242]     IP1 [2025-12-03 -> 2026-01-03]: balCorr=EUR 0.00 outBal=EUR 0.00 disb=EUR 0.00 calcDueInt=0 rateFactor=0 rateFactorTillDue=0
[11:57:26] [AdvancedPaymentScheduleTransactionProcessor.java:242]   P4 [2026-01-03 -> 2026-02-03]: EMI=EUR 0.00 origEMI=EUR 0.00 calcDueInterest=EUR 0.00 dueInterest=EUR 0.00 duePrincipal=EUR 0.00 paidP=EUR 0.00 paidI=EUR 0.00 outstandingP=EUR 0.00 outstandingBal=EUR 0.00 fullyPaid=true
[11:57:26] [AdvancedPaymentScheduleTransactionProcessor.java:242]     IP1 [2026-01-03 -> 2026-02-03]: balCorr=EUR 0.00 outBal=EUR 0.00 disb=EUR 0.00 calcDueInt=0 rateFactor=0 rateFactorTillDue=0
[11:57:26] [AdvancedPaymentScheduleTransactionProcessor.java:242]   P5 [2026-02-03 -> 2026-03-03]: EMI=EUR 0.00 origEMI=EUR 0.00 calcDueInterest=EUR 0.00 dueInterest=EUR 0.00 duePrincipal=EUR 0.00 paidP=EUR 0.00 paidI=EUR 0.00 outstandingP=EUR 0.00 outstandingBal=EUR 0.00 fullyPaid=true
[11:57:26] [AdvancedPaymentScheduleTransactionProcessor.java:242]     IP1 [2026-02-03 -> 2026-03-03]: balCorr=EUR 0.00 outBal=EUR 0.00 disb=EUR 0.00 calcDueInt=0 rateFactor=0 rateFactorTillDue=0
[11:57:26] [AdvancedPaymentScheduleTransactionProcessor.java:242]   P6 [2026-03-03 -> 2026-04-03]: EMI=EUR 0.00 origEMI=EUR 0.00 calcDueInterest=EUR 0.00 dueInterest=EUR 0.00 duePrincipal=EUR 0.00 paidP=EUR 0.00 paidI=EUR 0.00 outstandingP=EUR 0.00 outstandingBal=EUR 0.00 fullyPaid=true
[11:57:26] [AdvancedPaymentScheduleTransactionProcessor.java:242]     IP1 [2026-03-03 -> 2026-04-03]: balCorr=EUR 0.00 outBal=EUR 0.00 disb=EUR 0.00 calcDueInt=0 rateFactor=0 rateFactorTillDue=0
[11:57:26] [AdvancedPaymentScheduleTransactionProcessor.java:242] --- END MODEL DUMP ---
[11:57:26] [AdvancedPaymentScheduleTransactionProcessor.java:265]   >> processSingleTransaction: type=DISBURSEMENT, date=2025-10-03, amount=231.590000, reversed=false
[11:57:26] [AdvancedPaymentScheduleTransactionProcessor.java:482]   >> processLatestTransaction: type=DISBURSEMENT, date=2025-10-03, amount=231.590000
[11:57:26] [AdvancedPaymentScheduleTransactionProcessor.java:1879]   recalculateInterestForDate[recalculateInterestForDate]: targetDate=2025-10-03, modelHasUpdates=false
[11:57:26] [ProgressiveEMICalculator.java:1139]    calculateLastUnpaidEMI: tillDate=2025-11-03, lastUnpaidPeriod=P6 [2026-03-03->2026-04-03]
[11:57:26] [ProgressiveEMICalculator.java:1139]      totalDueInterest=EUR 24.91, totalEMI=EUR 256.50, totalDisbursed=EUR 231.59, diff=EUR 0.00
[11:57:26] [ProgressiveEMICalculator.java:1139]      oldEMI=EUR 42.75 -> adjustedEMI=EUR 42.75
[11:57:26] [AdvancedPaymentScheduleTransactionProcessor.java:512] --- MODEL DUMP: AFTER processLatestTransaction DISBURSEMENT 2025-10-03 ---
[11:57:26] [AdvancedPaymentScheduleTransactionProcessor.java:512]   lastOverdueBalanceChange=null totalDuePrincipal=EUR 231.59 totalPaidPrincipal=EUR 0.00
[11:57:26] [AdvancedPaymentScheduleTransactionProcessor.java:512]   P1 [2025-10-03 -> 2025-11-03]: EMI=EUR 42.75 origEMI=EUR 42.75 calcDueInterest=EUR 6.95 dueInterest=EUR 6.95 duePrincipal=EUR 35.80 paidP=EUR 0.00 paidI=EUR 0.00 outstandingP=EUR 35.80 outstandingBal=EUR 195.79 fullyPaid=false
[11:57:26] [AdvancedPaymentScheduleTransactionProcessor.java:512]     IP1 [2025-10-03 -> 2025-10-03]: balCorr=EUR 0.00 outBal=EUR 0.00 disb=EUR 231.59 calcDueInt=0 rateFactor=0E-19 rateFactorTillDue=0.0299916666666666667
[11:57:26] [AdvancedPaymentScheduleTransactionProcessor.java:512]     IP2 [2025-10-03 -> 2025-11-03]: balCorr=EUR 0.00 outBal=EUR 231.59 disb=EUR 0.00 calcDueInt=6.945770083333333340 rateFactor=0.0299916666666666667 rateFactorTillDue=0.0299916666666666667
[11:57:26] [AdvancedPaymentScheduleTransactionProcessor.java:512]   P2 [2025-11-03 -> 2025-12-03]: EMI=EUR 42.75 origEMI=EUR 42.75 calcDueInterest=EUR 5.87 dueInterest=EUR 5.87 duePrincipal=EUR 36.88 paidP=EUR 0.00 paidI=EUR 0.00 outstandingP=EUR 36.88 outstandingBal=EUR 158.91 fullyPaid=false
[11:57:26] [AdvancedPaymentScheduleTransactionProcessor.java:512]     IP1 [2025-11-03 -> 2025-12-03]: balCorr=EUR 0.00 outBal=EUR 195.79 disb=EUR 0.00 calcDueInt=5.872068416666666673 rateFactor=0.0299916666666666667 rateFactorTillDue=0.0299916666666666667
[11:57:26] [AdvancedPaymentScheduleTransactionProcessor.java:512]   P3 [2025-12-03 -> 2026-01-03]: EMI=EUR 42.75 origEMI=EUR 42.75 calcDueInterest=EUR 4.77 dueInterest=EUR 4.77 duePrincipal=EUR 37.98 paidP=EUR 0.00 paidI=EUR 0.00 outstandingP=EUR 37.98 outstandingBal=EUR 120.93 fullyPaid=false
[11:57:26] [AdvancedPaymentScheduleTransactionProcessor.java:512]     IP1 [2025-12-03 -> 2026-01-03]: balCorr=EUR 0.00 outBal=EUR 158.91 disb=EUR 0.00 calcDueInt=4.765975750000000006 rateFactor=0.0299916666666666667 rateFactorTillDue=0.0299916666666666667
[11:57:26] [AdvancedPaymentScheduleTransactionProcessor.java:512]   P4 [2026-01-03 -> 2026-02-03]: EMI=EUR 42.75 origEMI=EUR 42.75 calcDueInterest=EUR 3.63 dueInterest=EUR 3.63 duePrincipal=EUR 39.12 paidP=EUR 0.00 paidI=EUR 0.00 outstandingP=EUR 39.12 outstandingBal=EUR 81.81 fullyPaid=false
[11:57:26] [AdvancedPaymentScheduleTransactionProcessor.java:512]     IP1 [2026-01-03 -> 2026-02-03]: balCorr=EUR 0.00 outBal=EUR 120.93 disb=EUR 0.00 calcDueInt=3.626892250000000003 rateFactor=0.0299916666666666667 rateFactorTillDue=0.0299916666666666667
[11:57:26] [AdvancedPaymentScheduleTransactionProcessor.java:512]   P5 [2026-02-03 -> 2026-03-03]: EMI=EUR 42.75 origEMI=EUR 42.75 calcDueInterest=EUR 2.45 dueInterest=EUR 2.45 duePrincipal=EUR 40.30 paidP=EUR 0.00 paidI=EUR 0.00 outstandingP=EUR 40.30 outstandingBal=EUR 41.51 fullyPaid=false
[11:57:26] [AdvancedPaymentScheduleTransactionProcessor.java:512]     IP1 [2026-02-03 -> 2026-03-03]: balCorr=EUR 0.00 outBal=EUR 81.81 disb=EUR 0.00 calcDueInt=2.453618250000000003 rateFactor=0.0299916666666666667 rateFactorTillDue=0.0299916666666666667
[11:57:26] [AdvancedPaymentScheduleTransactionProcessor.java:512]   P6 [2026-03-03 -> 2026-04-03]: EMI=EUR 42.75 origEMI=EUR 42.75 calcDueInterest=EUR 1.24 dueInterest=EUR 1.24 duePrincipal=EUR 41.51 paidP=EUR 0.00 paidI=EUR 0.00 outstandingP=EUR 41.51 outstandingBal=EUR 0.00 fullyPaid=false
[11:57:26] [AdvancedPaymentScheduleTransactionProcessor.java:512]     IP1 [2026-03-03 -> 2026-04-03]: balCorr=EUR 0.00 outBal=EUR 41.51 disb=EUR 0.00 calcDueInt=1.244954083333333335 rateFactor=0.0299916666666666667 rateFactorTillDue=0.0299916666666666667
[11:57:26] [AdvancedPaymentScheduleTransactionProcessor.java:512] --- END MODEL DUMP ---
[11:57:26] [AdvancedPaymentScheduleTransactionProcessor.java:265]   >> processSingleTransaction: type=REPAYMENT, date=2025-10-03, amount=220.830000, reversed=false
[11:57:26] [AdvancedPaymentScheduleTransactionProcessor.java:482]   >> processLatestTransaction: type=REPAYMENT, date=2025-10-03, amount=220.830000
[11:57:26] [ProgressiveEMICalculator.java:1139]    calculateLastUnpaidEMI: tillDate=2025-11-03, lastUnpaidPeriod=P6 [2026-03-03->2026-04-03]
[11:57:26] [ProgressiveEMICalculator.java:1139]      totalDueInterest=EUR 6.95, totalEMI=EUR 256.50, totalDisbursed=EUR 231.59, diff=EUR -17.96
[11:57:26] [ProgressiveEMICalculator.java:1139]      oldEMI=EUR 42.75 -> adjustedEMI=EUR 24.79
[11:57:26] [AdvancedPaymentScheduleTransactionProcessor.java:1879]   recalculateInterestForDate[recalculateInterestForDate]: targetDate=2025-10-03, modelHasUpdates=false
[11:57:26] [ProgressiveEMICalculator.java:1139]    calculateLastUnpaidEMI: tillDate=2025-10-03, lastUnpaidPeriod=P6 [2026-03-03->2026-04-03]
[11:57:26] [ProgressiveEMICalculator.java:1139]      totalDueInterest=EUR 0.00, totalEMI=EUR 256.50, totalDisbursed=EUR 231.59, diff=EUR -24.91
[11:57:26] [ProgressiveEMICalculator.java:1139]      oldEMI=EUR 42.75 -> adjustedEMI=EUR 17.84
[11:57:26] [ProgressiveEMICalculator.java:1139]    calculateLastUnpaidEMI: tillDate=2025-10-03, lastUnpaidPeriod=P6 [2026-03-03->2026-04-03]
[11:57:26] [ProgressiveEMICalculator.java:1139]      totalDueInterest=EUR 24.91, totalEMI=EUR 256.50, totalDisbursed=EUR 231.59, diff=EUR 0.00
[11:57:26] [ProgressiveEMICalculator.java:1139]      oldEMI=EUR 42.75 -> adjustedEMI=EUR 42.75
[11:57:26] [ProgressiveEMICalculator.java:1139]    calculateLastUnpaidEMI: tillDate=2025-10-03, lastUnpaidPeriod=P6 [2026-03-03->2026-04-03]
[11:57:26] [ProgressiveEMICalculator.java:1139]      totalDueInterest=EUR 0.00, totalEMI=EUR 256.50, totalDisbursed=EUR 231.59, diff=EUR -24.91
[11:57:26] [ProgressiveEMICalculator.java:1139]      oldEMI=EUR 42.75 -> adjustedEMI=EUR 17.84
[11:57:26] [ProgressiveEMICalculator.java:392]    >> payPrincipal: P1 [2025-10-03->2025-11-03], txDate=2025-10-03, amount=EUR 42.75
[11:57:26] [ProgressiveEMICalculator.java:363]    >> addBalanceCorrection: date=2025-10-03, amount=EUR -42.75
[11:57:26] [InterestPeriod.java:116]       IP[2025-10-03->2025-10-03].addBalanceCorrectionAmount: before=EUR 0.00 + EUR -42.75 = EUR -42.75
[11:57:26] [ProgressiveEMICalculator.java:1139]    calculateLastUnpaidEMI: tillDate=2025-10-03, lastUnpaidPeriod=P6 [2026-03-03->2026-04-03]
[11:57:26] [ProgressiveEMICalculator.java:1139]      totalDueInterest=EUR 23.23, totalEMI=EUR 256.50, totalDisbursed=EUR 231.59, diff=EUR -1.68
[11:57:26] [ProgressiveEMICalculator.java:1139]      oldEMI=EUR 42.75 -> adjustedEMI=EUR 41.07
[11:57:26] [ProgressiveEMICalculator.java:1139]    calculateLastUnpaidEMI: tillDate=2025-10-03, lastUnpaidPeriod=P6 [2026-03-03->2026-04-03]
[11:57:26] [ProgressiveEMICalculator.java:1139]      totalDueInterest=EUR 23.23, totalEMI=EUR 254.82, totalDisbursed=EUR 231.59, diff=EUR 0.00
[11:57:26] [ProgressiveEMICalculator.java:1139]      oldEMI=EUR 41.07 -> adjustedEMI=EUR 41.07
[11:57:26] [ProgressiveEMICalculator.java:1139]    calculateLastUnpaidEMI: tillDate=2025-10-03, lastUnpaidPeriod=P6 [2026-03-03->2026-04-03]
[11:57:26] [ProgressiveEMICalculator.java:1139]      totalDueInterest=EUR 0.00, totalEMI=EUR 254.82, totalDisbursed=EUR 231.59, diff=EUR -23.23
[11:57:26] [ProgressiveEMICalculator.java:1139]      oldEMI=EUR 41.07 -> adjustedEMI=EUR 17.84
[11:57:26] [ProgressiveEMICalculator.java:1139]    calculateLastUnpaidEMI: tillDate=2025-10-03, lastUnpaidPeriod=P6 [2026-03-03->2026-04-03]
[11:57:26] [ProgressiveEMICalculator.java:1139]      totalDueInterest=EUR 23.23, totalEMI=EUR 254.82, totalDisbursed=EUR 231.59, diff=EUR 0.00
[11:57:26] [ProgressiveEMICalculator.java:1139]      oldEMI=EUR 41.07 -> adjustedEMI=EUR 41.07
[11:57:26] [ProgressiveEMICalculator.java:1139]    calculateLastUnpaidEMI: tillDate=2025-10-03, lastUnpaidPeriod=P6 [2026-03-03->2026-04-03]
[11:57:26] [ProgressiveEMICalculator.java:1139]      totalDueInterest=EUR 0.00, totalEMI=EUR 254.82, totalDisbursed=EUR 231.59, diff=EUR -23.23
[11:57:26] [ProgressiveEMICalculator.java:1139]      oldEMI=EUR 41.07 -> adjustedEMI=EUR 17.84
[11:57:26] [ProgressiveEMICalculator.java:392]    >> payPrincipal: P2 [2025-11-03->2025-12-03], txDate=2025-10-03, amount=EUR 42.75
[11:57:26] [ProgressiveEMICalculator.java:363]    >> addBalanceCorrection: date=2025-10-03, amount=EUR -42.75
[11:57:26] [InterestPeriod.java:116]       IP[2025-10-03->2025-10-03].addBalanceCorrectionAmount: before=EUR -42.75 + EUR -42.75 = EUR -85.50
[11:57:26] [ProgressiveEMICalculator.java:1139]    calculateLastUnpaidEMI: tillDate=2025-10-03, lastUnpaidPeriod=P6 [2026-03-03->2026-04-03]
[11:57:26] [ProgressiveEMICalculator.java:1139]      totalDueInterest=EUR 20.05, totalEMI=EUR 254.82, totalDisbursed=EUR 231.59, diff=EUR -3.18
[11:57:26] [ProgressiveEMICalculator.java:1139]      oldEMI=EUR 41.07 -> adjustedEMI=EUR 37.89
[11:57:26] [ProgressiveEMICalculator.java:1139]    calculateLastUnpaidEMI: tillDate=2025-10-03, lastUnpaidPeriod=P6 [2026-03-03->2026-04-03]
[11:57:26] [ProgressiveEMICalculator.java:1139]      totalDueInterest=EUR 20.05, totalEMI=EUR 251.64, totalDisbursed=EUR 231.59, diff=EUR 0.00
[11:57:26] [ProgressiveEMICalculator.java:1139]      oldEMI=EUR 37.89 -> adjustedEMI=EUR 37.89
[11:57:26] [ProgressiveEMICalculator.java:1139]    calculateLastUnpaidEMI: tillDate=2025-10-03, lastUnpaidPeriod=P6 [2026-03-03->2026-04-03]
[11:57:26] [ProgressiveEMICalculator.java:1139]      totalDueInterest=EUR 0.00, totalEMI=EUR 251.64, totalDisbursed=EUR 231.59, diff=EUR -20.05
[11:57:26] [ProgressiveEMICalculator.java:1139]      oldEMI=EUR 37.89 -> adjustedEMI=EUR 17.84
[11:57:26] [ProgressiveEMICalculator.java:1139]    calculateLastUnpaidEMI: tillDate=2025-10-03, lastUnpaidPeriod=P6 [2026-03-03->2026-04-03]
[11:57:26] [ProgressiveEMICalculator.java:1139]      totalDueInterest=EUR 20.05, totalEMI=EUR 251.64, totalDisbursed=EUR 231.59, diff=EUR 0.00
[11:57:26] [ProgressiveEMICalculator.java:1139]      oldEMI=EUR 37.89 -> adjustedEMI=EUR 37.89
[11:57:26] [ProgressiveEMICalculator.java:1139]    calculateLastUnpaidEMI: tillDate=2025-10-03, lastUnpaidPeriod=P6 [2026-03-03->2026-04-03]
[11:57:26] [ProgressiveEMICalculator.java:1139]      totalDueInterest=EUR 0.00, totalEMI=EUR 251.64, totalDisbursed=EUR 231.59, diff=EUR -20.05
[11:57:26] [ProgressiveEMICalculator.java:1139]      oldEMI=EUR 37.89 -> adjustedEMI=EUR 17.84
[11:57:26] [ProgressiveEMICalculator.java:392]    >> payPrincipal: P3 [2025-12-03->2026-01-03], txDate=2025-10-03, amount=EUR 42.75
[11:57:26] [ProgressiveEMICalculator.java:363]    >> addBalanceCorrection: date=2025-10-03, amount=EUR -42.75
[11:57:26] [InterestPeriod.java:116]       IP[2025-10-03->2025-10-03].addBalanceCorrectionAmount: before=EUR -85.50 + EUR -42.75 = EUR -128.25
[11:57:26] [ProgressiveEMICalculator.java:1139]    calculateLastUnpaidEMI: tillDate=2025-10-03, lastUnpaidPeriod=P6 [2026-03-03->2026-04-03]
[11:57:26] [ProgressiveEMICalculator.java:1139]      totalDueInterest=EUR 15.56, totalEMI=EUR 251.64, totalDisbursed=EUR 231.59, diff=EUR -4.49
[11:57:26] [ProgressiveEMICalculator.java:1139]      oldEMI=EUR 37.89 -> adjustedEMI=EUR 33.40
[11:57:26] [ProgressiveEMICalculator.java:1139]    calculateLastUnpaidEMI: tillDate=2025-10-03, lastUnpaidPeriod=P6 [2026-03-03->2026-04-03]
[11:57:26] [ProgressiveEMICalculator.java:1139]      totalDueInterest=EUR 15.56, totalEMI=EUR 247.15, totalDisbursed=EUR 231.59, diff=EUR 0.00
[11:57:26] [ProgressiveEMICalculator.java:1139]      oldEMI=EUR 33.40 -> adjustedEMI=EUR 33.40
[11:57:26] [ProgressiveEMICalculator.java:1139]    calculateLastUnpaidEMI: tillDate=2025-10-03, lastUnpaidPeriod=P6 [2026-03-03->2026-04-03]
[11:57:26] [ProgressiveEMICalculator.java:1139]      totalDueInterest=EUR 0.00, totalEMI=EUR 247.15, totalDisbursed=EUR 231.59, diff=EUR -15.56
[11:57:26] [ProgressiveEMICalculator.java:1139]      oldEMI=EUR 33.40 -> adjustedEMI=EUR 17.84
[11:57:26] [ProgressiveEMICalculator.java:1139]    calculateLastUnpaidEMI: tillDate=2025-10-03, lastUnpaidPeriod=P6 [2026-03-03->2026-04-03]
[11:57:26] [ProgressiveEMICalculator.java:1139]      totalDueInterest=EUR 15.56, totalEMI=EUR 247.15, totalDisbursed=EUR 231.59, diff=EUR 0.00
[11:57:26] [ProgressiveEMICalculator.java:1139]      oldEMI=EUR 33.40 -> adjustedEMI=EUR 33.40
[11:57:26] [ProgressiveEMICalculator.java:1139]    calculateLastUnpaidEMI: tillDate=2025-10-03, lastUnpaidPeriod=P6 [2026-03-03->2026-04-03]
[11:57:26] [ProgressiveEMICalculator.java:1139]      totalDueInterest=EUR 0.00, totalEMI=EUR 247.15, totalDisbursed=EUR 231.59, diff=EUR -15.56
[11:57:26] [ProgressiveEMICalculator.java:1139]      oldEMI=EUR 33.40 -> adjustedEMI=EUR 17.84
[11:57:26] [ProgressiveEMICalculator.java:392]    >> payPrincipal: P4 [2026-01-03->2026-02-03], txDate=2025-10-03, amount=EUR 42.75
[11:57:26] [ProgressiveEMICalculator.java:363]    >> addBalanceCorrection: date=2025-10-03, amount=EUR -42.75
[11:57:26] [InterestPeriod.java:116]       IP[2025-10-03->2025-10-03].addBalanceCorrectionAmount: before=EUR -128.25 + EUR -42.75 = EUR -171.00
[11:57:26] [ProgressiveEMICalculator.java:1139]    calculateLastUnpaidEMI: tillDate=2025-10-03, lastUnpaidPeriod=P6 [2026-03-03->2026-04-03]
[11:57:26] [ProgressiveEMICalculator.java:1139]      totalDueInterest=EUR 9.91, totalEMI=EUR 247.15, totalDisbursed=EUR 231.59, diff=EUR -5.65
[11:57:26] [ProgressiveEMICalculator.java:1139]      oldEMI=EUR 33.40 -> adjustedEMI=EUR 27.75
[11:57:26] [ProgressiveEMICalculator.java:1139]    calculateLastUnpaidEMI: tillDate=2025-10-03, lastUnpaidPeriod=P6 [2026-03-03->2026-04-03]
[11:57:26] [ProgressiveEMICalculator.java:1139]      totalDueInterest=EUR 9.91, totalEMI=EUR 241.50, totalDisbursed=EUR 231.59, diff=EUR 0.00
[11:57:26] [ProgressiveEMICalculator.java:1139]      oldEMI=EUR 27.75 -> adjustedEMI=EUR 27.75
[11:57:26] [ProgressiveEMICalculator.java:1139]    calculateLastUnpaidEMI: tillDate=2025-10-03, lastUnpaidPeriod=P6 [2026-03-03->2026-04-03]
[11:57:26] [ProgressiveEMICalculator.java:1139]      totalDueInterest=EUR 0.00, totalEMI=EUR 241.50, totalDisbursed=EUR 231.59, diff=EUR -9.91
[11:57:26] [ProgressiveEMICalculator.java:1139]      oldEMI=EUR 27.75 -> adjustedEMI=EUR 17.84
[11:57:26] [ProgressiveEMICalculator.java:1139]    calculateLastUnpaidEMI: tillDate=2025-10-03, lastUnpaidPeriod=P6 [2026-03-03->2026-04-03]
[11:57:26] [ProgressiveEMICalculator.java:1139]      totalDueInterest=EUR 9.91, totalEMI=EUR 241.50, totalDisbursed=EUR 231.59, diff=EUR 0.00
[11:57:26] [ProgressiveEMICalculator.java:1139]      oldEMI=EUR 27.75 -> adjustedEMI=EUR 27.75
[11:57:26] [ProgressiveEMICalculator.java:1139]    calculateLastUnpaidEMI: tillDate=2025-10-03, lastUnpaidPeriod=P6 [2026-03-03->2026-04-03]
[11:57:26] [ProgressiveEMICalculator.java:1139]      totalDueInterest=EUR 0.00, totalEMI=EUR 241.50, totalDisbursed=EUR 231.59, diff=EUR -9.91
[11:57:26] [ProgressiveEMICalculator.java:1139]      oldEMI=EUR 27.75 -> adjustedEMI=EUR 17.84
[11:57:26] [ProgressiveEMICalculator.java:392]    >> payPrincipal: P5 [2026-02-03->2026-03-03], txDate=2025-10-03, amount=EUR 42.75
[11:57:26] [ProgressiveEMICalculator.java:363]    >> addBalanceCorrection: date=2025-10-03, amount=EUR -42.75
[11:57:26] [InterestPeriod.java:116]       IP[2025-10-03->2025-10-03].addBalanceCorrectionAmount: before=EUR -171.00 + EUR -42.75 = EUR -213.75
[11:57:26] [ProgressiveEMICalculator.java:1139]    calculateLastUnpaidEMI: tillDate=2025-10-03, lastUnpaidPeriod=P6 [2026-03-03->2026-04-03]
[11:57:26] [ProgressiveEMICalculator.java:1139]      totalDueInterest=EUR 3.24, totalEMI=EUR 234.83, totalDisbursed=EUR 231.59, diff=EUR 0.00
[11:57:26] [ProgressiveEMICalculator.java:1139]      oldEMI=EUR 21.08 -> adjustedEMI=EUR 21.08
[11:57:26] [ProgressiveEMICalculator.java:1139]    calculateLastUnpaidEMI: tillDate=2025-10-03, lastUnpaidPeriod=P6 [2026-03-03->2026-04-03]
[11:57:26] [ProgressiveEMICalculator.java:1139]      totalDueInterest=EUR 0.00, totalEMI=EUR 231.59, totalDisbursed=EUR 231.59, diff=EUR 0.00
[11:57:26] [ProgressiveEMICalculator.java:1139]      oldEMI=EUR 17.84 -> adjustedEMI=EUR 17.84
[11:57:26] [ProgressiveEMICalculator.java:1139]    calculateLastUnpaidEMI: tillDate=2025-10-03, lastUnpaidPeriod=P6 [2026-03-03->2026-04-03]
[11:57:26] [ProgressiveEMICalculator.java:1139]      totalDueInterest=EUR 3.24, totalEMI=EUR 234.83, totalDisbursed=EUR 231.59, diff=EUR 0.00
[11:57:26] [ProgressiveEMICalculator.java:1139]      oldEMI=EUR 21.08 -> adjustedEMI=EUR 21.08
[11:57:26] [ProgressiveEMICalculator.java:1139]    calculateLastUnpaidEMI: tillDate=2025-10-03, lastUnpaidPeriod=P6 [2026-03-03->2026-04-03]
[11:57:26] [ProgressiveEMICalculator.java:1139]      totalDueInterest=EUR 0.00, totalEMI=EUR 231.59, totalDisbursed=EUR 231.59, diff=EUR 0.00
[11:57:26] [ProgressiveEMICalculator.java:1139]      oldEMI=EUR 17.84 -> adjustedEMI=EUR 17.84
[11:57:26] [ProgressiveEMICalculator.java:392]    >> payPrincipal: P6 [2026-03-03->2026-04-03], txDate=2025-10-03, amount=EUR 7.08
[11:57:26] [ProgressiveEMICalculator.java:363]    >> addBalanceCorrection: date=2025-10-03, amount=EUR -7.08
[11:57:26] [InterestPeriod.java:116]       IP[2025-10-03->2025-10-03].addBalanceCorrectionAmount: before=EUR -213.75 + EUR -7.08 = EUR -220.83
[11:57:26] [ProgressiveEMICalculator.java:1139]    calculateLastUnpaidEMI: tillDate=2025-10-03, lastUnpaidPeriod=P6 [2026-03-03->2026-04-03]
[11:57:26] [ProgressiveEMICalculator.java:1139]      totalDueInterest=EUR 1.92, totalEMI=EUR 233.51, totalDisbursed=EUR 231.59, diff=EUR 0.00
[11:57:26] [ProgressiveEMICalculator.java:1139]      oldEMI=EUR 19.76 -> adjustedEMI=EUR 19.76
[11:57:26] [ProgressiveEMICalculator.java:1139]    calculateLastUnpaidEMI: tillDate=2025-10-03, lastUnpaidPeriod=P6 [2026-03-03->2026-04-03]
[11:57:26] [ProgressiveEMICalculator.java:1139]      totalDueInterest=EUR 0.00, totalEMI=EUR 231.59, totalDisbursed=EUR 231.59, diff=EUR 0.00
[11:57:26] [ProgressiveEMICalculator.java:1139]      oldEMI=EUR 17.84 -> adjustedEMI=EUR 17.84
[11:57:26] [AdvancedPaymentScheduleTransactionProcessor.java:512] --- MODEL DUMP: AFTER processLatestTransaction REPAYMENT 2025-10-03 ---
[11:57:26] [AdvancedPaymentScheduleTransactionProcessor.java:512]   lastOverdueBalanceChange=null totalDuePrincipal=EUR 231.59 totalPaidPrincipal=EUR 220.83
[11:57:26] [AdvancedPaymentScheduleTransactionProcessor.java:512]   P1 [2025-10-03 -> 2025-11-03]: EMI=EUR 42.75 origEMI=EUR 42.75 calcDueInterest=EUR 0.32 dueInterest=EUR 0.00 duePrincipal=EUR 42.75 paidP=EUR 42.75 paidI=EUR 0.00 outstandingP=EUR 0.00 outstandingBal=EUR 10.76 fullyPaid=true
[11:57:26] [AdvancedPaymentScheduleTransactionProcessor.java:512]     IP1 [2025-10-03 -> 2025-10-03]: balCorr=EUR -220.83 outBal=EUR 0.00 disb=EUR 231.59 calcDueInt=0 rateFactor=0E-19 rateFactorTillDue=0.0299916666666666667
[11:57:26] [AdvancedPaymentScheduleTransactionProcessor.java:512]     IP2 [2025-10-03 -> 2025-11-03]: balCorr=EUR 0.00 outBal=EUR 10.76 disb=EUR 0.00 calcDueInt=0.3227103333333333336 rateFactor=0.0299916666666666667 rateFactorTillDue=0.0299916666666666667
[11:57:26] [AdvancedPaymentScheduleTransactionProcessor.java:512]   P2 [2025-11-03 -> 2025-12-03]: EMI=EUR 42.75 origEMI=EUR 42.75 calcDueInterest=EUR 0.64 dueInterest=EUR 0.00 duePrincipal=EUR 42.75 paidP=EUR 42.75 paidI=EUR 0.00 outstandingP=EUR 0.00 outstandingBal=EUR 10.76 fullyPaid=true
[11:57:26] [AdvancedPaymentScheduleTransactionProcessor.java:512]     IP1 [2025-11-03 -> 2025-12-03]: balCorr=EUR 0.00 outBal=EUR 10.76 disb=EUR 0.00 calcDueInt=0.3227103333333333336 rateFactor=0.0299916666666666667 rateFactorTillDue=0.0299916666666666667
[11:57:26] [AdvancedPaymentScheduleTransactionProcessor.java:512]   P3 [2025-12-03 -> 2026-01-03]: EMI=EUR 42.75 origEMI=EUR 42.75 calcDueInterest=EUR 0.96 dueInterest=EUR 0.00 duePrincipal=EUR 42.75 paidP=EUR 42.75 paidI=EUR 0.00 outstandingP=EUR 0.00 outstandingBal=EUR 10.76 fullyPaid=true
[11:57:26] [AdvancedPaymentScheduleTransactionProcessor.java:512]     IP1 [2025-12-03 -> 2026-01-03]: balCorr=EUR 0.00 outBal=EUR 10.76 disb=EUR 0.00 calcDueInt=0.3227103333333333336 rateFactor=0.0299916666666666667 rateFactorTillDue=0.0299916666666666667
[11:57:26] [AdvancedPaymentScheduleTransactionProcessor.java:512]   P4 [2026-01-03 -> 2026-02-03]: EMI=EUR 42.75 origEMI=EUR 42.75 calcDueInterest=EUR 1.28 dueInterest=EUR 0.00 duePrincipal=EUR 42.75 paidP=EUR 42.75 paidI=EUR 0.00 outstandingP=EUR 0.00 outstandingBal=EUR 10.76 fullyPaid=true
[11:57:26] [AdvancedPaymentScheduleTransactionProcessor.java:512]     IP1 [2026-01-03 -> 2026-02-03]: balCorr=EUR 0.00 outBal=EUR 10.76 disb=EUR 0.00 calcDueInt=0.3227103333333333336 rateFactor=0.0299916666666666667 rateFactorTillDue=0.0299916666666666667
[11:57:26] [AdvancedPaymentScheduleTransactionProcessor.java:512]   P5 [2026-02-03 -> 2026-03-03]: EMI=EUR 42.75 origEMI=EUR 42.75 calcDueInterest=EUR 1.60 dueInterest=EUR 0.00 duePrincipal=EUR 42.75 paidP=EUR 42.75 paidI=EUR 0.00 outstandingP=EUR 0.00 outstandingBal=EUR 10.76 fullyPaid=true
[11:57:26] [AdvancedPaymentScheduleTransactionProcessor.java:512]     IP1 [2026-02-03 -> 2026-03-03]: balCorr=EUR 0.00 outBal=EUR 10.76 disb=EUR 0.00 calcDueInt=0.3227103333333333336 rateFactor=0.0299916666666666667 rateFactorTillDue=0.0299916666666666667
[11:57:26] [AdvancedPaymentScheduleTransactionProcessor.java:512]   P6 [2026-03-03 -> 2026-04-03]: EMI=EUR 19.76 origEMI=EUR 42.75 calcDueInterest=EUR 1.92 dueInterest=EUR 1.92 duePrincipal=EUR 17.84 paidP=EUR 7.08 paidI=EUR 0.00 outstandingP=EUR 10.76 outstandingBal=EUR 0.00 fullyPaid=false
[11:57:26] [AdvancedPaymentScheduleTransactionProcessor.java:512]     IP1 [2026-03-03 -> 2026-04-03]: balCorr=EUR 0.00 outBal=EUR 10.76 disb=EUR 0.00 calcDueInt=0.3227103333333333336 rateFactor=0.0299916666666666667 rateFactorTillDue=0.0299916666666666667
[11:57:26] [AdvancedPaymentScheduleTransactionProcessor.java:512] --- END MODEL DUMP ---
[11:57:26] [AdvancedPaymentScheduleTransactionProcessor.java:248]   >> processLoanTermVariation: type=INTEREST_RATE_FROM_INSTALLMENT, date=2025-10-04
[11:57:26] [ProgressiveEMICalculator.java:1139]    calculateLastUnpaidEMI: tillDate=2025-11-03, lastUnpaidPeriod=P6 [2026-03-03->2026-04-03]
[11:57:26] [ProgressiveEMICalculator.java:1139]      totalDueInterest=EUR 1.38, totalEMI=EUR 232.97, totalDisbursed=EUR 231.59, diff=EUR 0.00
[11:57:26] [ProgressiveEMICalculator.java:1139]      oldEMI=EUR 19.22 -> adjustedEMI=EUR 19.22
[11:57:27] [AdvancedPaymentScheduleTransactionProcessor.java:251] --- MODEL DUMP: AFTER TERM_VARIATION INTEREST_RATE_FROM_INSTALLMENT ---
[11:57:27] [AdvancedPaymentScheduleTransactionProcessor.java:251]   lastOverdueBalanceChange=null totalDuePrincipal=EUR 231.59 totalPaidPrincipal=EUR 220.83
[11:57:27] [AdvancedPaymentScheduleTransactionProcessor.java:251]   P1 [2025-10-03 -> 2025-11-03]: EMI=EUR 42.75 origEMI=EUR 42.75 calcDueInterest=EUR 0.23 dueInterest=EUR 0.00 duePrincipal=EUR 42.75 paidP=EUR 42.75 paidI=EUR 0.00 outstandingP=EUR 0.00 outstandingBal=EUR 10.76 fullyPaid=true
[11:57:27] [AdvancedPaymentScheduleTransactionProcessor.java:251]     IP1 [2025-10-03 -> 2025-10-03]: balCorr=EUR -220.83 outBal=EUR 0.00 disb=EUR 231.59 calcDueInt=0 rateFactor=0E-19 rateFactorTillDue=0.0216583333333333333
[11:57:27] [AdvancedPaymentScheduleTransactionProcessor.java:251]     IP2 [2025-10-03 -> 2025-11-03]: balCorr=EUR 0.00 outBal=EUR 10.76 disb=EUR 0.00 calcDueInt=0.2330436666666666663 rateFactor=0.0216583333333333333 rateFactorTillDue=0.0216583333333333333
[11:57:27] [AdvancedPaymentScheduleTransactionProcessor.java:251]   P2 [2025-11-03 -> 2025-12-03]: EMI=EUR 42.75 origEMI=EUR 42.75 calcDueInterest=EUR 0.46 dueInterest=EUR 0.00 duePrincipal=EUR 42.75 paidP=EUR 42.75 paidI=EUR 0.00 outstandingP=EUR 0.00 outstandingBal=EUR 10.76 fullyPaid=true
[11:57:27] [AdvancedPaymentScheduleTransactionProcessor.java:251]     IP1 [2025-11-03 -> 2025-12-03]: balCorr=EUR 0.00 outBal=EUR 10.76 disb=EUR 0.00 calcDueInt=0.2330436666666666663 rateFactor=0.0216583333333333333 rateFactorTillDue=0.0216583333333333333
[11:57:27] [AdvancedPaymentScheduleTransactionProcessor.java:251]   P3 [2025-12-03 -> 2026-01-03]: EMI=EUR 42.75 origEMI=EUR 42.75 calcDueInterest=EUR 0.69 dueInterest=EUR 0.00 duePrincipal=EUR 42.75 paidP=EUR 42.75 paidI=EUR 0.00 outstandingP=EUR 0.00 outstandingBal=EUR 10.76 fullyPaid=true
[11:57:27] [AdvancedPaymentScheduleTransactionProcessor.java:251]     IP1 [2025-12-03 -> 2026-01-03]: balCorr=EUR 0.00 outBal=EUR 10.76 disb=EUR 0.00 calcDueInt=0.2330436666666666663 rateFactor=0.0216583333333333333 rateFactorTillDue=0.0216583333333333333
[11:57:27] [AdvancedPaymentScheduleTransactionProcessor.java:251]   P4 [2026-01-03 -> 2026-02-03]: EMI=EUR 42.75 origEMI=EUR 42.75 calcDueInterest=EUR 0.92 dueInterest=EUR 0.00 duePrincipal=EUR 42.75 paidP=EUR 42.75 paidI=EUR 0.00 outstandingP=EUR 0.00 outstandingBal=EUR 10.76 fullyPaid=true
[11:57:27] [AdvancedPaymentScheduleTransactionProcessor.java:251]     IP1 [2026-01-03 -> 2026-02-03]: balCorr=EUR 0.00 outBal=EUR 10.76 disb=EUR 0.00 calcDueInt=0.2330436666666666663 rateFactor=0.0216583333333333333 rateFactorTillDue=0.0216583333333333333
[11:57:27] [AdvancedPaymentScheduleTransactionProcessor.java:251]   P5 [2026-02-03 -> 2026-03-03]: EMI=EUR 42.75 origEMI=EUR 42.75 calcDueInterest=EUR 1.15 dueInterest=EUR 0.00 duePrincipal=EUR 42.75 paidP=EUR 42.75 paidI=EUR 0.00 outstandingP=EUR 0.00 outstandingBal=EUR 10.76 fullyPaid=true
[11:57:27] [AdvancedPaymentScheduleTransactionProcessor.java:251]     IP1 [2026-02-03 -> 2026-03-03]: balCorr=EUR 0.00 outBal=EUR 10.76 disb=EUR 0.00 calcDueInt=0.2330436666666666663 rateFactor=0.0216583333333333333 rateFactorTillDue=0.0216583333333333333
[11:57:27] [AdvancedPaymentScheduleTransactionProcessor.java:251]   P6 [2026-03-03 -> 2026-04-03]: EMI=EUR 19.22 origEMI=EUR 41.58 calcDueInterest=EUR 1.38 dueInterest=EUR 1.38 duePrincipal=EUR 17.84 paidP=EUR 7.08 paidI=EUR 0.00 outstandingP=EUR 10.76 outstandingBal=EUR 0.00 fullyPaid=false
[11:57:27] [AdvancedPaymentScheduleTransactionProcessor.java:251]     IP1 [2026-03-03 -> 2026-04-03]: balCorr=EUR 0.00 outBal=EUR 10.76 disb=EUR 0.00 calcDueInt=0.2330436666666666663 rateFactor=0.0216583333333333333 rateFactorTillDue=0.0216583333333333333
[11:57:27] [AdvancedPaymentScheduleTransactionProcessor.java:251] --- END MODEL DUMP ---
[11:57:27] [AdvancedPaymentScheduleTransactionProcessor.java:294]   >> FINAL recalculateInterestForDate: targetDate=2025-10-15
[11:57:27] [AdvancedPaymentScheduleTransactionProcessor.java:1879]   recalculateInterestForDate[recalculateInterestForDate]: targetDate=2025-10-15, modelHasUpdates=false
[11:57:27] [AdvancedPaymentScheduleTransactionProcessor.java:296] --- MODEL DUMP: AFTER FINAL recalcInterest ---
[11:57:27] [AdvancedPaymentScheduleTransactionProcessor.java:296]   lastOverdueBalanceChange=null totalDuePrincipal=EUR 231.59 totalPaidPrincipal=EUR 220.83
[11:57:27] [AdvancedPaymentScheduleTransactionProcessor.java:296]   P1 [2025-10-03 -> 2025-11-03]: EMI=EUR 42.75 origEMI=EUR 42.75 calcDueInterest=EUR 0.23 dueInterest=EUR 0.00 duePrincipal=EUR 42.75 paidP=EUR 42.75 paidI=EUR 0.00 outstandingP=EUR 0.00 outstandingBal=EUR 10.76 fullyPaid=true
[11:57:27] [AdvancedPaymentScheduleTransactionProcessor.java:296]     IP1 [2025-10-03 -> 2025-10-03]: balCorr=EUR -220.83 outBal=EUR 0.00 disb=EUR 231.59 calcDueInt=0 rateFactor=0E-19 rateFactorTillDue=0.0216583333333333333
[11:57:27] [AdvancedPaymentScheduleTransactionProcessor.java:296]     IP2 [2025-10-03 -> 2025-11-03]: balCorr=EUR 0.00 outBal=EUR 10.76 disb=EUR 0.00 calcDueInt=0.2330436666666666663 rateFactor=0.0216583333333333333 rateFactorTillDue=0.0216583333333333333
[11:57:27] [AdvancedPaymentScheduleTransactionProcessor.java:296]   P2 [2025-11-03 -> 2025-12-03]: EMI=EUR 42.75 origEMI=EUR 42.75 calcDueInterest=EUR 0.46 dueInterest=EUR 0.00 duePrincipal=EUR 42.75 paidP=EUR 42.75 paidI=EUR 0.00 outstandingP=EUR 0.00 outstandingBal=EUR 10.76 fullyPaid=true
[11:57:27] [AdvancedPaymentScheduleTransactionProcessor.java:296]     IP1 [2025-11-03 -> 2025-12-03]: balCorr=EUR 0.00 outBal=EUR 10.76 disb=EUR 0.00 calcDueInt=0.2330436666666666663 rateFactor=0.0216583333333333333 rateFactorTillDue=0.0216583333333333333
[11:57:27] [AdvancedPaymentScheduleTransactionProcessor.java:296]   P3 [2025-12-03 -> 2026-01-03]: EMI=EUR 42.75 origEMI=EUR 42.75 calcDueInterest=EUR 0.69 dueInterest=EUR 0.00 duePrincipal=EUR 42.75 paidP=EUR 42.75 paidI=EUR 0.00 outstandingP=EUR 0.00 outstandingBal=EUR 10.76 fullyPaid=true
[11:57:27] [AdvancedPaymentScheduleTransactionProcessor.java:296]     IP1 [2025-12-03 -> 2026-01-03]: balCorr=EUR 0.00 outBal=EUR 10.76 disb=EUR 0.00 calcDueInt=0.2330436666666666663 rateFactor=0.0216583333333333333 rateFactorTillDue=0.0216583333333333333
[11:57:27] [AdvancedPaymentScheduleTransactionProcessor.java:296]   P4 [2026-01-03 -> 2026-02-03]: EMI=EUR 42.75 origEMI=EUR 42.75 calcDueInterest=EUR 0.92 dueInterest=EUR 0.00 duePrincipal=EUR 42.75 paidP=EUR 42.75 paidI=EUR 0.00 outstandingP=EUR 0.00 outstandingBal=EUR 10.76 fullyPaid=true
[11:57:27] [AdvancedPaymentScheduleTransactionProcessor.java:296]     IP1 [2026-01-03 -> 2026-02-03]: balCorr=EUR 0.00 outBal=EUR 10.76 disb=EUR 0.00 calcDueInt=0.2330436666666666663 rateFactor=0.0216583333333333333 rateFactorTillDue=0.0216583333333333333
[11:57:27] [AdvancedPaymentScheduleTransactionProcessor.java:296]   P5 [2026-02-03 -> 2026-03-03]: EMI=EUR 42.75 origEMI=EUR 42.75 calcDueInterest=EUR 1.15 dueInterest=EUR 0.00 duePrincipal=EUR 42.75 paidP=EUR 42.75 paidI=EUR 0.00 outstandingP=EUR 0.00 outstandingBal=EUR 10.76 fullyPaid=true
[11:57:27] [AdvancedPaymentScheduleTransactionProcessor.java:296]     IP1 [2026-02-03 -> 2026-03-03]: balCorr=EUR 0.00 outBal=EUR 10.76 disb=EUR 0.00 calcDueInt=0.2330436666666666663 rateFactor=0.0216583333333333333 rateFactorTillDue=0.0216583333333333333
[11:57:27] [AdvancedPaymentScheduleTransactionProcessor.java:296]   P6 [2026-03-03 -> 2026-04-03]: EMI=EUR 19.22 origEMI=EUR 41.58 calcDueInterest=EUR 1.38 dueInterest=EUR 1.38 duePrincipal=EUR 17.84 paidP=EUR 7.08 paidI=EUR 0.00 outstandingP=EUR 10.76 outstandingBal=EUR 0.00 fullyPaid=false
[11:57:27] [AdvancedPaymentScheduleTransactionProcessor.java:296]     IP1 [2026-03-03 -> 2026-04-03]: balCorr=EUR 0.00 outBal=EUR 10.76 disb=EUR 0.00 calcDueInt=0.2330436666666666663 rateFactor=0.0216583333333333333 rateFactorTillDue=0.0216583333333333333
[11:57:27] [AdvancedPaymentScheduleTransactionProcessor.java:296] --- END MODEL DUMP ---
[11:57:27] [AdvancedPaymentScheduleTransactionProcessor.java:297] ======== REPROCESSING END ========
[11:57:27] [ProgressiveEMICalculator.java:1139]    calculateLastUnpaidEMI: tillDate=2025-10-15, lastUnpaidPeriod=P6 [2026-03-03->2026-04-03]
[11:57:27] [ProgressiveEMICalculator.java:1139]      totalDueInterest=EUR 0.09, totalEMI=EUR 231.68, totalDisbursed=EUR 231.59, diff=EUR 0.00
[11:57:27] [ProgressiveEMICalculator.java:1139]      oldEMI=EUR 17.93 -> adjustedEMI=EUR 17.93
[11:57:27] [ProgressiveEMICalculator.java:1139]    calculateLastUnpaidEMI: tillDate=2025-10-15, lastUnpaidPeriod=P1 [2025-10-03->2025-11-03]
[11:57:27] [ProgressiveEMICalculator.java:1139]      totalDueInterest=EUR 1.94, totalEMI=EUR 233.53, totalDisbursed=EUR 231.59, diff=EUR 0.00
[11:57:27] [ProgressiveEMICalculator.java:1139]      oldEMI=EUR 25.63 -> adjustedEMI=EUR 25.63
[11:57:27] [ProgressiveEMICalculator.java:1139]    calculateLastUnpaidEMI: tillDate=2025-10-15, lastUnpaidPeriod=P1 [2025-10-03->2025-11-03]
[11:57:27] [ProgressiveEMICalculator.java:1139]      totalDueInterest=EUR 2.08, totalEMI=EUR 233.67, totalDisbursed=EUR 231.59, diff=EUR 0.00
[11:57:27] [ProgressiveEMICalculator.java:1139]      oldEMI=EUR 25.77 -> adjustedEMI=EUR 25.77
[11:57:27] [ProgressiveEMICalculator.java:1139]    calculateLastUnpaidEMI: tillDate=2025-10-15, lastUnpaidPeriod=P1 [2025-10-03->2025-11-03]
[11:57:27] [ProgressiveEMICalculator.java:1139]      totalDueInterest=EUR 1.94, totalEMI=EUR 233.53, totalDisbursed=EUR 231.59, diff=EUR 0.00
[11:57:27] [ProgressiveEMICalculator.java:1139]      oldEMI=EUR 25.63 -> adjustedEMI=EUR 25.63
[11:57:27] [ProgressiveEMICalculator.java:392]    >> payPrincipal: P1 [2025-10-03->2025-11-03], txDate=2025-10-15, amount=EUR 0.00
[11:57:27] [AdvancedPaymentScheduleTransactionProcessor.java:512] --- MODEL DUMP: AFTER processLatestTransaction INTEREST_REFUND 2025-10-15 ---
[11:57:27] [AdvancedPaymentScheduleTransactionProcessor.java:512]   lastOverdueBalanceChange=null totalDuePrincipal=EUR 231.59 totalPaidPrincipal=EUR 220.83
[11:57:27] [AdvancedPaymentScheduleTransactionProcessor.java:512]   P1 [2025-10-03 -> 2025-11-03]: EMI=EUR 25.77 origEMI=EUR 41.58 calcDueInterest=EUR 2.08 dueInterest=EUR 2.08 duePrincipal=EUR 23.69 paidP=EUR 12.93 paidI=EUR 1.85 outstandingP=EUR 10.76 outstandingBal=EUR 0.00 fullyPaid=false
[11:57:27] [AdvancedPaymentScheduleTransactionProcessor.java:512]     IP1 [2025-10-03 -> 2025-10-03]: balCorr=EUR 0.00 outBal=EUR 0.00 disb=EUR 231.59 calcDueInt=0 rateFactor=0E-19 rateFactorTillDue=0.0216583333333333333
[11:57:27] [AdvancedPaymentScheduleTransactionProcessor.java:512]     IP2 [2025-10-03 -> 2025-10-15]: balCorr=EUR -220.83 outBal=EUR 231.59 disb=EUR 0.00 calcDueInt=1.941620677419354835 rateFactor=0.0083838709677419355 rateFactorTillDue=0.0216583333333333333
[11:57:27] [AdvancedPaymentScheduleTransactionProcessor.java:512]     IP3 [2025-10-15 -> 2025-11-03]: balCorr=EUR 0.00 outBal=EUR 10.76 disb=EUR 0.00 calcDueInt=0.1428332150537634403 rateFactor=0.0132744623655913978 rateFactorTillDue=0.0132744623655913978
[11:57:27] [AdvancedPaymentScheduleTransactionProcessor.java:512]   P2 [2025-11-03 -> 2025-12-03]: EMI=EUR 41.58 origEMI=EUR 41.58 calcDueInterest=EUR 0.00 dueInterest=EUR 0.00 duePrincipal=EUR 41.58 paidP=EUR 41.58 paidI=EUR 0.00 outstandingP=EUR 0.00 outstandingBal=EUR 0.00 fullyPaid=true
[11:57:27] [AdvancedPaymentScheduleTransactionProcessor.java:512]     IP1 [2025-11-03 -> 2025-12-03]: balCorr=EUR 0.00 outBal=EUR 0.00 disb=EUR 0.00 calcDueInt=0 rateFactor=0.0216583333333333333 rateFactorTillDue=0.0216583333333333333
[11:57:27] [AdvancedPaymentScheduleTransactionProcessor.java:512]   P3 [2025-12-03 -> 2026-01-03]: EMI=EUR 41.58 origEMI=EUR 41.58 calcDueInterest=EUR 0.00 dueInterest=EUR 0.00 duePrincipal=EUR 41.58 paidP=EUR 41.58 paidI=EUR 0.00 outstandingP=EUR 0.00 outstandingBal=EUR 0.00 fullyPaid=true
[11:57:27] [AdvancedPaymentScheduleTransactionProcessor.java:512]     IP1 [2025-12-03 -> 2026-01-03]: balCorr=EUR 0.00 outBal=EUR 0.00 disb=EUR 0.00 calcDueInt=0 rateFactor=0.0216583333333333333 rateFactorTillDue=0.0216583333333333333
[11:57:27] [AdvancedPaymentScheduleTransactionProcessor.java:512]   P4 [2026-01-03 -> 2026-02-03]: EMI=EUR 41.58 origEMI=EUR 41.58 calcDueInterest=EUR 0.00 dueInterest=EUR 0.00 duePrincipal=EUR 41.58 paidP=EUR 41.58 paidI=EUR 0.00 outstandingP=EUR 0.00 outstandingBal=EUR 0.00 fullyPaid=true
[11:57:27] [AdvancedPaymentScheduleTransactionProcessor.java:512]     IP1 [2026-01-03 -> 2026-02-03]: balCorr=EUR 0.00 outBal=EUR 0.00 disb=EUR 0.00 calcDueInt=0 rateFactor=0.0216583333333333333 rateFactorTillDue=0.0216583333333333333
[11:57:27] [AdvancedPaymentScheduleTransactionProcessor.java:512]   P5 [2026-02-03 -> 2026-03-03]: EMI=EUR 41.58 origEMI=EUR 41.58 calcDueInterest=EUR 0.00 dueInterest=EUR 0.00 duePrincipal=EUR 41.58 paidP=EUR 41.58 paidI=EUR 0.00 outstandingP=EUR 0.00 outstandingBal=EUR 0.00 fullyPaid=true
[11:57:27] [AdvancedPaymentScheduleTransactionProcessor.java:512]     IP1 [2026-02-03 -> 2026-03-03]: balCorr=EUR 0.00 outBal=EUR 0.00 disb=EUR 0.00 calcDueInt=0 rateFactor=0.0216583333333333333 rateFactorTillDue=0.0216583333333333333
[11:57:27] [AdvancedPaymentScheduleTransactionProcessor.java:512]   P6 [2026-03-03 -> 2026-04-03]: EMI=EUR 41.58 origEMI=EUR 41.58 calcDueInterest=EUR 0.00 dueInterest=EUR 0.00 duePrincipal=EUR 41.58 paidP=EUR 41.58 paidI=EUR 0.00 outstandingP=EUR 0.00 outstandingBal=EUR 0.00 fullyPaid=true
[11:57:27] [AdvancedPaymentScheduleTransactionProcessor.java:512]     IP1 [2026-03-03 -> 2026-04-03]: balCorr=EUR 0.00 outBal=EUR 0.00 disb=EUR 0.00 calcDueInt=0 rateFactor=0.0216583333333333333 rateFactorTillDue=0.0216583333333333333
[11:57:27] [AdvancedPaymentScheduleTransactionProcessor.java:512] --- END MODEL DUMP ---
[11:57:27] [AdvancedPaymentScheduleTransactionProcessor.java:265]   >> processSingleTransaction: type=REPAYMENT, date=2025-10-30, amount=11.040000, reversed=false
[11:57:27] [AdvancedPaymentScheduleTransactionProcessor.java:482]   >> processLatestTransaction: type=REPAYMENT, date=2025-10-30, amount=11.040000
[11:57:27] [ProgressiveEMICalculator.java:1139]    calculateLastUnpaidEMI: tillDate=2025-11-03, lastUnpaidPeriod=P1 [2025-10-03->2025-11-03]
[11:57:27] [ProgressiveEMICalculator.java:1139]      totalDueInterest=EUR 2.08, totalEMI=EUR 233.67, totalDisbursed=EUR 231.59, diff=EUR 0.00
[11:57:27] [ProgressiveEMICalculator.java:1139]      oldEMI=EUR 25.77 -> adjustedEMI=EUR 25.77
[11:57:27] [AdvancedPaymentScheduleTransactionProcessor.java:1879]   recalculateInterestForDate[recalculateInterestForDate]: targetDate=2025-10-30, modelHasUpdates=false
[11:57:27] [ProgressiveEMICalculator.java:1139]    calculateLastUnpaidEMI: tillDate=2025-10-30, lastUnpaidPeriod=P1 [2025-10-03->2025-11-03]
[11:57:27] [ProgressiveEMICalculator.java:1139]      totalDueInterest=EUR 2.05, totalEMI=EUR 233.64, totalDisbursed=EUR 231.59, diff=EUR 0.00
[11:57:27] [ProgressiveEMICalculator.java:1139]      oldEMI=EUR 25.74 -> adjustedEMI=EUR 25.74
[11:57:27] [ProgressiveEMICalculator.java:1139]    calculateLastUnpaidEMI: tillDate=2025-10-30, lastUnpaidPeriod=P1 [2025-10-03->2025-11-03]
[11:57:27] [ProgressiveEMICalculator.java:1139]      totalDueInterest=EUR 2.08, totalEMI=EUR 233.67, totalDisbursed=EUR 231.59, diff=EUR 0.00
[11:57:27] [ProgressiveEMICalculator.java:1139]      oldEMI=EUR 25.77 -> adjustedEMI=EUR 25.77
[11:57:27] [ProgressiveEMICalculator.java:1139]    calculateLastUnpaidEMI: tillDate=2025-10-30, lastUnpaidPeriod=P1 [2025-10-03->2025-11-03]
[11:57:27] [ProgressiveEMICalculator.java:1139]      totalDueInterest=EUR 2.05, totalEMI=EUR 233.64, totalDisbursed=EUR 231.59, diff=EUR 0.00
[11:57:27] [ProgressiveEMICalculator.java:1139]      oldEMI=EUR 25.74 -> adjustedEMI=EUR 25.74
[11:57:27] [ProgressiveEMICalculator.java:392]    >> payPrincipal: P1 [2025-10-03->2025-11-03], txDate=2025-10-30, amount=EUR 10.76
[11:57:27] [ProgressiveEMICalculator.java:363]    >> addBalanceCorrection: date=2025-10-30, amount=EUR -10.76
[11:57:27] [InterestPeriod.java:116]       IP[2025-10-15->2025-10-30].addBalanceCorrectionAmount: before=EUR 0.00 + EUR -10.76 = EUR -10.76
[11:57:27] [AdvancedPaymentScheduleTransactionProcessor.java:512] --- MODEL DUMP: AFTER processLatestTransaction REPAYMENT 2025-10-30 ---
[11:57:27] [AdvancedPaymentScheduleTransactionProcessor.java:512]   lastOverdueBalanceChange=null totalDuePrincipal=EUR 231.59 totalPaidPrincipal=EUR 231.59
[11:57:27] [AdvancedPaymentScheduleTransactionProcessor.java:512]   P1 [2025-10-03 -> 2025-11-03]: EMI=EUR 25.74 origEMI=EUR 41.58 calcDueInterest=EUR 2.05 dueInterest=EUR 2.05 duePrincipal=EUR 23.69 paidP=EUR 23.69 paidI=EUR 2.05 outstandingP=EUR 0.00 outstandingBal=EUR 0.00 fullyPaid=true
[11:57:27] [AdvancedPaymentScheduleTransactionProcessor.java:512]     IP1 [2025-10-03 -> 2025-10-03]: balCorr=EUR 0.00 outBal=EUR 0.00 disb=EUR 231.59 calcDueInt=0 rateFactor=0E-19 rateFactorTillDue=0.0216583333333333333
[11:57:27] [AdvancedPaymentScheduleTransactionProcessor.java:512]     IP2 [2025-10-03 -> 2025-10-15]: balCorr=EUR -220.83 outBal=EUR 231.59 disb=EUR 0.00 calcDueInt=1.941620677419354835 rateFactor=0.0083838709677419355 rateFactorTillDue=0.0216583333333333333
[11:57:27] [AdvancedPaymentScheduleTransactionProcessor.java:512]     IP3 [2025-10-15 -> 2025-10-30]: balCorr=EUR -10.76 outBal=EUR 10.76 disb=EUR 0.00 calcDueInt=0.1127630645161290318 rateFactor=0.0104798387096774194 rateFactorTillDue=0.0132744623655913978
[11:57:27] [AdvancedPaymentScheduleTransactionProcessor.java:512]     IP4 [2025-10-30 -> 2025-11-03]: balCorr=EUR 0.00 outBal=EUR 0.00 disb=EUR 0.00 calcDueInt=0 rateFactor=0.0027946236559139785 rateFactorTillDue=0.0027946236559139785
[11:57:27] [AdvancedPaymentScheduleTransactionProcessor.java:512]   P2 [2025-11-03 -> 2025-12-03]: EMI=EUR 41.58 origEMI=EUR 41.58 calcDueInterest=EUR 0.00 dueInterest=EUR 0.00 duePrincipal=EUR 41.58 paidP=EUR 41.58 paidI=EUR 0.00 outstandingP=EUR 0.00 outstandingBal=EUR 0.00 fullyPaid=true
[11:57:27] [AdvancedPaymentScheduleTransactionProcessor.java:512]     IP1 [2025-11-03 -> 2025-12-03]: balCorr=EUR 0.00 outBal=EUR 0.00 disb=EUR 0.00 calcDueInt=0 rateFactor=0.0216583333333333333 rateFactorTillDue=0.0216583333333333333
[11:57:27] [AdvancedPaymentScheduleTransactionProcessor.java:512]   P3 [2025-12-03 -> 2026-01-03]: EMI=EUR 41.58 origEMI=EUR 41.58 calcDueInterest=EUR 0.00 dueInterest=EUR 0.00 duePrincipal=EUR 41.58 paidP=EUR 41.58 paidI=EUR 0.00 outstandingP=EUR 0.00 outstandingBal=EUR 0.00 fullyPaid=true
[11:57:27] [AdvancedPaymentScheduleTransactionProcessor.java:512]     IP1 [2025-12-03 -> 2026-01-03]: balCorr=EUR 0.00 outBal=EUR 0.00 disb=EUR 0.00 calcDueInt=0 rateFactor=0.0216583333333333333 rateFactorTillDue=0.0216583333333333333
[11:57:27] [AdvancedPaymentScheduleTransactionProcessor.java:512]   P4 [2026-01-03 -> 2026-02-03]: EMI=EUR 41.58 origEMI=EUR 41.58 calcDueInterest=EUR 0.00 dueInterest=EUR 0.00 duePrincipal=EUR 41.58 paidP=EUR 41.58 paidI=EUR 0.00 outstandingP=EUR 0.00 outstandingBal=EUR 0.00 fullyPaid=true
[11:57:27] [AdvancedPaymentScheduleTransactionProcessor.java:512]     IP1 [2026-01-03 -> 2026-02-03]: balCorr=EUR 0.00 outBal=EUR 0.00 disb=EUR 0.00 calcDueInt=0 rateFactor=0.0216583333333333333 rateFactorTillDue=0.0216583333333333333
[11:57:27] [AdvancedPaymentScheduleTransactionProcessor.java:512]   P5 [2026-02-03 -> 2026-03-03]: EMI=EUR 41.58 origEMI=EUR 41.58 calcDueInterest=EUR 0.00 dueInterest=EUR 0.00 duePrincipal=EUR 41.58 paidP=EUR 41.58 paidI=EUR 0.00 outstandingP=EUR 0.00 outstandingBal=EUR 0.00 fullyPaid=true
[11:57:27] [AdvancedPaymentScheduleTransactionProcessor.java:512]     IP1 [2026-02-03 -> 2026-03-03]: balCorr=EUR 0.00 outBal=EUR 0.00 disb=EUR 0.00 calcDueInt=0 rateFactor=0.0216583333333333333 rateFactorTillDue=0.0216583333333333333
[11:57:27] [AdvancedPaymentScheduleTransactionProcessor.java:512]   P6 [2026-03-03 -> 2026-04-03]: EMI=EUR 41.58 origEMI=EUR 41.58 calcDueInterest=EUR 0.00 dueInterest=EUR 0.00 duePrincipal=EUR 41.58 paidP=EUR 41.58 paidI=EUR 0.00 outstandingP=EUR 0.00 outstandingBal=EUR 0.00 fullyPaid=true
[11:57:27] [AdvancedPaymentScheduleTransactionProcessor.java:512]     IP1 [2026-03-03 -> 2026-04-03]: balCorr=EUR 0.00 outBal=EUR 0.00 disb=EUR 0.00 calcDueInt=0 rateFactor=0.0216583333333333333 rateFactorTillDue=0.0216583333333333333
[11:57:27] [AdvancedPaymentScheduleTransactionProcessor.java:512] --- END MODEL DUMP ---
[11:57:27] [AdvancedPaymentScheduleTransactionProcessor.java:265]   >> processSingleTransaction: type=ACCRUAL_ACTIVITY, date=2025-10-30, amount=2.840000, reversed=false
[11:57:27] [AdvancedPaymentScheduleTransactionProcessor.java:482]   >> processLatestTransaction: type=ACCRUAL_ACTIVITY, date=2025-10-30, amount=2.840000
[11:57:27] [AdvancedPaymentScheduleTransactionProcessor.java:1879]   recalculateInterestForDate[recalculateInterestForDate]: targetDate=2025-10-30, modelHasUpdates=false
[11:57:27] [AdvancedPaymentScheduleTransactionProcessor.java:512] --- MODEL DUMP: AFTER processLatestTransaction ACCRUAL_ACTIVITY 2025-10-30 ---
[11:57:27] [AdvancedPaymentScheduleTransactionProcessor.java:512]   lastOverdueBalanceChange=null totalDuePrincipal=EUR 231.59 totalPaidPrincipal=EUR 231.59
[11:57:27] [AdvancedPaymentScheduleTransactionProcessor.java:512]   P1 [2025-10-03 -> 2025-11-03]: EMI=EUR 25.74 origEMI=EUR 41.58 calcDueInterest=EUR 2.05 dueInterest=EUR 2.05 duePrincipal=EUR 23.69 paidP=EUR 23.69 paidI=EUR 2.05 outstandingP=EUR 0.00 outstandingBal=EUR 0.00 fullyPaid=true
[11:57:27] [AdvancedPaymentScheduleTransactionProcessor.java:512]     IP1 [2025-10-03 -> 2025-10-03]: balCorr=EUR 0.00 outBal=EUR 0.00 disb=EUR 231.59 calcDueInt=0 rateFactor=0E-19 rateFactorTillDue=0.0216583333333333333
[11:57:27] [AdvancedPaymentScheduleTransactionProcessor.java:512]     IP2 [2025-10-03 -> 2025-10-15]: balCorr=EUR -220.83 outBal=EUR 231.59 disb=EUR 0.00 calcDueInt=1.941620677419354835 rateFactor=0.0083838709677419355 rateFactorTillDue=0.0216583333333333333
[11:57:27] [AdvancedPaymentScheduleTransactionProcessor.java:512]     IP3 [2025-10-15 -> 2025-10-30]: balCorr=EUR -10.76 outBal=EUR 10.76 disb=EUR 0.00 calcDueInt=0.1127630645161290318 rateFactor=0.0104798387096774194 rateFactorTillDue=0.0132744623655913978
[11:57:27] [AdvancedPaymentScheduleTransactionProcessor.java:512]     IP4 [2025-10-30 -> 2025-11-03]: balCorr=EUR 0.00 outBal=EUR 0.00 disb=EUR 0.00 calcDueInt=0 rateFactor=0.0027946236559139785 rateFactorTillDue=0.0027946236559139785
[11:57:27] [AdvancedPaymentScheduleTransactionProcessor.java:512]   P2 [2025-11-03 -> 2025-12-03]: EMI=EUR 41.58 origEMI=EUR 41.58 calcDueInterest=EUR 0.00 dueInterest=EUR 0.00 duePrincipal=EUR 41.58 paidP=EUR 41.58 paidI=EUR 0.00 outstandingP=EUR 0.00 outstandingBal=EUR 0.00 fullyPaid=true
[11:57:27] [AdvancedPaymentScheduleTransactionProcessor.java:512]     IP1 [2025-11-03 -> 2025-12-03]: balCorr=EUR 0.00 outBal=EUR 0.00 disb=EUR 0.00 calcDueInt=0 rateFactor=0.0216583333333333333 rateFactorTillDue=0.0216583333333333333
[11:57:27] [AdvancedPaymentScheduleTransactionProcessor.java:512]   P3 [2025-12-03 -> 2026-01-03]: EMI=EUR 41.58 origEMI=EUR 41.58 calcDueInterest=EUR 0.00 dueInterest=EUR 0.00 duePrincipal=EUR 41.58 paidP=EUR 41.58 paidI=EUR 0.00 outstandingP=EUR 0.00 outstandingBal=EUR 0.00 fullyPaid=true
[11:57:27] [AdvancedPaymentScheduleTransactionProcessor.java:512]     IP1 [2025-12-03 -> 2026-01-03]: balCorr=EUR 0.00 outBal=EUR 0.00 disb=EUR 0.00 calcDueInt=0 rateFactor=0.0216583333333333333 rateFactorTillDue=0.0216583333333333333
[11:57:27] [AdvancedPaymentScheduleTransactionProcessor.java:512]   P4 [2026-01-03 -> 2026-02-03]: EMI=EUR 41.58 origEMI=EUR 41.58 calcDueInterest=EUR 0.00 dueInterest=EUR 0.00 duePrincipal=EUR 41.58 paidP=EUR 41.58 paidI=EUR 0.00 outstandingP=EUR 0.00 outstandingBal=EUR 0.00 fullyPaid=true
[11:57:27] [AdvancedPaymentScheduleTransactionProcessor.java:512]     IP1 [2026-01-03 -> 2026-02-03]: balCorr=EUR 0.00 outBal=EUR 0.00 disb=EUR 0.00 calcDueInt=0 rateFactor=0.0216583333333333333 rateFactorTillDue=0.0216583333333333333
[11:57:27] [AdvancedPaymentScheduleTransactionProcessor.java:512]   P5 [2026-02-03 -> 2026-03-03]: EMI=EUR 41.58 origEMI=EUR 41.58 calcDueInterest=EUR 0.00 dueInterest=EUR 0.00 duePrincipal=EUR 41.58 paidP=EUR 41.58 paidI=EUR 0.00 outstandingP=EUR 0.00 outstandingBal=EUR 0.00 fullyPaid=true
[11:57:27] [AdvancedPaymentScheduleTransactionProcessor.java:512]     IP1 [2026-02-03 -> 2026-03-03]: balCorr=EUR 0.00 outBal=EUR 0.00 disb=EUR 0.00 calcDueInt=0 rateFactor=0.0216583333333333333 rateFactorTillDue=0.0216583333333333333
[11:57:27] [AdvancedPaymentScheduleTransactionProcessor.java:512]   P6 [2026-03-03 -> 2026-04-03]: EMI=EUR 41.58 origEMI=EUR 41.58 calcDueInterest=EUR 0.00 dueInterest=EUR 0.00 duePrincipal=EUR 41.58 paidP=EUR 41.58 paidI=EUR 0.00 outstandingP=EUR 0.00 outstandingBal=EUR 0.00 fullyPaid=true
[11:57:27] [AdvancedPaymentScheduleTransactionProcessor.java:512]     IP1 [2026-03-03 -> 2026-04-03]: balCorr=EUR 0.00 outBal=EUR 0.00 disb=EUR 0.00 calcDueInt=0 rateFactor=0.0216583333333333333 rateFactorTillDue=0.0216583333333333333
[11:57:27] [AdvancedPaymentScheduleTransactionProcessor.java:512] --- END MODEL DUMP ---
[11:57:27] [AdvancedPaymentScheduleTransactionProcessor.java:294]   >> FINAL recalculateInterestForDate: targetDate=2025-10-30
[11:57:27] [AdvancedPaymentScheduleTransactionProcessor.java:1879]   recalculateInterestForDate[recalculateInterestForDate]: targetDate=2025-10-30, modelHasUpdates=false
[11:57:27] [AdvancedPaymentScheduleTransactionProcessor.java:296] --- MODEL DUMP: AFTER FINAL recalcInterest ---
[11:57:27] [AdvancedPaymentScheduleTransactionProcessor.java:296]   lastOverdueBalanceChange=null totalDuePrincipal=EUR 231.59 totalPaidPrincipal=EUR 231.59
[11:57:27] [AdvancedPaymentScheduleTransactionProcessor.java:296]   P1 [2025-10-03 -> 2025-11-03]: EMI=EUR 25.74 origEMI=EUR 41.58 calcDueInterest=EUR 2.05 dueInterest=EUR 2.05 duePrincipal=EUR 23.69 paidP=EUR 23.69 paidI=EUR 2.05 outstandingP=EUR 0.00 outstandingBal=EUR 0.00 fullyPaid=true
[11:57:27] [AdvancedPaymentScheduleTransactionProcessor.java:296]     IP1 [2025-10-03 -> 2025-10-03]: balCorr=EUR 0.00 outBal=EUR 0.00 disb=EUR 231.59 calcDueInt=0 rateFactor=0E-19 rateFactorTillDue=0.0216583333333333333
[11:57:27] [AdvancedPaymentScheduleTransactionProcessor.java:296]     IP2 [2025-10-03 -> 2025-10-15]: balCorr=EUR -220.83 outBal=EUR 231.59 disb=EUR 0.00 calcDueInt=1.941620677419354835 rateFactor=0.0083838709677419355 rateFactorTillDue=0.0216583333333333333
[11:57:27] [AdvancedPaymentScheduleTransactionProcessor.java:296]     IP3 [2025-10-15 -> 2025-10-30]: balCorr=EUR -10.76 outBal=EUR 10.76 disb=EUR 0.00 calcDueInt=0.1127630645161290318 rateFactor=0.0104798387096774194 rateFactorTillDue=0.0132744623655913978
[11:57:27] [AdvancedPaymentScheduleTransactionProcessor.java:296]     IP4 [2025-10-30 -> 2025-11-03]: balCorr=EUR 0.00 outBal=EUR 0.00 disb=EUR 0.00 calcDueInt=0 rateFactor=0.0027946236559139785 rateFactorTillDue=0.0027946236559139785
[11:57:27] [AdvancedPaymentScheduleTransactionProcessor.java:296]   P2 [2025-11-03 -> 2025-12-03]: EMI=EUR 41.58 origEMI=EUR 41.58 calcDueInterest=EUR 0.00 dueInterest=EUR 0.00 duePrincipal=EUR 41.58 paidP=EUR 41.58 paidI=EUR 0.00 outstandingP=EUR 0.00 outstandingBal=EUR 0.00 fullyPaid=true
[11:57:27] [AdvancedPaymentScheduleTransactionProcessor.java:296]     IP1 [2025-11-03 -> 2025-12-03]: balCorr=EUR 0.00 outBal=EUR 0.00 disb=EUR 0.00 calcDueInt=0 rateFactor=0.0216583333333333333 rateFactorTillDue=0.0216583333333333333
[11:57:27] [AdvancedPaymentScheduleTransactionProcessor.java:296]   P3 [2025-12-03 -> 2026-01-03]: EMI=EUR 41.58 origEMI=EUR 41.58 calcDueInterest=EUR 0.00 dueInterest=EUR 0.00 duePrincipal=EUR 41.58 paidP=EUR 41.58 paidI=EUR 0.00 outstandingP=EUR 0.00 outstandingBal=EUR 0.00 fullyPaid=true
[11:57:27] [AdvancedPaymentScheduleTransactionProcessor.java:296]     IP1 [2025-12-03 -> 2026-01-03]: balCorr=EUR 0.00 outBal=EUR 0.00 disb=EUR 0.00 calcDueInt=0 rateFactor=0.0216583333333333333 rateFactorTillDue=0.0216583333333333333
[11:57:27] [AdvancedPaymentScheduleTransactionProcessor.java:296]   P4 [2026-01-03 -> 2026-02-03]: EMI=EUR 41.58 origEMI=EUR 41.58 calcDueInterest=EUR 0.00 dueInterest=EUR 0.00 duePrincipal=EUR 41.58 paidP=EUR 41.58 paidI=EUR 0.00 outstandingP=EUR 0.00 outstandingBal=EUR 0.00 fullyPaid=true
[11:57:27] [AdvancedPaymentScheduleTransactionProcessor.java:296]     IP1 [2026-01-03 -> 2026-02-03]: balCorr=EUR 0.00 outBal=EUR 0.00 disb=EUR 0.00 calcDueInt=0 rateFactor=0.0216583333333333333 rateFactorTillDue=0.0216583333333333333
[11:57:27] [AdvancedPaymentScheduleTransactionProcessor.java:296]   P5 [2026-02-03 -> 2026-03-03]: EMI=EUR 41.58 origEMI=EUR 41.58 calcDueInterest=EUR 0.00 dueInterest=EUR 0.00 duePrincipal=EUR 41.58 paidP=EUR 41.58 paidI=EUR 0.00 outstandingP=EUR 0.00 outstandingBal=EUR 0.00 fullyPaid=true
[11:57:27] [AdvancedPaymentScheduleTransactionProcessor.java:296]     IP1 [2026-02-03 -> 2026-03-03]: balCorr=EUR 0.00 outBal=EUR 0.00 disb=EUR 0.00 calcDueInt=0 rateFactor=0.0216583333333333333 rateFactorTillDue=0.0216583333333333333
[11:57:27] [AdvancedPaymentScheduleTransactionProcessor.java:296]   P6 [2026-03-03 -> 2026-04-03]: EMI=EUR 41.58 origEMI=EUR 41.58 calcDueInterest=EUR 0.00 dueInterest=EUR 0.00 duePrincipal=EUR 41.58 paidP=EUR 41.58 paidI=EUR 0.00 outstandingP=EUR 0.00 outstandingBal=EUR 0.00 fullyPaid=true
[11:57:27] [AdvancedPaymentScheduleTransactionProcessor.java:296]     IP1 [2026-03-03 -> 2026-04-03]: balCorr=EUR 0.00 outBal=EUR 0.00 disb=EUR 0.00 calcDueInt=0 rateFactor=0.0216583333333333333 rateFactorTillDue=0.0216583333333333333
[11:57:27] [AdvancedPaymentScheduleTransactionProcessor.java:296] --- END MODEL DUMP ---
[11:57:27] [AdvancedPaymentScheduleTransactionProcessor.java:297] ======== REPROCESSING END ========
[11:57:27] [ProgressiveEMICalculator.java:724] >> recalculateModelOverdueAmountsTillDate: targetDate=2025-11-06, lastOverdueBalanceChange=null, overduePeriods=1
[11:57:27] [ProgressiveEMICalculator.java:724]    overdue[0]: P1 [2025-10-03->2025-11-03] outstandingP=EUR 0.00 fullyPaid=true
[11:57:27] [ProgressiveEMICalculator.java:733]    overdueLoop[0]: processingPeriod=P1 [2025-10-03->2025-11-03], overDuePrincipal=EUR 0.00, aggregated=EUR 0.00, skippedBecauseZero=true
[11:57:27] [ProgressiveEMICalculator.java:749]    overdueFinalAdjust: currentPeriod=P2 [2025-11-03->2025-12-03], overDuePrincipal=EUR 0.00, aggregated=EUR 0.00, willExecute=true
[11:57:27] [ProgressiveEMICalculator.java:934]    >> adjustOverduePrincipal: currentDate=2025-11-06, installment=P2 [2025-11-03->2025-12-03], overduePrincipal=EUR 0.00, aggregated=EUR 0.00, lastOverdueBalanceChange=null
[11:57:27] [ProgressiveEMICalculator.java:955]       adjustOverduePrincipal corrections: +EUR 0.00 at 2025-11-03, EUR 0.00 at 2025-11-06, newLastOverdueBalanceChange=2025-11-06
[11:57:27] [ProgressiveEMICalculator.java:960]    !! lastOverdueBalanceChange CHANGED: null -> 2025-11-06 (by adjustOverduePrincipal)
[11:57:27] [ProgressiveEMICalculator.java:763] << recalculateModelOverdueAmountsTillDate: hasChange=true, lastOverdueBalanceChange=2025-11-06
[11:57:27] [AdvancedPaymentScheduleTransactionProcessor.java:1879]   recalculateInterestForDate[recalculateInterestForDate]: targetDate=2025-11-06, modelHasUpdates=true
[11:57:27] [AdvancedPaymentScheduleTransactionProcessor.java:1880]    !! lastOverdueBalanceChange CHANGED: null -> 2025-11-06 (by recalcInterestForDate)
[11:57:27] [ProgressiveEMICalculator.java:724] >> recalculateModelOverdueAmountsTillDate: targetDate=2025-11-06, lastOverdueBalanceChange=null, overduePeriods=1
[11:57:27] [ProgressiveEMICalculator.java:724]    overdue[0]: P1 [2025-10-03->2025-11-03] outstandingP=EUR 0.00 fullyPaid=true
[11:57:27] [ProgressiveEMICalculator.java:733]    overdueLoop[0]: processingPeriod=P1 [2025-10-03->2025-11-03], overDuePrincipal=EUR 0.00, aggregated=EUR 0.00, skippedBecauseZero=true
[11:57:27] [ProgressiveEMICalculator.java:749]    overdueFinalAdjust: currentPeriod=P2 [2025-11-03->2025-12-03], overDuePrincipal=EUR 0.00, aggregated=EUR 0.00, willExecute=true
[11:57:27] [ProgressiveEMICalculator.java:934]    >> adjustOverduePrincipal: currentDate=2025-11-06, installment=P2 [2025-11-03->2025-12-03], overduePrincipal=EUR 0.00, aggregated=EUR 0.00, lastOverdueBalanceChange=null
[11:57:27] [ProgressiveEMICalculator.java:955]       adjustOverduePrincipal corrections: +EUR 0.00 at 2025-11-03, EUR 0.00 at 2025-11-06, newLastOverdueBalanceChange=2025-11-06
[11:57:27] [ProgressiveEMICalculator.java:960]    !! lastOverdueBalanceChange CHANGED: null -> 2025-11-06 (by adjustOverduePrincipal)
[11:57:27] [ProgressiveEMICalculator.java:763] << recalculateModelOverdueAmountsTillDate: hasChange=true, lastOverdueBalanceChange=2025-11-06
[11:57:27] [AdvancedPaymentScheduleTransactionProcessor.java:1879]   recalculateInterestForDate[recalculateInterestForDate]: targetDate=2025-11-06, modelHasUpdates=true
[11:57:27] [AdvancedPaymentScheduleTransactionProcessor.java:1880]    !! lastOverdueBalanceChange CHANGED: null -> 2025-11-06 (by recalcInterestForDate)
[11:57:28] [ProgressiveEMICalculator.java:724] >> recalculateModelOverdueAmountsTillDate: targetDate=2025-11-06, lastOverdueBalanceChange=null, overduePeriods=1
[11:57:28] [ProgressiveEMICalculator.java:724]    overdue[0]: P1 [2025-10-03->2025-11-03] outstandingP=EUR 0.00 fullyPaid=true
[11:57:28] [ProgressiveEMICalculator.java:733]    overdueLoop[0]: processingPeriod=P1 [2025-10-03->2025-11-03], overDuePrincipal=EUR 0.00, aggregated=EUR 0.00, skippedBecauseZero=true
[11:57:28] [ProgressiveEMICalculator.java:749]    overdueFinalAdjust: currentPeriod=P2 [2025-11-03->2025-12-03], overDuePrincipal=EUR 0.00, aggregated=EUR 0.00, willExecute=true
[11:57:28] [ProgressiveEMICalculator.java:934]    >> adjustOverduePrincipal: currentDate=2025-11-06, installment=P2 [2025-11-03->2025-12-03], overduePrincipal=EUR 0.00, aggregated=EUR 0.00, lastOverdueBalanceChange=null
[11:57:28] [ProgressiveEMICalculator.java:955]       adjustOverduePrincipal corrections: +EUR 0.00 at 2025-11-03, EUR 0.00 at 2025-11-06, newLastOverdueBalanceChange=2025-11-06
[11:57:28] [ProgressiveEMICalculator.java:960]    !! lastOverdueBalanceChange CHANGED: null -> 2025-11-06 (by adjustOverduePrincipal)
[11:57:28] [ProgressiveEMICalculator.java:763] << recalculateModelOverdueAmountsTillDate: hasChange=true, lastOverdueBalanceChange=2025-11-06
[11:57:28] [AdvancedPaymentScheduleTransactionProcessor.java:1879]   recalculateInterestForDate[recalculateInterestForDate]: targetDate=2025-11-06, modelHasUpdates=true
[11:57:28] [AdvancedPaymentScheduleTransactionProcessor.java:1880]    !! lastOverdueBalanceChange CHANGED: null -> 2025-11-06 (by recalcInterestForDate)
[11:57:28] [ProgressiveEMICalculator.java:724] >> recalculateModelOverdueAmountsTillDate: targetDate=2025-11-06, lastOverdueBalanceChange=null, overduePeriods=1
[11:57:28] [ProgressiveEMICalculator.java:724]    overdue[0]: P1 [2025-10-03->2025-11-03] outstandingP=EUR 0.00 fullyPaid=true
[11:57:28] [ProgressiveEMICalculator.java:733]    overdueLoop[0]: processingPeriod=P1 [2025-10-03->2025-11-03], overDuePrincipal=EUR 0.00, aggregated=EUR 0.00, skippedBecauseZero=true
[11:57:28] [ProgressiveEMICalculator.java:749]    overdueFinalAdjust: currentPeriod=P2 [2025-11-03->2025-12-03], overDuePrincipal=EUR 0.00, aggregated=EUR 0.00, willExecute=true
[11:57:28] [ProgressiveEMICalculator.java:934]    >> adjustOverduePrincipal: currentDate=2025-11-06, installment=P2 [2025-11-03->2025-12-03], overduePrincipal=EUR 0.00, aggregated=EUR 0.00, lastOverdueBalanceChange=null
[11:57:28] [ProgressiveEMICalculator.java:955]       adjustOverduePrincipal corrections: +EUR 0.00 at 2025-11-03, EUR 0.00 at 2025-11-06, newLastOverdueBalanceChange=2025-11-06
[11:57:28] [ProgressiveEMICalculator.java:960]    !! lastOverdueBalanceChange CHANGED: null -> 2025-11-06 (by adjustOverduePrincipal)
[11:57:28] [ProgressiveEMICalculator.java:763] << recalculateModelOverdueAmountsTillDate: hasChange=true, lastOverdueBalanceChange=2025-11-06
[11:57:28] [AdvancedPaymentScheduleTransactionProcessor.java:1879]   recalculateInterestForDate[recalculateInterestForDate]: targetDate=2025-11-06, modelHasUpdates=true
[11:57:28] [AdvancedPaymentScheduleTransactionProcessor.java:1880]    !! lastOverdueBalanceChange CHANGED: null -> 2025-11-06 (by recalcInterestForDate)
[11:57:28] [ProgressiveEMICalculator.java:1139]    calculateLastUnpaidEMI: tillDate=2025-11-03, lastUnpaidPeriod=P6 [2026-03-03->2026-04-03]
[11:57:28] [ProgressiveEMICalculator.java:1139]      totalDueInterest=EUR 17.86, totalEMI=EUR 249.48, totalDisbursed=EUR 231.59, diff=EUR -0.03
[11:57:28] [ProgressiveEMICalculator.java:1139]      oldEMI=EUR 41.58 -> adjustedEMI=EUR 41.55
[11:57:28] [AdvancedPaymentScheduleTransactionProcessor.java:240] ======== === NEW REPROCESSING CYCLE === ========
[11:57:28] [AdvancedPaymentScheduleTransactionProcessor.java:241] ======== REPROCESSING START ========
[11:57:28] [AdvancedPaymentScheduleTransactionProcessor.java:241] reprocessProgressiveLoanTransactions: targetDate=2025-11-07, operations=6
[11:57:28] [AdvancedPaymentScheduleTransactionProcessor.java:242] --- MODEL DUMP: INITIAL MODEL ---
[11:57:28] [AdvancedPaymentScheduleTransactionProcessor.java:242]   lastOverdueBalanceChange=null totalDuePrincipal=EUR 0.00 totalPaidPrincipal=EUR 0.00
[11:57:28] [AdvancedPaymentScheduleTransactionProcessor.java:242]   P1 [2025-10-03 -> 2025-11-03]: EMI=EUR 0.00 origEMI=EUR 0.00 calcDueInterest=EUR 0.00 dueInterest=EUR 0.00 duePrincipal=EUR 0.00 paidP=EUR 0.00 paidI=EUR 0.00 outstandingP=EUR 0.00 outstandingBal=EUR 0.00 fullyPaid=true
[11:57:28] [AdvancedPaymentScheduleTransactionProcessor.java:242]     IP1 [2025-10-03 -> 2025-11-03]: balCorr=EUR 0.00 outBal=EUR 0.00 disb=EUR 0.00 calcDueInt=0 rateFactor=0 rateFactorTillDue=0
[11:57:28] [AdvancedPaymentScheduleTransactionProcessor.java:242]   P2 [2025-11-03 -> 2025-12-03]: EMI=EUR 0.00 origEMI=EUR 0.00 calcDueInterest=EUR 0.00 dueInterest=EUR 0.00 duePrincipal=EUR 0.00 paidP=EUR 0.00 paidI=EUR 0.00 outstandingP=EUR 0.00 outstandingBal=EUR 0.00 fullyPaid=true
[11:57:28] [AdvancedPaymentScheduleTransactionProcessor.java:242]     IP1 [2025-11-03 -> 2025-12-03]: balCorr=EUR 0.00 outBal=EUR 0.00 disb=EUR 0.00 calcDueInt=0 rateFactor=0 rateFactorTillDue=0
[11:57:28] [AdvancedPaymentScheduleTransactionProcessor.java:242]   P3 [2025-12-03 -> 2026-01-03]: EMI=EUR 0.00 origEMI=EUR 0.00 calcDueInterest=EUR 0.00 dueInterest=EUR 0.00 duePrincipal=EUR 0.00 paidP=EUR 0.00 paidI=EUR 0.00 outstandingP=EUR 0.00 outstandingBal=EUR 0.00 fullyPaid=true
[11:57:28] [AdvancedPaymentScheduleTransactionProcessor.java:242]     IP1 [2025-12-03 -> 2026-01-03]: balCorr=EUR 0.00 outBal=EUR 0.00 disb=EUR 0.00 calcDueInt=0 rateFactor=0 rateFactorTillDue=0
[11:57:28] [AdvancedPaymentScheduleTransactionProcessor.java:242]   P4 [2026-01-03 -> 2026-02-03]: EMI=EUR 0.00 origEMI=EUR 0.00 calcDueInterest=EUR 0.00 dueInterest=EUR 0.00 duePrincipal=EUR 0.00 paidP=EUR 0.00 paidI=EUR 0.00 outstandingP=EUR 0.00 outstandingBal=EUR 0.00 fullyPaid=true
[11:57:28] [AdvancedPaymentScheduleTransactionProcessor.java:242]     IP1 [2026-01-03 -> 2026-02-03]: balCorr=EUR 0.00 outBal=EUR 0.00 disb=EUR 0.00 calcDueInt=0 rateFactor=0 rateFactorTillDue=0
[11:57:28] [AdvancedPaymentScheduleTransactionProcessor.java:242]   P5 [2026-02-03 -> 2026-03-03]: EMI=EUR 0.00 origEMI=EUR 0.00 calcDueInterest=EUR 0.00 dueInterest=EUR 0.00 duePrincipal=EUR 0.00 paidP=EUR 0.00 paidI=EUR 0.00 outstandingP=EUR 0.00 outstandingBal=EUR 0.00 fullyPaid=true
[11:57:28] [AdvancedPaymentScheduleTransactionProcessor.java:242]     IP1 [2026-02-03 -> 2026-03-03]: balCorr=EUR 0.00 outBal=EUR 0.00 disb=EUR 0.00 calcDueInt=0 rateFactor=0 rateFactorTillDue=0
[11:57:28] [AdvancedPaymentScheduleTransactionProcessor.java:242]   P6 [2026-03-03 -> 2026-04-03]: EMI=EUR 0.00 origEMI=EUR 0.00 calcDueInterest=EUR 0.00 dueInterest=EUR 0.00 duePrincipal=EUR 0.00 paidP=EUR 0.00 paidI=EUR 0.00 outstandingP=EUR 0.00 outstandingBal=EUR 0.00 fullyPaid=true
[11:57:28] [AdvancedPaymentScheduleTransactionProcessor.java:242]     IP1 [2026-03-03 -> 2026-04-03]: balCorr=EUR 0.00 outBal=EUR 0.00 disb=EUR 0.00 calcDueInt=0 rateFactor=0 rateFactorTillDue=0
[11:57:28] [AdvancedPaymentScheduleTransactionProcessor.java:242] --- END MODEL DUMP ---
[11:57:28] [AdvancedPaymentScheduleTransactionProcessor.java:265]   >> processSingleTransaction: type=DISBURSEMENT, date=2025-10-03, amount=231.590000, reversed=false
[11:57:28] [AdvancedPaymentScheduleTransactionProcessor.java:482]   >> processLatestTransaction: type=DISBURSEMENT, date=2025-10-03, amount=231.590000
[11:57:28] [AdvancedPaymentScheduleTransactionProcessor.java:1879]   recalculateInterestForDate[recalculateInterestForDate]: targetDate=2025-10-03, modelHasUpdates=false
[11:57:28] [ProgressiveEMICalculator.java:1139]    calculateLastUnpaidEMI: tillDate=2025-11-03, lastUnpaidPeriod=P6 [2026-03-03->2026-04-03]
[11:57:28] [ProgressiveEMICalculator.java:1139]      totalDueInterest=EUR 24.91, totalEMI=EUR 256.50, totalDisbursed=EUR 231.59, diff=EUR 0.00
[11:57:28] [ProgressiveEMICalculator.java:1139]      oldEMI=EUR 42.75 -> adjustedEMI=EUR 42.75
[11:57:28] [AdvancedPaymentScheduleTransactionProcessor.java:512] --- MODEL DUMP: AFTER processLatestTransaction DISBURSEMENT 2025-10-03 ---
[11:57:28] [AdvancedPaymentScheduleTransactionProcessor.java:512]   lastOverdueBalanceChange=null totalDuePrincipal=EUR 231.59 totalPaidPrincipal=EUR 0.00
[11:57:28] [AdvancedPaymentScheduleTransactionProcessor.java:512]   P1 [2025-10-03 -> 2025-11-03]: EMI=EUR 42.75 origEMI=EUR 42.75 calcDueInterest=EUR 6.95 dueInterest=EUR 6.95 duePrincipal=EUR 35.80 paidP=EUR 0.00 paidI=EUR 0.00 outstandingP=EUR 35.80 outstandingBal=EUR 195.79 fullyPaid=false
[11:57:28] [AdvancedPaymentScheduleTransactionProcessor.java:512]     IP1 [2025-10-03 -> 2025-10-03]: balCorr=EUR 0.00 outBal=EUR 0.00 disb=EUR 231.59 calcDueInt=0 rateFactor=0E-19 rateFactorTillDue=0.0299916666666666667
[11:57:28] [AdvancedPaymentScheduleTransactionProcessor.java:512]     IP2 [2025-10-03 -> 2025-11-03]: balCorr=EUR 0.00 outBal=EUR 231.59 disb=EUR 0.00 calcDueInt=6.945770083333333340 rateFactor=0.0299916666666666667 rateFactorTillDue=0.0299916666666666667
[11:57:28] [AdvancedPaymentScheduleTransactionProcessor.java:512]   P2 [2025-11-03 -> 2025-12-03]: EMI=EUR 42.75 origEMI=EUR 42.75 calcDueInterest=EUR 5.87 dueInterest=EUR 5.87 duePrincipal=EUR 36.88 paidP=EUR 0.00 paidI=EUR 0.00 outstandingP=EUR 36.88 outstandingBal=EUR 158.91 fullyPaid=false
[11:57:28] [AdvancedPaymentScheduleTransactionProcessor.java:512]     IP1 [2025-11-03 -> 2025-12-03]: balCorr=EUR 0.00 outBal=EUR 195.79 disb=EUR 0.00 calcDueInt=5.872068416666666673 rateFactor=0.0299916666666666667 rateFactorTillDue=0.0299916666666666667
[11:57:28] [AdvancedPaymentScheduleTransactionProcessor.java:512]   P3 [2025-12-03 -> 2026-01-03]: EMI=EUR 42.75 origEMI=EUR 42.75 calcDueInterest=EUR 4.77 dueInterest=EUR 4.77 duePrincipal=EUR 37.98 paidP=EUR 0.00 paidI=EUR 0.00 outstandingP=EUR 37.98 outstandingBal=EUR 120.93 fullyPaid=false
[11:57:28] [AdvancedPaymentScheduleTransactionProcessor.java:512]     IP1 [2025-12-03 -> 2026-01-03]: balCorr=EUR 0.00 outBal=EUR 158.91 disb=EUR 0.00 calcDueInt=4.765975750000000006 rateFactor=0.0299916666666666667 rateFactorTillDue=0.0299916666666666667
[11:57:28] [AdvancedPaymentScheduleTransactionProcessor.java:512]   P4 [2026-01-03 -> 2026-02-03]: EMI=EUR 42.75 origEMI=EUR 42.75 calcDueInterest=EUR 3.63 dueInterest=EUR 3.63 duePrincipal=EUR 39.12 paidP=EUR 0.00 paidI=EUR 0.00 outstandingP=EUR 39.12 outstandingBal=EUR 81.81 fullyPaid=false
[11:57:28] [AdvancedPaymentScheduleTransactionProcessor.java:512]     IP1 [2026-01-03 -> 2026-02-03]: balCorr=EUR 0.00 outBal=EUR 120.93 disb=EUR 0.00 calcDueInt=3.626892250000000003 rateFactor=0.0299916666666666667 rateFactorTillDue=0.0299916666666666667
[11:57:28] [AdvancedPaymentScheduleTransactionProcessor.java:512]   P5 [2026-02-03 -> 2026-03-03]: EMI=EUR 42.75 origEMI=EUR 42.75 calcDueInterest=EUR 2.45 dueInterest=EUR 2.45 duePrincipal=EUR 40.30 paidP=EUR 0.00 paidI=EUR 0.00 outstandingP=EUR 40.30 outstandingBal=EUR 41.51 fullyPaid=false
[11:57:28] [AdvancedPaymentScheduleTransactionProcessor.java:512]     IP1 [2026-02-03 -> 2026-03-03]: balCorr=EUR 0.00 outBal=EUR 81.81 disb=EUR 0.00 calcDueInt=2.453618250000000003 rateFactor=0.0299916666666666667 rateFactorTillDue=0.0299916666666666667
[11:57:28] [AdvancedPaymentScheduleTransactionProcessor.java:512]   P6 [2026-03-03 -> 2026-04-03]: EMI=EUR 42.75 origEMI=EUR 42.75 calcDueInterest=EUR 1.24 dueInterest=EUR 1.24 duePrincipal=EUR 41.51 paidP=EUR 0.00 paidI=EUR 0.00 outstandingP=EUR 41.51 outstandingBal=EUR 0.00 fullyPaid=false
[11:57:28] [AdvancedPaymentScheduleTransactionProcessor.java:512]     IP1 [2026-03-03 -> 2026-04-03]: balCorr=EUR 0.00 outBal=EUR 41.51 disb=EUR 0.00 calcDueInt=1.244954083333333335 rateFactor=0.0299916666666666667 rateFactorTillDue=0.0299916666666666667
[11:57:28] [AdvancedPaymentScheduleTransactionProcessor.java:512] --- END MODEL DUMP ---
[11:57:28] [AdvancedPaymentScheduleTransactionProcessor.java:248]   >> processLoanTermVariation: type=INTEREST_RATE_FROM_INSTALLMENT, date=2025-10-04
[11:57:28] [ProgressiveEMICalculator.java:1139]    calculateLastUnpaidEMI: tillDate=2025-11-03, lastUnpaidPeriod=P6 [2026-03-03->2026-04-03]
[11:57:28] [ProgressiveEMICalculator.java:1139]      totalDueInterest=EUR 17.86, totalEMI=EUR 249.48, totalDisbursed=EUR 231.59, diff=EUR -0.03
[11:57:28] [ProgressiveEMICalculator.java:1139]      oldEMI=EUR 41.58 -> adjustedEMI=EUR 41.55
[11:57:28] [AdvancedPaymentScheduleTransactionProcessor.java:251] --- MODEL DUMP: AFTER TERM_VARIATION INTEREST_RATE_FROM_INSTALLMENT ---
[11:57:28] [AdvancedPaymentScheduleTransactionProcessor.java:251]   lastOverdueBalanceChange=null totalDuePrincipal=EUR 231.59 totalPaidPrincipal=EUR 0.00
[11:57:28] [AdvancedPaymentScheduleTransactionProcessor.java:251]   P1 [2025-10-03 -> 2025-11-03]: EMI=EUR 41.58 origEMI=EUR 41.58 calcDueInterest=EUR 5.02 dueInterest=EUR 5.02 duePrincipal=EUR 36.56 paidP=EUR 0.00 paidI=EUR 0.00 outstandingP=EUR 36.56 outstandingBal=EUR 195.03 fullyPaid=false
[11:57:28] [AdvancedPaymentScheduleTransactionProcessor.java:251]     IP1 [2025-10-03 -> 2025-10-03]: balCorr=EUR 0.00 outBal=EUR 0.00 disb=EUR 231.59 calcDueInt=0 rateFactor=0E-19 rateFactorTillDue=0.0216583333333333333
[11:57:28] [AdvancedPaymentScheduleTransactionProcessor.java:251]     IP2 [2025-10-03 -> 2025-11-03]: balCorr=EUR 0.00 outBal=EUR 231.59 disb=EUR 0.00 calcDueInt=5.015853416666666658 rateFactor=0.0216583333333333333 rateFactorTillDue=0.0216583333333333333
[11:57:28] [AdvancedPaymentScheduleTransactionProcessor.java:251]   P2 [2025-11-03 -> 2025-12-03]: EMI=EUR 41.58 origEMI=EUR 41.58 calcDueInterest=EUR 4.22 dueInterest=EUR 4.22 duePrincipal=EUR 37.36 paidP=EUR 0.00 paidI=EUR 0.00 outstandingP=EUR 37.36 outstandingBal=EUR 157.67 fullyPaid=false
[11:57:28] [AdvancedPaymentScheduleTransactionProcessor.java:251]     IP1 [2025-11-03 -> 2025-12-03]: balCorr=EUR 0.00 outBal=EUR 195.03 disb=EUR 0.00 calcDueInt=4.224024749999999994 rateFactor=0.0216583333333333333 rateFactorTillDue=0.0216583333333333333
[11:57:28] [AdvancedPaymentScheduleTransactionProcessor.java:251]   P3 [2025-12-03 -> 2026-01-03]: EMI=EUR 41.58 origEMI=EUR 41.58 calcDueInterest=EUR 3.41 dueInterest=EUR 3.41 duePrincipal=EUR 38.17 paidP=EUR 0.00 paidI=EUR 0.00 outstandingP=EUR 38.17 outstandingBal=EUR 119.50 fullyPaid=false
[11:57:28] [AdvancedPaymentScheduleTransactionProcessor.java:251]     IP1 [2025-12-03 -> 2026-01-03]: balCorr=EUR 0.00 outBal=EUR 157.67 disb=EUR 0.00 calcDueInt=3.414869416666666660 rateFactor=0.0216583333333333333 rateFactorTillDue=0.0216583333333333333
[11:57:28] [AdvancedPaymentScheduleTransactionProcessor.java:251]   P4 [2026-01-03 -> 2026-02-03]: EMI=EUR 41.58 origEMI=EUR 41.58 calcDueInterest=EUR 2.59 dueInterest=EUR 2.59 duePrincipal=EUR 38.99 paidP=EUR 0.00 paidI=EUR 0.00 outstandingP=EUR 38.99 outstandingBal=EUR 80.51 fullyPaid=false
[11:57:28] [AdvancedPaymentScheduleTransactionProcessor.java:251]     IP1 [2026-01-03 -> 2026-02-03]: balCorr=EUR 0.00 outBal=EUR 119.50 disb=EUR 0.00 calcDueInt=2.588170833333333329 rateFactor=0.0216583333333333333 rateFactorTillDue=0.0216583333333333333
[11:57:28] [AdvancedPaymentScheduleTransactionProcessor.java:251]   P5 [2026-02-03 -> 2026-03-03]: EMI=EUR 41.58 origEMI=EUR 41.58 calcDueInterest=EUR 1.74 dueInterest=EUR 1.74 duePrincipal=EUR 39.84 paidP=EUR 0.00 paidI=EUR 0.00 outstandingP=EUR 39.84 outstandingBal=EUR 40.67 fullyPaid=false
[11:57:28] [AdvancedPaymentScheduleTransactionProcessor.java:251]     IP1 [2026-02-03 -> 2026-03-03]: balCorr=EUR 0.00 outBal=EUR 80.51 disb=EUR 0.00 calcDueInt=1.743712416666666664 rateFactor=0.0216583333333333333 rateFactorTillDue=0.0216583333333333333
[11:57:28] [AdvancedPaymentScheduleTransactionProcessor.java:251]   P6 [2026-03-03 -> 2026-04-03]: EMI=EUR 41.55 origEMI=EUR 41.58 calcDueInterest=EUR 0.88 dueInterest=EUR 0.88 duePrincipal=EUR 40.67 paidP=EUR 0.00 paidI=EUR 0.00 outstandingP=EUR 40.67 outstandingBal=EUR 0.00 fullyPaid=false
[11:57:28] [AdvancedPaymentScheduleTransactionProcessor.java:251]     IP1 [2026-03-03 -> 2026-04-03]: balCorr=EUR 0.00 outBal=EUR 40.67 disb=EUR 0.00 calcDueInt=0.8808444166666666653 rateFactor=0.0216583333333333333 rateFactorTillDue=0.0216583333333333333
[11:57:28] [AdvancedPaymentScheduleTransactionProcessor.java:251] --- END MODEL DUMP ---
[11:57:28] [AdvancedPaymentScheduleTransactionProcessor.java:265]   >> processSingleTransaction: type=MERCHANT_ISSUED_REFUND, date=2025-10-15, amount=220.830000, reversed=false
[11:57:28] [AdvancedPaymentScheduleTransactionProcessor.java:482]   >> processLatestTransaction: type=MERCHANT_ISSUED_REFUND, date=2025-10-15, amount=220.830000
[11:57:28] [ProgressiveEMICalculator.java:1139]    calculateLastUnpaidEMI: tillDate=2025-11-03, lastUnpaidPeriod=P6 [2026-03-03->2026-04-03]
[11:57:28] [ProgressiveEMICalculator.java:1139]      totalDueInterest=EUR 5.02, totalEMI=EUR 249.45, totalDisbursed=EUR 231.59, diff=EUR -12.84
[11:57:28] [ProgressiveEMICalculator.java:1139]      oldEMI=EUR 41.55 -> adjustedEMI=EUR 28.71
[11:57:28] [AdvancedPaymentScheduleTransactionProcessor.java:1879]   recalculateInterestForDate[recalculateInterestForDate]: targetDate=2025-10-15, modelHasUpdates=false
[11:57:28] [ProgressiveEMICalculator.java:1139]    calculateLastUnpaidEMI: tillDate=2025-10-15, lastUnpaidPeriod=P6 [2026-03-03->2026-04-03]
[11:57:28] [ProgressiveEMICalculator.java:1139]      totalDueInterest=EUR 1.94, totalEMI=EUR 249.45, totalDisbursed=EUR 231.59, diff=EUR -15.92
[11:57:28] [ProgressiveEMICalculator.java:1139]      oldEMI=EUR 41.55 -> adjustedEMI=EUR 25.63
[11:57:28] [ProgressiveEMICalculator.java:392]    >> payPrincipal: P6 [2026-03-03->2026-04-03], txDate=2025-10-15, amount=EUR 41.58
[11:57:28] [ProgressiveEMICalculator.java:363]    >> addBalanceCorrection: date=2025-10-15, amount=EUR -41.58
[11:57:28] [InterestPeriod.java:116]       IP[2025-10-03->2025-10-15].addBalanceCorrectionAmount: before=EUR 0.00 + EUR -41.58 = EUR -41.58
[11:57:28] [ProgressiveEMICalculator.java:1139]    calculateLastUnpaidEMI: tillDate=2025-10-15, lastUnpaidPeriod=P6 [2026-03-03->2026-04-03]
[11:57:28] [ProgressiveEMICalculator.java:1139]      totalDueInterest=EUR 12.66, totalEMI=EUR 249.45, totalDisbursed=EUR 231.59, diff=EUR -5.20
[11:57:28] [ProgressiveEMICalculator.java:1139]      oldEMI=EUR 41.55 -> adjustedEMI=EUR 36.35
[11:57:28] [ProgressiveEMICalculator.java:1139]    calculateLastUnpaidEMI: tillDate=2025-10-15, lastUnpaidPeriod=P5 [2026-02-03->2026-03-03]
[11:57:28] [ProgressiveEMICalculator.java:1139]      totalDueInterest=EUR 12.66, totalEMI=EUR 249.48, totalDisbursed=EUR 231.59, diff=EUR -5.23
[11:57:28] [ProgressiveEMICalculator.java:1139]      oldEMI=EUR 41.58 -> adjustedEMI=EUR 36.35
[11:57:28] [ProgressiveEMICalculator.java:1139]    calculateLastUnpaidEMI: tillDate=2025-10-15, lastUnpaidPeriod=P5 [2026-02-03->2026-03-03]
[11:57:28] [ProgressiveEMICalculator.java:1139]      totalDueInterest=EUR 12.66, totalEMI=EUR 244.25, totalDisbursed=EUR 231.59, diff=EUR 0.00
[11:57:28] [ProgressiveEMICalculator.java:1139]      oldEMI=EUR 36.35 -> adjustedEMI=EUR 36.35
[11:57:28] [ProgressiveEMICalculator.java:1139]    calculateLastUnpaidEMI: tillDate=2025-10-15, lastUnpaidPeriod=P5 [2026-02-03->2026-03-03]
[11:57:28] [ProgressiveEMICalculator.java:1139]      totalDueInterest=EUR 1.94, totalEMI=EUR 244.25, totalDisbursed=EUR 231.59, diff=EUR -10.72
[11:57:28] [ProgressiveEMICalculator.java:1139]      oldEMI=EUR 36.35 -> adjustedEMI=EUR 25.63
[11:57:28] [ProgressiveEMICalculator.java:1139]    calculateLastUnpaidEMI: tillDate=2025-10-15, lastUnpaidPeriod=P5 [2026-02-03->2026-03-03]
[11:57:28] [ProgressiveEMICalculator.java:1139]      totalDueInterest=EUR 12.66, totalEMI=EUR 244.25, totalDisbursed=EUR 231.59, diff=EUR 0.00
[11:57:28] [ProgressiveEMICalculator.java:1139]      oldEMI=EUR 36.35 -> adjustedEMI=EUR 36.35
[11:57:28] [ProgressiveEMICalculator.java:1139]    calculateLastUnpaidEMI: tillDate=2025-10-15, lastUnpaidPeriod=P5 [2026-02-03->2026-03-03]
[11:57:28] [ProgressiveEMICalculator.java:1139]      totalDueInterest=EUR 1.94, totalEMI=EUR 244.25, totalDisbursed=EUR 231.59, diff=EUR -10.72
[11:57:28] [ProgressiveEMICalculator.java:1139]      oldEMI=EUR 36.35 -> adjustedEMI=EUR 25.63
[11:57:28] [ProgressiveEMICalculator.java:392]    >> payPrincipal: P5 [2026-02-03->2026-03-03], txDate=2025-10-15, amount=EUR 41.58
[11:57:28] [ProgressiveEMICalculator.java:363]    >> addBalanceCorrection: date=2025-10-15, amount=EUR -41.58
[11:57:28] [InterestPeriod.java:116]       IP[2025-10-03->2025-10-15].addBalanceCorrectionAmount: before=EUR -41.58 + EUR -41.58 = EUR -83.16
[11:57:28] [ProgressiveEMICalculator.java:1139]    calculateLastUnpaidEMI: tillDate=2025-10-15, lastUnpaidPeriod=P5 [2026-02-03->2026-03-03]
[11:57:28] [ProgressiveEMICalculator.java:1139]      totalDueInterest=EUR 8.54, totalEMI=EUR 244.25, totalDisbursed=EUR 231.59, diff=EUR -4.12
[11:57:28] [ProgressiveEMICalculator.java:1139]      oldEMI=EUR 36.35 -> adjustedEMI=EUR 32.23
[11:57:28] [ProgressiveEMICalculator.java:1139]    calculateLastUnpaidEMI: tillDate=2025-10-15, lastUnpaidPeriod=P4 [2026-01-03->2026-02-03]
[11:57:28] [ProgressiveEMICalculator.java:1139]      totalDueInterest=EUR 8.54, totalEMI=EUR 249.48, totalDisbursed=EUR 231.59, diff=EUR -9.35
[11:57:28] [ProgressiveEMICalculator.java:1139]      oldEMI=EUR 41.58 -> adjustedEMI=EUR 32.23
[11:57:28] [ProgressiveEMICalculator.java:1139]    calculateLastUnpaidEMI: tillDate=2025-10-15, lastUnpaidPeriod=P4 [2026-01-03->2026-02-03]
[11:57:28] [ProgressiveEMICalculator.java:1139]      totalDueInterest=EUR 8.54, totalEMI=EUR 240.13, totalDisbursed=EUR 231.59, diff=EUR 0.00
[11:57:28] [ProgressiveEMICalculator.java:1139]      oldEMI=EUR 32.23 -> adjustedEMI=EUR 32.23
[11:57:28] [ProgressiveEMICalculator.java:1139]    calculateLastUnpaidEMI: tillDate=2025-10-15, lastUnpaidPeriod=P4 [2026-01-03->2026-02-03]
[11:57:28] [ProgressiveEMICalculator.java:1139]      totalDueInterest=EUR 1.94, totalEMI=EUR 240.13, totalDisbursed=EUR 231.59, diff=EUR -6.60
[11:57:28] [ProgressiveEMICalculator.java:1139]      oldEMI=EUR 32.23 -> adjustedEMI=EUR 25.63
[11:57:28] [ProgressiveEMICalculator.java:1139]    calculateLastUnpaidEMI: tillDate=2025-10-15, lastUnpaidPeriod=P4 [2026-01-03->2026-02-03]
[11:57:28] [ProgressiveEMICalculator.java:1139]      totalDueInterest=EUR 8.54, totalEMI=EUR 240.13, totalDisbursed=EUR 231.59, diff=EUR 0.00
[11:57:28] [ProgressiveEMICalculator.java:1139]      oldEMI=EUR 32.23 -> adjustedEMI=EUR 32.23
[11:57:28] [ProgressiveEMICalculator.java:1139]    calculateLastUnpaidEMI: tillDate=2025-10-15, lastUnpaidPeriod=P4 [2026-01-03->2026-02-03]
[11:57:28] [ProgressiveEMICalculator.java:1139]      totalDueInterest=EUR 1.94, totalEMI=EUR 240.13, totalDisbursed=EUR 231.59, diff=EUR -6.60
[11:57:28] [ProgressiveEMICalculator.java:1139]      oldEMI=EUR 32.23 -> adjustedEMI=EUR 25.63
[11:57:28] [ProgressiveEMICalculator.java:392]    >> payPrincipal: P4 [2026-01-03->2026-02-03], txDate=2025-10-15, amount=EUR 41.58
[11:57:28] [ProgressiveEMICalculator.java:363]    >> addBalanceCorrection: date=2025-10-15, amount=EUR -41.58
[11:57:28] [InterestPeriod.java:116]       IP[2025-10-03->2025-10-15].addBalanceCorrectionAmount: before=EUR -83.16 + EUR -41.58 = EUR -124.74
[11:57:28] [ProgressiveEMICalculator.java:1139]    calculateLastUnpaidEMI: tillDate=2025-10-15, lastUnpaidPeriod=P4 [2026-01-03->2026-02-03]
[11:57:28] [ProgressiveEMICalculator.java:1139]      totalDueInterest=EUR 5.47, totalEMI=EUR 240.13, totalDisbursed=EUR 231.59, diff=EUR -3.07
[11:57:28] [ProgressiveEMICalculator.java:1139]      oldEMI=EUR 32.23 -> adjustedEMI=EUR 29.16
[11:57:28] [ProgressiveEMICalculator.java:1139]    calculateLastUnpaidEMI: tillDate=2025-10-15, lastUnpaidPeriod=P3 [2025-12-03->2026-01-03]
[11:57:28] [ProgressiveEMICalculator.java:1139]      totalDueInterest=EUR 5.47, totalEMI=EUR 249.48, totalDisbursed=EUR 231.59, diff=EUR -12.42
[11:57:28] [ProgressiveEMICalculator.java:1139]      oldEMI=EUR 41.58 -> adjustedEMI=EUR 29.16
[11:57:28] [ProgressiveEMICalculator.java:1139]    calculateLastUnpaidEMI: tillDate=2025-10-15, lastUnpaidPeriod=P3 [2025-12-03->2026-01-03]
[11:57:28] [ProgressiveEMICalculator.java:1139]      totalDueInterest=EUR 5.47, totalEMI=EUR 237.06, totalDisbursed=EUR 231.59, diff=EUR 0.00
[11:57:28] [ProgressiveEMICalculator.java:1139]      oldEMI=EUR 29.16 -> adjustedEMI=EUR 29.16
[11:57:28] [ProgressiveEMICalculator.java:1139]    calculateLastUnpaidEMI: tillDate=2025-10-15, lastUnpaidPeriod=P3 [2025-12-03->2026-01-03]
[11:57:28] [ProgressiveEMICalculator.java:1139]      totalDueInterest=EUR 1.94, totalEMI=EUR 237.06, totalDisbursed=EUR 231.59, diff=EUR -3.53
[11:57:28] [ProgressiveEMICalculator.java:1139]      oldEMI=EUR 29.16 -> adjustedEMI=EUR 25.63
[11:57:28] [ProgressiveEMICalculator.java:1139]    calculateLastUnpaidEMI: tillDate=2025-10-15, lastUnpaidPeriod=P3 [2025-12-03->2026-01-03]
[11:57:28] [ProgressiveEMICalculator.java:1139]      totalDueInterest=EUR 5.47, totalEMI=EUR 237.06, totalDisbursed=EUR 231.59, diff=EUR 0.00
[11:57:28] [ProgressiveEMICalculator.java:1139]      oldEMI=EUR 29.16 -> adjustedEMI=EUR 29.16
[11:57:28] [ProgressiveEMICalculator.java:1139]    calculateLastUnpaidEMI: tillDate=2025-10-15, lastUnpaidPeriod=P3 [2025-12-03->2026-01-03]
[11:57:28] [ProgressiveEMICalculator.java:1139]      totalDueInterest=EUR 1.94, totalEMI=EUR 237.06, totalDisbursed=EUR 231.59, diff=EUR -3.53
[11:57:28] [ProgressiveEMICalculator.java:1139]      oldEMI=EUR 29.16 -> adjustedEMI=EUR 25.63
[11:57:28] [ProgressiveEMICalculator.java:392]    >> payPrincipal: P3 [2025-12-03->2026-01-03], txDate=2025-10-15, amount=EUR 41.58
[11:57:28] [ProgressiveEMICalculator.java:363]    >> addBalanceCorrection: date=2025-10-15, amount=EUR -41.58
[11:57:28] [InterestPeriod.java:116]       IP[2025-10-03->2025-10-15].addBalanceCorrectionAmount: before=EUR -124.74 + EUR -41.58 = EUR -166.32
[11:57:28] [ProgressiveEMICalculator.java:1139]    calculateLastUnpaidEMI: tillDate=2025-10-15, lastUnpaidPeriod=P3 [2025-12-03->2026-01-03]
[11:57:28] [ProgressiveEMICalculator.java:1139]      totalDueInterest=EUR 3.38, totalEMI=EUR 237.06, totalDisbursed=EUR 231.59, diff=EUR -2.09
[11:57:28] [ProgressiveEMICalculator.java:1139]      oldEMI=EUR 29.16 -> adjustedEMI=EUR 27.07
[11:57:28] [ProgressiveEMICalculator.java:1139]    calculateLastUnpaidEMI: tillDate=2025-10-15, lastUnpaidPeriod=P2 [2025-11-03->2025-12-03]
[11:57:28] [ProgressiveEMICalculator.java:1139]      totalDueInterest=EUR 3.38, totalEMI=EUR 249.48, totalDisbursed=EUR 231.59, diff=EUR -14.51
[11:57:28] [ProgressiveEMICalculator.java:1139]      oldEMI=EUR 41.58 -> adjustedEMI=EUR 27.07
[11:57:28] [ProgressiveEMICalculator.java:1139]    calculateLastUnpaidEMI: tillDate=2025-10-15, lastUnpaidPeriod=P2 [2025-11-03->2025-12-03]
[11:57:28] [ProgressiveEMICalculator.java:1139]      totalDueInterest=EUR 3.38, totalEMI=EUR 234.97, totalDisbursed=EUR 231.59, diff=EUR 0.00
[11:57:28] [ProgressiveEMICalculator.java:1139]      oldEMI=EUR 27.07 -> adjustedEMI=EUR 27.07
[11:57:28] [ProgressiveEMICalculator.java:1139]    calculateLastUnpaidEMI: tillDate=2025-10-15, lastUnpaidPeriod=P2 [2025-11-03->2025-12-03]
[11:57:28] [ProgressiveEMICalculator.java:1139]      totalDueInterest=EUR 1.94, totalEMI=EUR 234.97, totalDisbursed=EUR 231.59, diff=EUR -1.44
[11:57:28] [ProgressiveEMICalculator.java:1139]      oldEMI=EUR 27.07 -> adjustedEMI=EUR 25.63
[11:57:28] [ProgressiveEMICalculator.java:1139]    calculateLastUnpaidEMI: tillDate=2025-10-15, lastUnpaidPeriod=P2 [2025-11-03->2025-12-03]
[11:57:28] [ProgressiveEMICalculator.java:1139]      totalDueInterest=EUR 3.38, totalEMI=EUR 234.97, totalDisbursed=EUR 231.59, diff=EUR 0.00
[11:57:28] [ProgressiveEMICalculator.java:1139]      oldEMI=EUR 27.07 -> adjustedEMI=EUR 27.07
[11:57:28] [ProgressiveEMICalculator.java:1139]    calculateLastUnpaidEMI: tillDate=2025-10-15, lastUnpaidPeriod=P2 [2025-11-03->2025-12-03]
[11:57:28] [ProgressiveEMICalculator.java:1139]      totalDueInterest=EUR 1.94, totalEMI=EUR 234.97, totalDisbursed=EUR 231.59, diff=EUR -1.44
[11:57:28] [ProgressiveEMICalculator.java:1139]      oldEMI=EUR 27.07 -> adjustedEMI=EUR 25.63
[11:57:28] [ProgressiveEMICalculator.java:392]    >> payPrincipal: P2 [2025-11-03->2025-12-03], txDate=2025-10-15, amount=EUR 41.58
[11:57:28] [ProgressiveEMICalculator.java:363]    >> addBalanceCorrection: date=2025-10-15, amount=EUR -41.58
[11:57:28] [InterestPeriod.java:116]       IP[2025-10-03->2025-10-15].addBalanceCorrectionAmount: before=EUR -166.32 + EUR -41.58 = EUR -207.90
[11:57:28] [ProgressiveEMICalculator.java:1139]    calculateLastUnpaidEMI: tillDate=2025-10-15, lastUnpaidPeriod=P2 [2025-11-03->2025-12-03]
[11:57:28] [ProgressiveEMICalculator.java:1139]      totalDueInterest=EUR 2.26, totalEMI=EUR 219.34, totalDisbursed=EUR 231.59, diff=EUR 14.51
[11:57:28] [ProgressiveEMICalculator.java:1139]      oldEMI=EUR 27.07 -> adjustedEMI=EUR 41.58
[11:57:28] [ProgressiveEMICalculator.java:1139]    calculateLastUnpaidEMI: tillDate=2025-10-15, lastUnpaidPeriod=P1 [2025-10-03->2025-11-03]
[11:57:28] [ProgressiveEMICalculator.java:1139]      totalDueInterest=EUR 2.26, totalEMI=EUR 233.85, totalDisbursed=EUR 231.59, diff=EUR 0.00
[11:57:28] [ProgressiveEMICalculator.java:1139]      oldEMI=EUR 25.95 -> adjustedEMI=EUR 25.95
[11:57:28] [ProgressiveEMICalculator.java:1139]    calculateLastUnpaidEMI: tillDate=2025-10-15, lastUnpaidPeriod=P1 [2025-10-03->2025-11-03]
[11:57:28] [ProgressiveEMICalculator.java:1139]      totalDueInterest=EUR 1.94, totalEMI=EUR 233.53, totalDisbursed=EUR 231.59, diff=EUR 0.00
[11:57:28] [ProgressiveEMICalculator.java:1139]      oldEMI=EUR 25.63 -> adjustedEMI=EUR 25.63
[11:57:28] [ProgressiveEMICalculator.java:1139]    calculateLastUnpaidEMI: tillDate=2025-10-15, lastUnpaidPeriod=P1 [2025-10-03->2025-11-03]
[11:57:28] [ProgressiveEMICalculator.java:1139]      totalDueInterest=EUR 2.26, totalEMI=EUR 233.85, totalDisbursed=EUR 231.59, diff=EUR 0.00
[11:57:28] [ProgressiveEMICalculator.java:1139]      oldEMI=EUR 25.95 -> adjustedEMI=EUR 25.95
[11:57:28] [ProgressiveEMICalculator.java:1139]    calculateLastUnpaidEMI: tillDate=2025-10-15, lastUnpaidPeriod=P1 [2025-10-03->2025-11-03]
[11:57:28] [ProgressiveEMICalculator.java:1139]      totalDueInterest=EUR 1.94, totalEMI=EUR 233.53, totalDisbursed=EUR 231.59, diff=EUR 0.00
[11:57:28] [ProgressiveEMICalculator.java:1139]      oldEMI=EUR 25.63 -> adjustedEMI=EUR 25.63
[11:57:28] [ProgressiveEMICalculator.java:392]    >> payPrincipal: P1 [2025-10-03->2025-11-03], txDate=2025-10-15, amount=EUR 12.93
[11:57:28] [ProgressiveEMICalculator.java:363]    >> addBalanceCorrection: date=2025-10-15, amount=EUR -12.93
[11:57:28] [InterestPeriod.java:116]       IP[2025-10-03->2025-10-15].addBalanceCorrectionAmount: before=EUR -207.90 + EUR -12.93 = EUR -220.83
[11:57:28] [ProgressiveEMICalculator.java:1139]    calculateLastUnpaidEMI: tillDate=2025-10-15, lastUnpaidPeriod=P1 [2025-10-03->2025-11-03]
[11:57:28] [ProgressiveEMICalculator.java:1139]      totalDueInterest=EUR 2.08, totalEMI=EUR 233.67, totalDisbursed=EUR 231.59, diff=EUR 0.00
[11:57:28] [ProgressiveEMICalculator.java:1139]      oldEMI=EUR 25.77 -> adjustedEMI=EUR 25.77
[11:57:28] [ProgressiveEMICalculator.java:1139]    calculateLastUnpaidEMI: tillDate=2025-10-15, lastUnpaidPeriod=P1 [2025-10-03->2025-11-03]
[11:57:28] [ProgressiveEMICalculator.java:1139]      totalDueInterest=EUR 1.94, totalEMI=EUR 233.53, totalDisbursed=EUR 231.59, diff=EUR 0.00
[11:57:28] [ProgressiveEMICalculator.java:1139]      oldEMI=EUR 25.63 -> adjustedEMI=EUR 25.63
[11:57:28] [ProgressiveEMICalculator.java:1139]    calculateLastUnpaidEMI: tillDate=2025-10-15, lastUnpaidPeriod=P1 [2025-10-03->2025-11-03]
[11:57:28] [ProgressiveEMICalculator.java:1139]      totalDueInterest=EUR 2.08, totalEMI=EUR 233.67, totalDisbursed=EUR 231.59, diff=EUR 0.00
[11:57:28] [ProgressiveEMICalculator.java:1139]      oldEMI=EUR 25.77 -> adjustedEMI=EUR 25.77
[11:57:28] [AdvancedPaymentScheduleTransactionProcessor.java:512] --- MODEL DUMP: AFTER processLatestTransaction MERCHANT_ISSUED_REFUND 2025-10-15 ---
[11:57:28] [AdvancedPaymentScheduleTransactionProcessor.java:512]   lastOverdueBalanceChange=null totalDuePrincipal=EUR 231.59 totalPaidPrincipal=EUR 220.83
[11:57:28] [AdvancedPaymentScheduleTransactionProcessor.java:512]   P1 [2025-10-03 -> 2025-11-03]: EMI=EUR 25.77 origEMI=EUR 41.58 calcDueInterest=EUR 2.08 dueInterest=EUR 2.08 duePrincipal=EUR 23.69 paidP=EUR 12.93 paidI=EUR 0.00 outstandingP=EUR 10.76 outstandingBal=EUR 0.00 fullyPaid=false
[11:57:28] [AdvancedPaymentScheduleTransactionProcessor.java:512]     IP1 [2025-10-03 -> 2025-10-03]: balCorr=EUR 0.00 outBal=EUR 0.00 disb=EUR 231.59 calcDueInt=0 rateFactor=0E-19 rateFactorTillDue=0.0216583333333333333
[11:57:28] [AdvancedPaymentScheduleTransactionProcessor.java:512]     IP2 [2025-10-03 -> 2025-10-15]: balCorr=EUR -220.83 outBal=EUR 231.59 disb=EUR 0.00 calcDueInt=1.941620677419354835 rateFactor=0.0083838709677419355 rateFactorTillDue=0.0216583333333333333
[11:57:28] [AdvancedPaymentScheduleTransactionProcessor.java:512]     IP3 [2025-10-15 -> 2025-11-03]: balCorr=EUR 0.00 outBal=EUR 10.76 disb=EUR 0.00 calcDueInt=0.1428332150537634403 rateFactor=0.0132744623655913978 rateFactorTillDue=0.0132744623655913978
[11:57:28] [AdvancedPaymentScheduleTransactionProcessor.java:512]   P2 [2025-11-03 -> 2025-12-03]: EMI=EUR 41.58 origEMI=EUR 41.58 calcDueInterest=EUR 0.00 dueInterest=EUR 0.00 duePrincipal=EUR 41.58 paidP=EUR 41.58 paidI=EUR 0.00 outstandingP=EUR 0.00 outstandingBal=EUR 0.00 fullyPaid=true
[11:57:28] [AdvancedPaymentScheduleTransactionProcessor.java:512]     IP1 [2025-11-03 -> 2025-12-03]: balCorr=EUR 0.00 outBal=EUR 0.00 disb=EUR 0.00 calcDueInt=0 rateFactor=0.0216583333333333333 rateFactorTillDue=0.0216583333333333333
[11:57:28] [AdvancedPaymentScheduleTransactionProcessor.java:512]   P3 [2025-12-03 -> 2026-01-03]: EMI=EUR 41.58 origEMI=EUR 41.58 calcDueInterest=EUR 0.00 dueInterest=EUR 0.00 duePrincipal=EUR 41.58 paidP=EUR 41.58 paidI=EUR 0.00 outstandingP=EUR 0.00 outstandingBal=EUR 0.00 fullyPaid=true
[11:57:28] [AdvancedPaymentScheduleTransactionProcessor.java:512]     IP1 [2025-12-03 -> 2026-01-03]: balCorr=EUR 0.00 outBal=EUR 0.00 disb=EUR 0.00 calcDueInt=0 rateFactor=0.0216583333333333333 rateFactorTillDue=0.0216583333333333333
[11:57:28] [AdvancedPaymentScheduleTransactionProcessor.java:512]   P4 [2026-01-03 -> 2026-02-03]: EMI=EUR 41.58 origEMI=EUR 41.58 calcDueInterest=EUR 0.00 dueInterest=EUR 0.00 duePrincipal=EUR 41.58 paidP=EUR 41.58 paidI=EUR 0.00 outstandingP=EUR 0.00 outstandingBal=EUR 0.00 fullyPaid=true
[11:57:28] [AdvancedPaymentScheduleTransactionProcessor.java:512]     IP1 [2026-01-03 -> 2026-02-03]: balCorr=EUR 0.00 outBal=EUR 0.00 disb=EUR 0.00 calcDueInt=0 rateFactor=0.0216583333333333333 rateFactorTillDue=0.0216583333333333333
[11:57:28] [AdvancedPaymentScheduleTransactionProcessor.java:512]   P5 [2026-02-03 -> 2026-03-03]: EMI=EUR 41.58 origEMI=EUR 41.58 calcDueInterest=EUR 0.00 dueInterest=EUR 0.00 duePrincipal=EUR 41.58 paidP=EUR 41.58 paidI=EUR 0.00 outstandingP=EUR 0.00 outstandingBal=EUR 0.00 fullyPaid=true
[11:57:28] [AdvancedPaymentScheduleTransactionProcessor.java:512]     IP1 [2026-02-03 -> 2026-03-03]: balCorr=EUR 0.00 outBal=EUR 0.00 disb=EUR 0.00 calcDueInt=0 rateFactor=0.0216583333333333333 rateFactorTillDue=0.0216583333333333333
[11:57:28] [AdvancedPaymentScheduleTransactionProcessor.java:512]   P6 [2026-03-03 -> 2026-04-03]: EMI=EUR 41.58 origEMI=EUR 41.58 calcDueInterest=EUR 0.00 dueInterest=EUR 0.00 duePrincipal=EUR 41.58 paidP=EUR 41.58 paidI=EUR 0.00 outstandingP=EUR 0.00 outstandingBal=EUR 0.00 fullyPaid=true
[11:57:28] [AdvancedPaymentScheduleTransactionProcessor.java:512]     IP1 [2026-03-03 -> 2026-04-03]: balCorr=EUR 0.00 outBal=EUR 0.00 disb=EUR 0.00 calcDueInt=0 rateFactor=0.0216583333333333333 rateFactorTillDue=0.0216583333333333333
[11:57:28] [AdvancedPaymentScheduleTransactionProcessor.java:512] --- END MODEL DUMP ---
[11:57:28] [AdvancedPaymentScheduleTransactionProcessor.java:265]   >> processSingleTransaction: type=INTEREST_REFUND, date=2025-10-15, amount=1.850000, reversed=false
[11:57:28] [AdvancedPaymentScheduleTransactionProcessor.java:482]   >> processLatestTransaction: type=INTEREST_REFUND, date=2025-10-15, amount=1.850000
[11:57:28] [ProgressiveEMICalculator.java:1139]    calculateLastUnpaidEMI: tillDate=2025-11-03, lastUnpaidPeriod=P1 [2025-10-03->2025-11-03]
[11:57:28] [ProgressiveEMICalculator.java:1139]      totalDueInterest=EUR 2.08, totalEMI=EUR 233.67, totalDisbursed=EUR 231.59, diff=EUR 0.00
[11:57:28] [ProgressiveEMICalculator.java:1139]      oldEMI=EUR 25.77 -> adjustedEMI=EUR 25.77
[11:57:28] [AdvancedPaymentScheduleTransactionProcessor.java:1879]   recalculateInterestForDate[recalculateInterestForDate]: targetDate=2025-10-15, modelHasUpdates=false
[11:57:28] [ProgressiveEMICalculator.java:1139]    calculateLastUnpaidEMI: tillDate=2025-10-15, lastUnpaidPeriod=P1 [2025-10-03->2025-11-03]
[11:57:28] [ProgressiveEMICalculator.java:1139]      totalDueInterest=EUR 1.94, totalEMI=EUR 233.53, totalDisbursed=EUR 231.59, diff=EUR 0.00
[11:57:28] [ProgressiveEMICalculator.java:1139]      oldEMI=EUR 25.63 -> adjustedEMI=EUR 25.63
[11:57:28] [ProgressiveEMICalculator.java:1139]    calculateLastUnpaidEMI: tillDate=2025-11-03, lastUnpaidPeriod=P6 [2026-03-03->2026-04-03]
[11:57:28] [ProgressiveEMICalculator.java:1139]      totalDueInterest=EUR 17.86, totalEMI=EUR 249.48, totalDisbursed=EUR 231.59, diff=EUR -0.03
[11:57:28] [ProgressiveEMICalculator.java:1139]      oldEMI=EUR 41.58 -> adjustedEMI=EUR 41.55
[11:57:28] [AdvancedPaymentScheduleTransactionProcessor.java:240] ======== === NEW REPROCESSING CYCLE === ========
[11:57:28] [AdvancedPaymentScheduleTransactionProcessor.java:241] ======== REPROCESSING START ========
[11:57:28] [AdvancedPaymentScheduleTransactionProcessor.java:241] reprocessProgressiveLoanTransactions: targetDate=2025-10-15, operations=3
[11:57:28] [AdvancedPaymentScheduleTransactionProcessor.java:242] --- MODEL DUMP: INITIAL MODEL ---
[11:57:28] [AdvancedPaymentScheduleTransactionProcessor.java:242]   lastOverdueBalanceChange=null totalDuePrincipal=EUR 0.00 totalPaidPrincipal=EUR 0.00
[11:57:28] [AdvancedPaymentScheduleTransactionProcessor.java:242]   P1 [2025-10-03 -> 2025-11-03]: EMI=EUR 0.00 origEMI=EUR 0.00 calcDueInterest=EUR 0.00 dueInterest=EUR 0.00 duePrincipal=EUR 0.00 paidP=EUR 0.00 paidI=EUR 0.00 outstandingP=EUR 0.00 outstandingBal=EUR 0.00 fullyPaid=true
[11:57:28] [AdvancedPaymentScheduleTransactionProcessor.java:242]     IP1 [2025-10-03 -> 2025-11-03]: balCorr=EUR 0.00 outBal=EUR 0.00 disb=EUR 0.00 calcDueInt=0 rateFactor=0 rateFactorTillDue=0
[11:57:28] [AdvancedPaymentScheduleTransactionProcessor.java:242]   P2 [2025-11-03 -> 2025-12-03]: EMI=EUR 0.00 origEMI=EUR 0.00 calcDueInterest=EUR 0.00 dueInterest=EUR 0.00 duePrincipal=EUR 0.00 paidP=EUR 0.00 paidI=EUR 0.00 outstandingP=EUR 0.00 outstandingBal=EUR 0.00 fullyPaid=true
[11:57:28] [AdvancedPaymentScheduleTransactionProcessor.java:242]     IP1 [2025-11-03 -> 2025-12-03]: balCorr=EUR 0.00 outBal=EUR 0.00 disb=EUR 0.00 calcDueInt=0 rateFactor=0 rateFactorTillDue=0
[11:57:28] [AdvancedPaymentScheduleTransactionProcessor.java:242]   P3 [2025-12-03 -> 2026-01-03]: EMI=EUR 0.00 origEMI=EUR 0.00 calcDueInterest=EUR 0.00 dueInterest=EUR 0.00 duePrincipal=EUR 0.00 paidP=EUR 0.00 paidI=EUR 0.00 outstandingP=EUR 0.00 outstandingBal=EUR 0.00 fullyPaid=true
[11:57:28] [AdvancedPaymentScheduleTransactionProcessor.java:242]     IP1 [2025-12-03 -> 2026-01-03]: balCorr=EUR 0.00 outBal=EUR 0.00 disb=EUR 0.00 calcDueInt=0 rateFactor=0 rateFactorTillDue=0
[11:57:28] [AdvancedPaymentScheduleTransactionProcessor.java:242]   P4 [2026-01-03 -> 2026-02-03]: EMI=EUR 0.00 origEMI=EUR 0.00 calcDueInterest=EUR 0.00 dueInterest=EUR 0.00 duePrincipal=EUR 0.00 paidP=EUR 0.00 paidI=EUR 0.00 outstandingP=EUR 0.00 outstandingBal=EUR 0.00 fullyPaid=true
[11:57:28] [AdvancedPaymentScheduleTransactionProcessor.java:242]     IP1 [2026-01-03 -> 2026-02-03]: balCorr=EUR 0.00 outBal=EUR 0.00 disb=EUR 0.00 calcDueInt=0 rateFactor=0 rateFactorTillDue=0
[11:57:28] [AdvancedPaymentScheduleTransactionProcessor.java:242]   P5 [2026-02-03 -> 2026-03-03]: EMI=EUR 0.00 origEMI=EUR 0.00 calcDueInterest=EUR 0.00 dueInterest=EUR 0.00 duePrincipal=EUR 0.00 paidP=EUR 0.00 paidI=EUR 0.00 outstandingP=EUR 0.00 outstandingBal=EUR 0.00 fullyPaid=true
[11:57:28] [AdvancedPaymentScheduleTransactionProcessor.java:242]     IP1 [2026-02-03 -> 2026-03-03]: balCorr=EUR 0.00 outBal=EUR 0.00 disb=EUR 0.00 calcDueInt=0 rateFactor=0 rateFactorTillDue=0
[11:57:28] [AdvancedPaymentScheduleTransactionProcessor.java:242]   P6 [2026-03-03 -> 2026-04-03]: EMI=EUR 0.00 origEMI=EUR 0.00 calcDueInterest=EUR 0.00 dueInterest=EUR 0.00 duePrincipal=EUR 0.00 paidP=EUR 0.00 paidI=EUR 0.00 outstandingP=EUR 0.00 outstandingBal=EUR 0.00 fullyPaid=true
[11:57:28] [AdvancedPaymentScheduleTransactionProcessor.java:242]     IP1 [2026-03-03 -> 2026-04-03]: balCorr=EUR 0.00 outBal=EUR 0.00 disb=EUR 0.00 calcDueInt=0 rateFactor=0 rateFactorTillDue=0
[11:57:28] [AdvancedPaymentScheduleTransactionProcessor.java:242] --- END MODEL DUMP ---
[11:57:28] [AdvancedPaymentScheduleTransactionProcessor.java:265]   >> processSingleTransaction: type=DISBURSEMENT, date=2025-10-03, amount=231.590000, reversed=false
[11:57:28] [AdvancedPaymentScheduleTransactionProcessor.java:482]   >> processLatestTransaction: type=DISBURSEMENT, date=2025-10-03, amount=231.590000
[11:57:28] [AdvancedPaymentScheduleTransactionProcessor.java:1879]   recalculateInterestForDate[recalculateInterestForDate]: targetDate=2025-10-03, modelHasUpdates=false
[11:57:28] [ProgressiveEMICalculator.java:1139]    calculateLastUnpaidEMI: tillDate=2025-11-03, lastUnpaidPeriod=P6 [2026-03-03->2026-04-03]
[11:57:28] [ProgressiveEMICalculator.java:1139]      totalDueInterest=EUR 24.91, totalEMI=EUR 256.50, totalDisbursed=EUR 231.59, diff=EUR 0.00
[11:57:28] [ProgressiveEMICalculator.java:1139]      oldEMI=EUR 42.75 -> adjustedEMI=EUR 42.75
[11:57:28] [AdvancedPaymentScheduleTransactionProcessor.java:512] --- MODEL DUMP: AFTER processLatestTransaction DISBURSEMENT 2025-10-03 ---
[11:57:28] [AdvancedPaymentScheduleTransactionProcessor.java:512]   lastOverdueBalanceChange=null totalDuePrincipal=EUR 231.59 totalPaidPrincipal=EUR 0.00
[11:57:28] [AdvancedPaymentScheduleTransactionProcessor.java:512]   P1 [2025-10-03 -> 2025-11-03]: EMI=EUR 42.75 origEMI=EUR 42.75 calcDueInterest=EUR 6.95 dueInterest=EUR 6.95 duePrincipal=EUR 35.80 paidP=EUR 0.00 paidI=EUR 0.00 outstandingP=EUR 35.80 outstandingBal=EUR 195.79 fullyPaid=false
[11:57:28] [AdvancedPaymentScheduleTransactionProcessor.java:512]     IP1 [2025-10-03 -> 2025-10-03]: balCorr=EUR 0.00 outBal=EUR 0.00 disb=EUR 231.59 calcDueInt=0 rateFactor=0E-19 rateFactorTillDue=0.0299916666666666667
[11:57:28] [AdvancedPaymentScheduleTransactionProcessor.java:512]     IP2 [2025-10-03 -> 2025-11-03]: balCorr=EUR 0.00 outBal=EUR 231.59 disb=EUR 0.00 calcDueInt=6.945770083333333340 rateFactor=0.0299916666666666667 rateFactorTillDue=0.0299916666666666667
[11:57:28] [AdvancedPaymentScheduleTransactionProcessor.java:512]   P2 [2025-11-03 -> 2025-12-03]: EMI=EUR 42.75 origEMI=EUR 42.75 calcDueInterest=EUR 5.87 dueInterest=EUR 5.87 duePrincipal=EUR 36.88 paidP=EUR 0.00 paidI=EUR 0.00 outstandingP=EUR 36.88 outstandingBal=EUR 158.91 fullyPaid=false
[11:57:28] [AdvancedPaymentScheduleTransactionProcessor.java:512]     IP1 [2025-11-03 -> 2025-12-03]: balCorr=EUR 0.00 outBal=EUR 195.79 disb=EUR 0.00 calcDueInt=5.872068416666666673 rateFactor=0.0299916666666666667 rateFactorTillDue=0.0299916666666666667
[11:57:28] [AdvancedPaymentScheduleTransactionProcessor.java:512]   P3 [2025-12-03 -> 2026-01-03]: EMI=EUR 42.75 origEMI=EUR 42.75 calcDueInterest=EUR 4.77 dueInterest=EUR 4.77 duePrincipal=EUR 37.98 paidP=EUR 0.00 paidI=EUR 0.00 outstandingP=EUR 37.98 outstandingBal=EUR 120.93 fullyPaid=false
[11:57:28] [AdvancedPaymentScheduleTransactionProcessor.java:512]     IP1 [2025-12-03 -> 2026-01-03]: balCorr=EUR 0.00 outBal=EUR 158.91 disb=EUR 0.00 calcDueInt=4.765975750000000006 rateFactor=0.0299916666666666667 rateFactorTillDue=0.0299916666666666667
[11:57:28] [AdvancedPaymentScheduleTransactionProcessor.java:512]   P4 [2026-01-03 -> 2026-02-03]: EMI=EUR 42.75 origEMI=EUR 42.75 calcDueInterest=EUR 3.63 dueInterest=EUR 3.63 duePrincipal=EUR 39.12 paidP=EUR 0.00 paidI=EUR 0.00 outstandingP=EUR 39.12 outstandingBal=EUR 81.81 fullyPaid=false
[11:57:28] [AdvancedPaymentScheduleTransactionProcessor.java:512]     IP1 [2026-01-03 -> 2026-02-03]: balCorr=EUR 0.00 outBal=EUR 120.93 disb=EUR 0.00 calcDueInt=3.626892250000000003 rateFactor=0.0299916666666666667 rateFactorTillDue=0.0299916666666666667
[11:57:28] [AdvancedPaymentScheduleTransactionProcessor.java:512]   P5 [2026-02-03 -> 2026-03-03]: EMI=EUR 42.75 origEMI=EUR 42.75 calcDueInterest=EUR 2.45 dueInterest=EUR 2.45 duePrincipal=EUR 40.30 paidP=EUR 0.00 paidI=EUR 0.00 outstandingP=EUR 40.30 outstandingBal=EUR 41.51 fullyPaid=false
[11:57:28] [AdvancedPaymentScheduleTransactionProcessor.java:512]     IP1 [2026-02-03 -> 2026-03-03]: balCorr=EUR 0.00 outBal=EUR 81.81 disb=EUR 0.00 calcDueInt=2.453618250000000003 rateFactor=0.0299916666666666667 rateFactorTillDue=0.0299916666666666667
[11:57:28] [AdvancedPaymentScheduleTransactionProcessor.java:512]   P6 [2026-03-03 -> 2026-04-03]: EMI=EUR 42.75 origEMI=EUR 42.75 calcDueInterest=EUR 1.24 dueInterest=EUR 1.24 duePrincipal=EUR 41.51 paidP=EUR 0.00 paidI=EUR 0.00 outstandingP=EUR 41.51 outstandingBal=EUR 0.00 fullyPaid=false
[11:57:28] [AdvancedPaymentScheduleTransactionProcessor.java:512]     IP1 [2026-03-03 -> 2026-04-03]: balCorr=EUR 0.00 outBal=EUR 41.51 disb=EUR 0.00 calcDueInt=1.244954083333333335 rateFactor=0.0299916666666666667 rateFactorTillDue=0.0299916666666666667
[11:57:28] [AdvancedPaymentScheduleTransactionProcessor.java:512] --- END MODEL DUMP ---
[11:57:28] [AdvancedPaymentScheduleTransactionProcessor.java:265]   >> processSingleTransaction: type=REPAYMENT, date=2025-10-03, amount=220.830000, reversed=false
[11:57:28] [AdvancedPaymentScheduleTransactionProcessor.java:482]   >> processLatestTransaction: type=REPAYMENT, date=2025-10-03, amount=220.830000
[11:57:28] [ProgressiveEMICalculator.java:1139]    calculateLastUnpaidEMI: tillDate=2025-11-03, lastUnpaidPeriod=P6 [2026-03-03->2026-04-03]
[11:57:28] [ProgressiveEMICalculator.java:1139]      totalDueInterest=EUR 6.95, totalEMI=EUR 256.50, totalDisbursed=EUR 231.59, diff=EUR -17.96
[11:57:28] [ProgressiveEMICalculator.java:1139]      oldEMI=EUR 42.75 -> adjustedEMI=EUR 24.79
[11:57:28] [AdvancedPaymentScheduleTransactionProcessor.java:1879]   recalculateInterestForDate[recalculateInterestForDate]: targetDate=2025-10-03, modelHasUpdates=false
[11:57:28] [ProgressiveEMICalculator.java:1139]    calculateLastUnpaidEMI: tillDate=2025-10-03, lastUnpaidPeriod=P6 [2026-03-03->2026-04-03]
[11:57:28] [ProgressiveEMICalculator.java:1139]      totalDueInterest=EUR 0.00, totalEMI=EUR 256.50, totalDisbursed=EUR 231.59, diff=EUR -24.91
[11:57:28] [ProgressiveEMICalculator.java:1139]      oldEMI=EUR 42.75 -> adjustedEMI=EUR 17.84
[11:57:28] [ProgressiveEMICalculator.java:1139]    calculateLastUnpaidEMI: tillDate=2025-10-03, lastUnpaidPeriod=P6 [2026-03-03->2026-04-03]
[11:57:28] [ProgressiveEMICalculator.java:1139]      totalDueInterest=EUR 24.91, totalEMI=EUR 256.50, totalDisbursed=EUR 231.59, diff=EUR 0.00
[11:57:28] [ProgressiveEMICalculator.java:1139]      oldEMI=EUR 42.75 -> adjustedEMI=EUR 42.75
[11:57:28] [ProgressiveEMICalculator.java:1139]    calculateLastUnpaidEMI: tillDate=2025-10-03, lastUnpaidPeriod=P6 [2026-03-03->2026-04-03]
[11:57:28] [ProgressiveEMICalculator.java:1139]      totalDueInterest=EUR 0.00, totalEMI=EUR 256.50, totalDisbursed=EUR 231.59, diff=EUR -24.91
[11:57:28] [ProgressiveEMICalculator.java:1139]      oldEMI=EUR 42.75 -> adjustedEMI=EUR 17.84
[11:57:28] [ProgressiveEMICalculator.java:392]    >> payPrincipal: P1 [2025-10-03->2025-11-03], txDate=2025-10-03, amount=EUR 42.75
[11:57:28] [ProgressiveEMICalculator.java:363]    >> addBalanceCorrection: date=2025-10-03, amount=EUR -42.75
[11:57:28] [InterestPeriod.java:116]       IP[2025-10-03->2025-10-03].addBalanceCorrectionAmount: before=EUR 0.00 + EUR -42.75 = EUR -42.75
[11:57:28] [ProgressiveEMICalculator.java:1139]    calculateLastUnpaidEMI: tillDate=2025-10-03, lastUnpaidPeriod=P6 [2026-03-03->2026-04-03]
[11:57:28] [ProgressiveEMICalculator.java:1139]      totalDueInterest=EUR 23.23, totalEMI=EUR 256.50, totalDisbursed=EUR 231.59, diff=EUR -1.68
[11:57:28] [ProgressiveEMICalculator.java:1139]      oldEMI=EUR 42.75 -> adjustedEMI=EUR 41.07
[11:57:28] [ProgressiveEMICalculator.java:1139]    calculateLastUnpaidEMI: tillDate=2025-10-03, lastUnpaidPeriod=P6 [2026-03-03->2026-04-03]
[11:57:28] [ProgressiveEMICalculator.java:1139]      totalDueInterest=EUR 23.23, totalEMI=EUR 254.82, totalDisbursed=EUR 231.59, diff=EUR 0.00
[11:57:28] [ProgressiveEMICalculator.java:1139]      oldEMI=EUR 41.07 -> adjustedEMI=EUR 41.07
[11:57:28] [ProgressiveEMICalculator.java:1139]    calculateLastUnpaidEMI: tillDate=2025-10-03, lastUnpaidPeriod=P6 [2026-03-03->2026-04-03]
[11:57:28] [ProgressiveEMICalculator.java:1139]      totalDueInterest=EUR 0.00, totalEMI=EUR 254.82, totalDisbursed=EUR 231.59, diff=EUR -23.23
[11:57:28] [ProgressiveEMICalculator.java:1139]      oldEMI=EUR 41.07 -> adjustedEMI=EUR 17.84
[11:57:28] [ProgressiveEMICalculator.java:1139]    calculateLastUnpaidEMI: tillDate=2025-10-03, lastUnpaidPeriod=P6 [2026-03-03->2026-04-03]
[11:57:28] [ProgressiveEMICalculator.java:1139]      totalDueInterest=EUR 23.23, totalEMI=EUR 254.82, totalDisbursed=EUR 231.59, diff=EUR 0.00
[11:57:28] [ProgressiveEMICalculator.java:1139]      oldEMI=EUR 41.07 -> adjustedEMI=EUR 41.07
[11:57:28] [ProgressiveEMICalculator.java:1139]    calculateLastUnpaidEMI: tillDate=2025-10-03, lastUnpaidPeriod=P6 [2026-03-03->2026-04-03]
[11:57:28] [ProgressiveEMICalculator.java:1139]      totalDueInterest=EUR 0.00, totalEMI=EUR 254.82, totalDisbursed=EUR 231.59, diff=EUR -23.23
[11:57:28] [ProgressiveEMICalculator.java:1139]      oldEMI=EUR 41.07 -> adjustedEMI=EUR 17.84
[11:57:28] [ProgressiveEMICalculator.java:392]    >> payPrincipal: P2 [2025-11-03->2025-12-03], txDate=2025-10-03, amount=EUR 42.75
[11:57:28] [ProgressiveEMICalculator.java:363]    >> addBalanceCorrection: date=2025-10-03, amount=EUR -42.75
[11:57:28] [InterestPeriod.java:116]       IP[2025-10-03->2025-10-03].addBalanceCorrectionAmount: before=EUR -42.75 + EUR -42.75 = EUR -85.50
[11:57:28] [ProgressiveEMICalculator.java:1139]    calculateLastUnpaidEMI: tillDate=2025-10-03, lastUnpaidPeriod=P6 [2026-03-03->2026-04-03]
[11:57:28] [ProgressiveEMICalculator.java:1139]      totalDueInterest=EUR 20.05, totalEMI=EUR 254.82, totalDisbursed=EUR 231.59, diff=EUR -3.18
[11:57:28] [ProgressiveEMICalculator.java:1139]      oldEMI=EUR 41.07 -> adjustedEMI=EUR 37.89
[11:57:28] [ProgressiveEMICalculator.java:1139]    calculateLastUnpaidEMI: tillDate=2025-10-03, lastUnpaidPeriod=P6 [2026-03-03->2026-04-03]
[11:57:28] [ProgressiveEMICalculator.java:1139]      totalDueInterest=EUR 20.05, totalEMI=EUR 251.64, totalDisbursed=EUR 231.59, diff=EUR 0.00
[11:57:28] [ProgressiveEMICalculator.java:1139]      oldEMI=EUR 37.89 -> adjustedEMI=EUR 37.89
[11:57:28] [ProgressiveEMICalculator.java:1139]    calculateLastUnpaidEMI: tillDate=2025-10-03, lastUnpaidPeriod=P6 [2026-03-03->2026-04-03]
[11:57:28] [ProgressiveEMICalculator.java:1139]      totalDueInterest=EUR 0.00, totalEMI=EUR 251.64, totalDisbursed=EUR 231.59, diff=EUR -20.05
[11:57:28] [ProgressiveEMICalculator.java:1139]      oldEMI=EUR 37.89 -> adjustedEMI=EUR 17.84
[11:57:28] [ProgressiveEMICalculator.java:1139]    calculateLastUnpaidEMI: tillDate=2025-10-03, lastUnpaidPeriod=P6 [2026-03-03->2026-04-03]
[11:57:28] [ProgressiveEMICalculator.java:1139]      totalDueInterest=EUR 20.05, totalEMI=EUR 251.64, totalDisbursed=EUR 231.59, diff=EUR 0.00
[11:57:28] [ProgressiveEMICalculator.java:1139]      oldEMI=EUR 37.89 -> adjustedEMI=EUR 37.89
[11:57:28] [ProgressiveEMICalculator.java:1139]    calculateLastUnpaidEMI: tillDate=2025-10-03, lastUnpaidPeriod=P6 [2026-03-03->2026-04-03]
[11:57:28] [ProgressiveEMICalculator.java:1139]      totalDueInterest=EUR 0.00, totalEMI=EUR 251.64, totalDisbursed=EUR 231.59, diff=EUR -20.05
[11:57:28] [ProgressiveEMICalculator.java:1139]      oldEMI=EUR 37.89 -> adjustedEMI=EUR 17.84
[11:57:28] [ProgressiveEMICalculator.java:392]    >> payPrincipal: P3 [2025-12-03->2026-01-03], txDate=2025-10-03, amount=EUR 42.75
[11:57:28] [ProgressiveEMICalculator.java:363]    >> addBalanceCorrection: date=2025-10-03, amount=EUR -42.75
[11:57:28] [InterestPeriod.java:116]       IP[2025-10-03->2025-10-03].addBalanceCorrectionAmount: before=EUR -85.50 + EUR -42.75 = EUR -128.25
[11:57:28] [ProgressiveEMICalculator.java:1139]    calculateLastUnpaidEMI: tillDate=2025-10-03, lastUnpaidPeriod=P6 [2026-03-03->2026-04-03]
[11:57:28] [ProgressiveEMICalculator.java:1139]      totalDueInterest=EUR 15.56, totalEMI=EUR 251.64, totalDisbursed=EUR 231.59, diff=EUR -4.49
[11:57:28] [ProgressiveEMICalculator.java:1139]      oldEMI=EUR 37.89 -> adjustedEMI=EUR 33.40
[11:57:28] [ProgressiveEMICalculator.java:1139]    calculateLastUnpaidEMI: tillDate=2025-10-03, lastUnpaidPeriod=P6 [2026-03-03->2026-04-03]
[11:57:28] [ProgressiveEMICalculator.java:1139]      totalDueInterest=EUR 15.56, totalEMI=EUR 247.15, totalDisbursed=EUR 231.59, diff=EUR 0.00
[11:57:28] [ProgressiveEMICalculator.java:1139]      oldEMI=EUR 33.40 -> adjustedEMI=EUR 33.40
[11:57:28] [ProgressiveEMICalculator.java:1139]    calculateLastUnpaidEMI: tillDate=2025-10-03, lastUnpaidPeriod=P6 [2026-03-03->2026-04-03]
[11:57:28] [ProgressiveEMICalculator.java:1139]      totalDueInterest=EUR 0.00, totalEMI=EUR 247.15, totalDisbursed=EUR 231.59, diff=EUR -15.56
[11:57:28] [ProgressiveEMICalculator.java:1139]      oldEMI=EUR 33.40 -> adjustedEMI=EUR 17.84
[11:57:28] [ProgressiveEMICalculator.java:1139]    calculateLastUnpaidEMI: tillDate=2025-10-03, lastUnpaidPeriod=P6 [2026-03-03->2026-04-03]
[11:57:28] [ProgressiveEMICalculator.java:1139]      totalDueInterest=EUR 15.56, totalEMI=EUR 247.15, totalDisbursed=EUR 231.59, diff=EUR 0.00
[11:57:28] [ProgressiveEMICalculator.java:1139]      oldEMI=EUR 33.40 -> adjustedEMI=EUR 33.40
[11:57:28] [ProgressiveEMICalculator.java:1139]    calculateLastUnpaidEMI: tillDate=2025-10-03, lastUnpaidPeriod=P6 [2026-03-03->2026-04-03]
[11:57:28] [ProgressiveEMICalculator.java:1139]      totalDueInterest=EUR 0.00, totalEMI=EUR 247.15, totalDisbursed=EUR 231.59, diff=EUR -15.56
[11:57:28] [ProgressiveEMICalculator.java:1139]      oldEMI=EUR 33.40 -> adjustedEMI=EUR 17.84
[11:57:28] [ProgressiveEMICalculator.java:392]    >> payPrincipal: P4 [2026-01-03->2026-02-03], txDate=2025-10-03, amount=EUR 42.75
[11:57:28] [ProgressiveEMICalculator.java:363]    >> addBalanceCorrection: date=2025-10-03, amount=EUR -42.75
[11:57:28] [InterestPeriod.java:116]       IP[2025-10-03->2025-10-03].addBalanceCorrectionAmount: before=EUR -128.25 + EUR -42.75 = EUR -171.00
[11:57:28] [ProgressiveEMICalculator.java:1139]    calculateLastUnpaidEMI: tillDate=2025-10-03, lastUnpaidPeriod=P6 [2026-03-03->2026-04-03]
[11:57:28] [ProgressiveEMICalculator.java:1139]      totalDueInterest=EUR 9.91, totalEMI=EUR 247.15, totalDisbursed=EUR 231.59, diff=EUR -5.65
[11:57:28] [ProgressiveEMICalculator.java:1139]      oldEMI=EUR 33.40 -> adjustedEMI=EUR 27.75
[11:57:28] [ProgressiveEMICalculator.java:1139]    calculateLastUnpaidEMI: tillDate=2025-10-03, lastUnpaidPeriod=P6 [2026-03-03->2026-04-03]
[11:57:28] [ProgressiveEMICalculator.java:1139]      totalDueInterest=EUR 9.91, totalEMI=EUR 241.50, totalDisbursed=EUR 231.59, diff=EUR 0.00
[11:57:28] [ProgressiveEMICalculator.java:1139]      oldEMI=EUR 27.75 -> adjustedEMI=EUR 27.75
[11:57:28] [ProgressiveEMICalculator.java:1139]    calculateLastUnpaidEMI: tillDate=2025-10-03, lastUnpaidPeriod=P6 [2026-03-03->2026-04-03]
[11:57:28] [ProgressiveEMICalculator.java:1139]      totalDueInterest=EUR 0.00, totalEMI=EUR 241.50, totalDisbursed=EUR 231.59, diff=EUR -9.91
[11:57:28] [ProgressiveEMICalculator.java:1139]      oldEMI=EUR 27.75 -> adjustedEMI=EUR 17.84
[11:57:28] [ProgressiveEMICalculator.java:1139]    calculateLastUnpaidEMI: tillDate=2025-10-03, lastUnpaidPeriod=P6 [2026-03-03->2026-04-03]
[11:57:28] [ProgressiveEMICalculator.java:1139]      totalDueInterest=EUR 9.91, totalEMI=EUR 241.50, totalDisbursed=EUR 231.59, diff=EUR 0.00
[11:57:28] [ProgressiveEMICalculator.java:1139]      oldEMI=EUR 27.75 -> adjustedEMI=EUR 27.75
[11:57:28] [ProgressiveEMICalculator.java:1139]    calculateLastUnpaidEMI: tillDate=2025-10-03, lastUnpaidPeriod=P6 [2026-03-03->2026-04-03]
[11:57:28] [ProgressiveEMICalculator.java:1139]      totalDueInterest=EUR 0.00, totalEMI=EUR 241.50, totalDisbursed=EUR 231.59, diff=EUR -9.91
[11:57:28] [ProgressiveEMICalculator.java:1139]      oldEMI=EUR 27.75 -> adjustedEMI=EUR 17.84
[11:57:28] [ProgressiveEMICalculator.java:392]    >> payPrincipal: P5 [2026-02-03->2026-03-03], txDate=2025-10-03, amount=EUR 42.75
[11:57:28] [ProgressiveEMICalculator.java:363]    >> addBalanceCorrection: date=2025-10-03, amount=EUR -42.75
[11:57:28] [InterestPeriod.java:116]       IP[2025-10-03->2025-10-03].addBalanceCorrectionAmount: before=EUR -171.00 + EUR -42.75 = EUR -213.75
[11:57:28] [ProgressiveEMICalculator.java:1139]    calculateLastUnpaidEMI: tillDate=2025-10-03, lastUnpaidPeriod=P6 [2026-03-03->2026-04-03]
[11:57:28] [ProgressiveEMICalculator.java:1139]      totalDueInterest=EUR 3.24, totalEMI=EUR 234.83, totalDisbursed=EUR 231.59, diff=EUR 0.00
[11:57:28] [ProgressiveEMICalculator.java:1139]      oldEMI=EUR 21.08 -> adjustedEMI=EUR 21.08
[11:57:28] [ProgressiveEMICalculator.java:1139]    calculateLastUnpaidEMI: tillDate=2025-10-03, lastUnpaidPeriod=P6 [2026-03-03->2026-04-03]
[11:57:28] [ProgressiveEMICalculator.java:1139]      totalDueInterest=EUR 0.00, totalEMI=EUR 231.59, totalDisbursed=EUR 231.59, diff=EUR 0.00
[11:57:28] [ProgressiveEMICalculator.java:1139]      oldEMI=EUR 17.84 -> adjustedEMI=EUR 17.84
[11:57:28] [ProgressiveEMICalculator.java:1139]    calculateLastUnpaidEMI: tillDate=2025-10-03, lastUnpaidPeriod=P6 [2026-03-03->2026-04-03]
[11:57:28] [ProgressiveEMICalculator.java:1139]      totalDueInterest=EUR 3.24, totalEMI=EUR 234.83, totalDisbursed=EUR 231.59, diff=EUR 0.00
[11:57:28] [ProgressiveEMICalculator.java:1139]      oldEMI=EUR 21.08 -> adjustedEMI=EUR 21.08
[11:57:28] [ProgressiveEMICalculator.java:1139]    calculateLastUnpaidEMI: tillDate=2025-10-03, lastUnpaidPeriod=P6 [2026-03-03->2026-04-03]
[11:57:28] [ProgressiveEMICalculator.java:1139]      totalDueInterest=EUR 0.00, totalEMI=EUR 231.59, totalDisbursed=EUR 231.59, diff=EUR 0.00
[11:57:28] [ProgressiveEMICalculator.java:1139]      oldEMI=EUR 17.84 -> adjustedEMI=EUR 17.84
[11:57:28] [ProgressiveEMICalculator.java:392]    >> payPrincipal: P6 [2026-03-03->2026-04-03], txDate=2025-10-03, amount=EUR 7.08
[11:57:28] [ProgressiveEMICalculator.java:363]    >> addBalanceCorrection: date=2025-10-03, amount=EUR -7.08
[11:57:28] [InterestPeriod.java:116]       IP[2025-10-03->2025-10-03].addBalanceCorrectionAmount: before=EUR -213.75 + EUR -7.08 = EUR -220.83
[11:57:28] [ProgressiveEMICalculator.java:1139]    calculateLastUnpaidEMI: tillDate=2025-10-03, lastUnpaidPeriod=P6 [2026-03-03->2026-04-03]
[11:57:28] [ProgressiveEMICalculator.java:1139]      totalDueInterest=EUR 1.92, totalEMI=EUR 233.51, totalDisbursed=EUR 231.59, diff=EUR 0.00
[11:57:28] [ProgressiveEMICalculator.java:1139]      oldEMI=EUR 19.76 -> adjustedEMI=EUR 19.76
[11:57:28] [ProgressiveEMICalculator.java:1139]    calculateLastUnpaidEMI: tillDate=2025-10-03, lastUnpaidPeriod=P6 [2026-03-03->2026-04-03]
[11:57:28] [ProgressiveEMICalculator.java:1139]      totalDueInterest=EUR 0.00, totalEMI=EUR 231.59, totalDisbursed=EUR 231.59, diff=EUR 0.00
[11:57:28] [ProgressiveEMICalculator.java:1139]      oldEMI=EUR 17.84 -> adjustedEMI=EUR 17.84
[11:57:28] [AdvancedPaymentScheduleTransactionProcessor.java:512] --- MODEL DUMP: AFTER processLatestTransaction REPAYMENT 2025-10-03 ---
[11:57:28] [AdvancedPaymentScheduleTransactionProcessor.java:512]   lastOverdueBalanceChange=null totalDuePrincipal=EUR 231.59 totalPaidPrincipal=EUR 220.83
[11:57:28] [AdvancedPaymentScheduleTransactionProcessor.java:512]   P1 [2025-10-03 -> 2025-11-03]: EMI=EUR 42.75 origEMI=EUR 42.75 calcDueInterest=EUR 0.32 dueInterest=EUR 0.00 duePrincipal=EUR 42.75 paidP=EUR 42.75 paidI=EUR 0.00 outstandingP=EUR 0.00 outstandingBal=EUR 10.76 fullyPaid=true
[11:57:28] [AdvancedPaymentScheduleTransactionProcessor.java:512]     IP1 [2025-10-03 -> 2025-10-03]: balCorr=EUR -220.83 outBal=EUR 0.00 disb=EUR 231.59 calcDueInt=0 rateFactor=0E-19 rateFactorTillDue=0.0299916666666666667
[11:57:28] [AdvancedPaymentScheduleTransactionProcessor.java:512]     IP2 [2025-10-03 -> 2025-11-03]: balCorr=EUR 0.00 outBal=EUR 10.76 disb=EUR 0.00 calcDueInt=0.3227103333333333336 rateFactor=0.0299916666666666667 rateFactorTillDue=0.0299916666666666667
[11:57:28] [AdvancedPaymentScheduleTransactionProcessor.java:512]   P2 [2025-11-03 -> 2025-12-03]: EMI=EUR 42.75 origEMI=EUR 42.75 calcDueInterest=EUR 0.64 dueInterest=EUR 0.00 duePrincipal=EUR 42.75 paidP=EUR 42.75 paidI=EUR 0.00 outstandingP=EUR 0.00 outstandingBal=EUR 10.76 fullyPaid=true
[11:57:28] [AdvancedPaymentScheduleTransactionProcessor.java:512]     IP1 [2025-11-03 -> 2025-12-03]: balCorr=EUR 0.00 outBal=EUR 10.76 disb=EUR 0.00 calcDueInt=0.3227103333333333336 rateFactor=0.0299916666666666667 rateFactorTillDue=0.0299916666666666667
[11:57:28] [AdvancedPaymentScheduleTransactionProcessor.java:512]   P3 [2025-12-03 -> 2026-01-03]: EMI=EUR 42.75 origEMI=EUR 42.75 calcDueInterest=EUR 0.96 dueInterest=EUR 0.00 duePrincipal=EUR 42.75 paidP=EUR 42.75 paidI=EUR 0.00 outstandingP=EUR 0.00 outstandingBal=EUR 10.76 fullyPaid=true
[11:57:28] [AdvancedPaymentScheduleTransactionProcessor.java:512]     IP1 [2025-12-03 -> 2026-01-03]: balCorr=EUR 0.00 outBal=EUR 10.76 disb=EUR 0.00 calcDueInt=0.3227103333333333336 rateFactor=0.0299916666666666667 rateFactorTillDue=0.0299916666666666667
[11:57:28] [AdvancedPaymentScheduleTransactionProcessor.java:512]   P4 [2026-01-03 -> 2026-02-03]: EMI=EUR 42.75 origEMI=EUR 42.75 calcDueInterest=EUR 1.28 dueInterest=EUR 0.00 duePrincipal=EUR 42.75 paidP=EUR 42.75 paidI=EUR 0.00 outstandingP=EUR 0.00 outstandingBal=EUR 10.76 fullyPaid=true
[11:57:28] [AdvancedPaymentScheduleTransactionProcessor.java:512]     IP1 [2026-01-03 -> 2026-02-03]: balCorr=EUR 0.00 outBal=EUR 10.76 disb=EUR 0.00 calcDueInt=0.3227103333333333336 rateFactor=0.0299916666666666667 rateFactorTillDue=0.0299916666666666667
[11:57:28] [AdvancedPaymentScheduleTransactionProcessor.java:512]   P5 [2026-02-03 -> 2026-03-03]: EMI=EUR 42.75 origEMI=EUR 42.75 calcDueInterest=EUR 1.60 dueInterest=EUR 0.00 duePrincipal=EUR 42.75 paidP=EUR 42.75 paidI=EUR 0.00 outstandingP=EUR 0.00 outstandingBal=EUR 10.76 fullyPaid=true
[11:57:28] [AdvancedPaymentScheduleTransactionProcessor.java:512]     IP1 [2026-02-03 -> 2026-03-03]: balCorr=EUR 0.00 outBal=EUR 10.76 disb=EUR 0.00 calcDueInt=0.3227103333333333336 rateFactor=0.0299916666666666667 rateFactorTillDue=0.0299916666666666667
[11:57:28] [AdvancedPaymentScheduleTransactionProcessor.java:512]   P6 [2026-03-03 -> 2026-04-03]: EMI=EUR 19.76 origEMI=EUR 42.75 calcDueInterest=EUR 1.92 dueInterest=EUR 1.92 duePrincipal=EUR 17.84 paidP=EUR 7.08 paidI=EUR 0.00 outstandingP=EUR 10.76 outstandingBal=EUR 0.00 fullyPaid=false
[11:57:28] [AdvancedPaymentScheduleTransactionProcessor.java:512]     IP1 [2026-03-03 -> 2026-04-03]: balCorr=EUR 0.00 outBal=EUR 10.76 disb=EUR 0.00 calcDueInt=0.3227103333333333336 rateFactor=0.0299916666666666667 rateFactorTillDue=0.0299916666666666667
[11:57:28] [AdvancedPaymentScheduleTransactionProcessor.java:512] --- END MODEL DUMP ---
[11:57:28] [AdvancedPaymentScheduleTransactionProcessor.java:248]   >> processLoanTermVariation: type=INTEREST_RATE_FROM_INSTALLMENT, date=2025-10-04
[11:57:28] [ProgressiveEMICalculator.java:1139]    calculateLastUnpaidEMI: tillDate=2025-11-03, lastUnpaidPeriod=P6 [2026-03-03->2026-04-03]
[11:57:28] [ProgressiveEMICalculator.java:1139]      totalDueInterest=EUR 1.38, totalEMI=EUR 232.97, totalDisbursed=EUR 231.59, diff=EUR 0.00
[11:57:28] [ProgressiveEMICalculator.java:1139]      oldEMI=EUR 19.22 -> adjustedEMI=EUR 19.22
[11:57:28] [AdvancedPaymentScheduleTransactionProcessor.java:251] --- MODEL DUMP: AFTER TERM_VARIATION INTEREST_RATE_FROM_INSTALLMENT ---
[11:57:28] [AdvancedPaymentScheduleTransactionProcessor.java:251]   lastOverdueBalanceChange=null totalDuePrincipal=EUR 231.59 totalPaidPrincipal=EUR 220.83
[11:57:28] [AdvancedPaymentScheduleTransactionProcessor.java:251]   P1 [2025-10-03 -> 2025-11-03]: EMI=EUR 42.75 origEMI=EUR 42.75 calcDueInterest=EUR 0.23 dueInterest=EUR 0.00 duePrincipal=EUR 42.75 paidP=EUR 42.75 paidI=EUR 0.00 outstandingP=EUR 0.00 outstandingBal=EUR 10.76 fullyPaid=true
[11:57:28] [AdvancedPaymentScheduleTransactionProcessor.java:251]     IP1 [2025-10-03 -> 2025-10-03]: balCorr=EUR -220.83 outBal=EUR 0.00 disb=EUR 231.59 calcDueInt=0 rateFactor=0E-19 rateFactorTillDue=0.0216583333333333333
[11:57:28] [AdvancedPaymentScheduleTransactionProcessor.java:251]     IP2 [2025-10-03 -> 2025-11-03]: balCorr=EUR 0.00 outBal=EUR 10.76 disb=EUR 0.00 calcDueInt=0.2330436666666666663 rateFactor=0.0216583333333333333 rateFactorTillDue=0.0216583333333333333
[11:57:28] [AdvancedPaymentScheduleTransactionProcessor.java:251]   P2 [2025-11-03 -> 2025-12-03]: EMI=EUR 42.75 origEMI=EUR 42.75 calcDueInterest=EUR 0.46 dueInterest=EUR 0.00 duePrincipal=EUR 42.75 paidP=EUR 42.75 paidI=EUR 0.00 outstandingP=EUR 0.00 outstandingBal=EUR 10.76 fullyPaid=true
[11:57:28] [AdvancedPaymentScheduleTransactionProcessor.java:251]     IP1 [2025-11-03 -> 2025-12-03]: balCorr=EUR 0.00 outBal=EUR 10.76 disb=EUR 0.00 calcDueInt=0.2330436666666666663 rateFactor=0.0216583333333333333 rateFactorTillDue=0.0216583333333333333
[11:57:28] [AdvancedPaymentScheduleTransactionProcessor.java:251]   P3 [2025-12-03 -> 2026-01-03]: EMI=EUR 42.75 origEMI=EUR 42.75 calcDueInterest=EUR 0.69 dueInterest=EUR 0.00 duePrincipal=EUR 42.75 paidP=EUR 42.75 paidI=EUR 0.00 outstandingP=EUR 0.00 outstandingBal=EUR 10.76 fullyPaid=true
[11:57:28] [AdvancedPaymentScheduleTransactionProcessor.java:251]     IP1 [2025-12-03 -> 2026-01-03]: balCorr=EUR 0.00 outBal=EUR 10.76 disb=EUR 0.00 calcDueInt=0.2330436666666666663 rateFactor=0.0216583333333333333 rateFactorTillDue=0.0216583333333333333
[11:57:28] [AdvancedPaymentScheduleTransactionProcessor.java:251]   P4 [2026-01-03 -> 2026-02-03]: EMI=EUR 42.75 origEMI=EUR 42.75 calcDueInterest=EUR 0.92 dueInterest=EUR 0.00 duePrincipal=EUR 42.75 paidP=EUR 42.75 paidI=EUR 0.00 outstandingP=EUR 0.00 outstandingBal=EUR 10.76 fullyPaid=true
[11:57:28] [AdvancedPaymentScheduleTransactionProcessor.java:251]     IP1 [2026-01-03 -> 2026-02-03]: balCorr=EUR 0.00 outBal=EUR 10.76 disb=EUR 0.00 calcDueInt=0.2330436666666666663 rateFactor=0.0216583333333333333 rateFactorTillDue=0.0216583333333333333
[11:57:28] [AdvancedPaymentScheduleTransactionProcessor.java:251]   P5 [2026-02-03 -> 2026-03-03]: EMI=EUR 42.75 origEMI=EUR 42.75 calcDueInterest=EUR 1.15 dueInterest=EUR 0.00 duePrincipal=EUR 42.75 paidP=EUR 42.75 paidI=EUR 0.00 outstandingP=EUR 0.00 outstandingBal=EUR 10.76 fullyPaid=true
[11:57:28] [AdvancedPaymentScheduleTransactionProcessor.java:251]     IP1 [2026-02-03 -> 2026-03-03]: balCorr=EUR 0.00 outBal=EUR 10.76 disb=EUR 0.00 calcDueInt=0.2330436666666666663 rateFactor=0.0216583333333333333 rateFactorTillDue=0.0216583333333333333
[11:57:28] [AdvancedPaymentScheduleTransactionProcessor.java:251]   P6 [2026-03-03 -> 2026-04-03]: EMI=EUR 19.22 origEMI=EUR 41.58 calcDueInterest=EUR 1.38 dueInterest=EUR 1.38 duePrincipal=EUR 17.84 paidP=EUR 7.08 paidI=EUR 0.00 outstandingP=EUR 10.76 outstandingBal=EUR 0.00 fullyPaid=false
[11:57:28] [AdvancedPaymentScheduleTransactionProcessor.java:251]     IP1 [2026-03-03 -> 2026-04-03]: balCorr=EUR 0.00 outBal=EUR 10.76 disb=EUR 0.00 calcDueInt=0.2330436666666666663 rateFactor=0.0216583333333333333 rateFactorTillDue=0.0216583333333333333
[11:57:28] [AdvancedPaymentScheduleTransactionProcessor.java:251] --- END MODEL DUMP ---
[11:57:28] [AdvancedPaymentScheduleTransactionProcessor.java:294]   >> FINAL recalculateInterestForDate: targetDate=2025-10-15
[11:57:28] [AdvancedPaymentScheduleTransactionProcessor.java:1879]   recalculateInterestForDate[recalculateInterestForDate]: targetDate=2025-10-15, modelHasUpdates=false
[11:57:28] [AdvancedPaymentScheduleTransactionProcessor.java:296] --- MODEL DUMP: AFTER FINAL recalcInterest ---
[11:57:28] [AdvancedPaymentScheduleTransactionProcessor.java:296]   lastOverdueBalanceChange=null totalDuePrincipal=EUR 231.59 totalPaidPrincipal=EUR 220.83
[11:57:28] [AdvancedPaymentScheduleTransactionProcessor.java:296]   P1 [2025-10-03 -> 2025-11-03]: EMI=EUR 42.75 origEMI=EUR 42.75 calcDueInterest=EUR 0.23 dueInterest=EUR 0.00 duePrincipal=EUR 42.75 paidP=EUR 42.75 paidI=EUR 0.00 outstandingP=EUR 0.00 outstandingBal=EUR 10.76 fullyPaid=true
[11:57:28] [AdvancedPaymentScheduleTransactionProcessor.java:296]     IP1 [2025-10-03 -> 2025-10-03]: balCorr=EUR -220.83 outBal=EUR 0.00 disb=EUR 231.59 calcDueInt=0 rateFactor=0E-19 rateFactorTillDue=0.0216583333333333333
[11:57:28] [AdvancedPaymentScheduleTransactionProcessor.java:296]     IP2 [2025-10-03 -> 2025-11-03]: balCorr=EUR 0.00 outBal=EUR 10.76 disb=EUR 0.00 calcDueInt=0.2330436666666666663 rateFactor=0.0216583333333333333 rateFactorTillDue=0.0216583333333333333
[11:57:28] [AdvancedPaymentScheduleTransactionProcessor.java:296]   P2 [2025-11-03 -> 2025-12-03]: EMI=EUR 42.75 origEMI=EUR 42.75 calcDueInterest=EUR 0.46 dueInterest=EUR 0.00 duePrincipal=EUR 42.75 paidP=EUR 42.75 paidI=EUR 0.00 outstandingP=EUR 0.00 outstandingBal=EUR 10.76 fullyPaid=true
[11:57:28] [AdvancedPaymentScheduleTransactionProcessor.java:296]     IP1 [2025-11-03 -> 2025-12-03]: balCorr=EUR 0.00 outBal=EUR 10.76 disb=EUR 0.00 calcDueInt=0.2330436666666666663 rateFactor=0.0216583333333333333 rateFactorTillDue=0.0216583333333333333
[11:57:28] [AdvancedPaymentScheduleTransactionProcessor.java:296]   P3 [2025-12-03 -> 2026-01-03]: EMI=EUR 42.75 origEMI=EUR 42.75 calcDueInterest=EUR 0.69 dueInterest=EUR 0.00 duePrincipal=EUR 42.75 paidP=EUR 42.75 paidI=EUR 0.00 outstandingP=EUR 0.00 outstandingBal=EUR 10.76 fullyPaid=true
[11:57:28] [AdvancedPaymentScheduleTransactionProcessor.java:296]     IP1 [2025-12-03 -> 2026-01-03]: balCorr=EUR 0.00 outBal=EUR 10.76 disb=EUR 0.00 calcDueInt=0.2330436666666666663 rateFactor=0.0216583333333333333 rateFactorTillDue=0.0216583333333333333
[11:57:28] [AdvancedPaymentScheduleTransactionProcessor.java:296]   P4 [2026-01-03 -> 2026-02-03]: EMI=EUR 42.75 origEMI=EUR 42.75 calcDueInterest=EUR 0.92 dueInterest=EUR 0.00 duePrincipal=EUR 42.75 paidP=EUR 42.75 paidI=EUR 0.00 outstandingP=EUR 0.00 outstandingBal=EUR 10.76 fullyPaid=true
[11:57:28] [AdvancedPaymentScheduleTransactionProcessor.java:296]     IP1 [2026-01-03 -> 2026-02-03]: balCorr=EUR 0.00 outBal=EUR 10.76 disb=EUR 0.00 calcDueInt=0.2330436666666666663 rateFactor=0.0216583333333333333 rateFactorTillDue=0.0216583333333333333
[11:57:28] [AdvancedPaymentScheduleTransactionProcessor.java:296]   P5 [2026-02-03 -> 2026-03-03]: EMI=EUR 42.75 origEMI=EUR 42.75 calcDueInterest=EUR 1.15 dueInterest=EUR 0.00 duePrincipal=EUR 42.75 paidP=EUR 42.75 paidI=EUR 0.00 outstandingP=EUR 0.00 outstandingBal=EUR 10.76 fullyPaid=true
[11:57:28] [AdvancedPaymentScheduleTransactionProcessor.java:296]     IP1 [2026-02-03 -> 2026-03-03]: balCorr=EUR 0.00 outBal=EUR 10.76 disb=EUR 0.00 calcDueInt=0.2330436666666666663 rateFactor=0.0216583333333333333 rateFactorTillDue=0.0216583333333333333
[11:57:28] [AdvancedPaymentScheduleTransactionProcessor.java:296]   P6 [2026-03-03 -> 2026-04-03]: EMI=EUR 19.22 origEMI=EUR 41.58 calcDueInterest=EUR 1.38 dueInterest=EUR 1.38 duePrincipal=EUR 17.84 paidP=EUR 7.08 paidI=EUR 0.00 outstandingP=EUR 10.76 outstandingBal=EUR 0.00 fullyPaid=false
[11:57:28] [AdvancedPaymentScheduleTransactionProcessor.java:296]     IP1 [2026-03-03 -> 2026-04-03]: balCorr=EUR 0.00 outBal=EUR 10.76 disb=EUR 0.00 calcDueInt=0.2330436666666666663 rateFactor=0.0216583333333333333 rateFactorTillDue=0.0216583333333333333
[11:57:28] [AdvancedPaymentScheduleTransactionProcessor.java:296] --- END MODEL DUMP ---
[11:57:28] [AdvancedPaymentScheduleTransactionProcessor.java:297] ======== REPROCESSING END ========
[11:57:28] [ProgressiveEMICalculator.java:1139]    calculateLastUnpaidEMI: tillDate=2025-10-15, lastUnpaidPeriod=P6 [2026-03-03->2026-04-03]
[11:57:28] [ProgressiveEMICalculator.java:1139]      totalDueInterest=EUR 0.09, totalEMI=EUR 231.68, totalDisbursed=EUR 231.59, diff=EUR 0.00
[11:57:28] [ProgressiveEMICalculator.java:1139]      oldEMI=EUR 17.93 -> adjustedEMI=EUR 17.93
[11:57:28] [ProgressiveEMICalculator.java:1139]    calculateLastUnpaidEMI: tillDate=2025-10-15, lastUnpaidPeriod=P1 [2025-10-03->2025-11-03]
[11:57:28] [ProgressiveEMICalculator.java:1139]      totalDueInterest=EUR 1.94, totalEMI=EUR 233.53, totalDisbursed=EUR 231.59, diff=EUR 0.00
[11:57:28] [ProgressiveEMICalculator.java:1139]      oldEMI=EUR 25.63 -> adjustedEMI=EUR 25.63
[11:57:28] [ProgressiveEMICalculator.java:1139]    calculateLastUnpaidEMI: tillDate=2025-10-15, lastUnpaidPeriod=P1 [2025-10-03->2025-11-03]
[11:57:28] [ProgressiveEMICalculator.java:1139]      totalDueInterest=EUR 2.08, totalEMI=EUR 233.67, totalDisbursed=EUR 231.59, diff=EUR 0.00
[11:57:28] [ProgressiveEMICalculator.java:1139]      oldEMI=EUR 25.77 -> adjustedEMI=EUR 25.77
[11:57:28] [ProgressiveEMICalculator.java:1139]    calculateLastUnpaidEMI: tillDate=2025-10-15, lastUnpaidPeriod=P1 [2025-10-03->2025-11-03]
[11:57:28] [ProgressiveEMICalculator.java:1139]      totalDueInterest=EUR 1.94, totalEMI=EUR 233.53, totalDisbursed=EUR 231.59, diff=EUR 0.00
[11:57:28] [ProgressiveEMICalculator.java:1139]      oldEMI=EUR 25.63 -> adjustedEMI=EUR 25.63
[11:57:28] [ProgressiveEMICalculator.java:392]    >> payPrincipal: P1 [2025-10-03->2025-11-03], txDate=2025-10-15, amount=EUR 0.00
[11:57:28] [AdvancedPaymentScheduleTransactionProcessor.java:512] --- MODEL DUMP: AFTER processLatestTransaction INTEREST_REFUND 2025-10-15 ---
[11:57:28] [AdvancedPaymentScheduleTransactionProcessor.java:512]   lastOverdueBalanceChange=null totalDuePrincipal=EUR 231.59 totalPaidPrincipal=EUR 220.83
[11:57:28] [AdvancedPaymentScheduleTransactionProcessor.java:512]   P1 [2025-10-03 -> 2025-11-03]: EMI=EUR 25.77 origEMI=EUR 41.58 calcDueInterest=EUR 2.08 dueInterest=EUR 2.08 duePrincipal=EUR 23.69 paidP=EUR 12.93 paidI=EUR 1.85 outstandingP=EUR 10.76 outstandingBal=EUR 0.00 fullyPaid=false
[11:57:28] [AdvancedPaymentScheduleTransactionProcessor.java:512]     IP1 [2025-10-03 -> 2025-10-03]: balCorr=EUR 0.00 outBal=EUR 0.00 disb=EUR 231.59 calcDueInt=0 rateFactor=0E-19 rateFactorTillDue=0.0216583333333333333
[11:57:28] [AdvancedPaymentScheduleTransactionProcessor.java:512]     IP2 [2025-10-03 -> 2025-10-15]: balCorr=EUR -220.83 outBal=EUR 231.59 disb=EUR 0.00 calcDueInt=1.941620677419354835 rateFactor=0.0083838709677419355 rateFactorTillDue=0.0216583333333333333
[11:57:28] [AdvancedPaymentScheduleTransactionProcessor.java:512]     IP3 [2025-10-15 -> 2025-11-03]: balCorr=EUR 0.00 outBal=EUR 10.76 disb=EUR 0.00 calcDueInt=0.1428332150537634403 rateFactor=0.0132744623655913978 rateFactorTillDue=0.0132744623655913978
[11:57:28] [AdvancedPaymentScheduleTransactionProcessor.java:512]   P2 [2025-11-03 -> 2025-12-03]: EMI=EUR 41.58 origEMI=EUR 41.58 calcDueInterest=EUR 0.00 dueInterest=EUR 0.00 duePrincipal=EUR 41.58 paidP=EUR 41.58 paidI=EUR 0.00 outstandingP=EUR 0.00 outstandingBal=EUR 0.00 fullyPaid=true
[11:57:28] [AdvancedPaymentScheduleTransactionProcessor.java:512]     IP1 [2025-11-03 -> 2025-12-03]: balCorr=EUR 0.00 outBal=EUR 0.00 disb=EUR 0.00 calcDueInt=0 rateFactor=0.0216583333333333333 rateFactorTillDue=0.0216583333333333333
[11:57:28] [AdvancedPaymentScheduleTransactionProcessor.java:512]   P3 [2025-12-03 -> 2026-01-03]: EMI=EUR 41.58 origEMI=EUR 41.58 calcDueInterest=EUR 0.00 dueInterest=EUR 0.00 duePrincipal=EUR 41.58 paidP=EUR 41.58 paidI=EUR 0.00 outstandingP=EUR 0.00 outstandingBal=EUR 0.00 fullyPaid=true
[11:57:28] [AdvancedPaymentScheduleTransactionProcessor.java:512]     IP1 [2025-12-03 -> 2026-01-03]: balCorr=EUR 0.00 outBal=EUR 0.00 disb=EUR 0.00 calcDueInt=0 rateFactor=0.0216583333333333333 rateFactorTillDue=0.0216583333333333333
[11:57:28] [AdvancedPaymentScheduleTransactionProcessor.java:512]   P4 [2026-01-03 -> 2026-02-03]: EMI=EUR 41.58 origEMI=EUR 41.58 calcDueInterest=EUR 0.00 dueInterest=EUR 0.00 duePrincipal=EUR 41.58 paidP=EUR 41.58 paidI=EUR 0.00 outstandingP=EUR 0.00 outstandingBal=EUR 0.00 fullyPaid=true
[11:57:28] [AdvancedPaymentScheduleTransactionProcessor.java:512]     IP1 [2026-01-03 -> 2026-02-03]: balCorr=EUR 0.00 outBal=EUR 0.00 disb=EUR 0.00 calcDueInt=0 rateFactor=0.0216583333333333333 rateFactorTillDue=0.0216583333333333333
[11:57:28] [AdvancedPaymentScheduleTransactionProcessor.java:512]   P5 [2026-02-03 -> 2026-03-03]: EMI=EUR 41.58 origEMI=EUR 41.58 calcDueInterest=EUR 0.00 dueInterest=EUR 0.00 duePrincipal=EUR 41.58 paidP=EUR 41.58 paidI=EUR 0.00 outstandingP=EUR 0.00 outstandingBal=EUR 0.00 fullyPaid=true
[11:57:28] [AdvancedPaymentScheduleTransactionProcessor.java:512]     IP1 [2026-02-03 -> 2026-03-03]: balCorr=EUR 0.00 outBal=EUR 0.00 disb=EUR 0.00 calcDueInt=0 rateFactor=0.0216583333333333333 rateFactorTillDue=0.0216583333333333333
[11:57:28] [AdvancedPaymentScheduleTransactionProcessor.java:512]   P6 [2026-03-03 -> 2026-04-03]: EMI=EUR 41.58 origEMI=EUR 41.58 calcDueInterest=EUR 0.00 dueInterest=EUR 0.00 duePrincipal=EUR 41.58 paidP=EUR 41.58 paidI=EUR 0.00 outstandingP=EUR 0.00 outstandingBal=EUR 0.00 fullyPaid=true
[11:57:28] [AdvancedPaymentScheduleTransactionProcessor.java:512]     IP1 [2026-03-03 -> 2026-04-03]: balCorr=EUR 0.00 outBal=EUR 0.00 disb=EUR 0.00 calcDueInt=0 rateFactor=0.0216583333333333333 rateFactorTillDue=0.0216583333333333333
[11:57:28] [AdvancedPaymentScheduleTransactionProcessor.java:512] --- END MODEL DUMP ---
[11:57:28] [AdvancedPaymentScheduleTransactionProcessor.java:265]   >> processSingleTransaction: type=ACCRUAL_ACTIVITY, date=2025-10-30, amount=2.050000, reversed=false
[11:57:28] [AdvancedPaymentScheduleTransactionProcessor.java:482]   >> processLatestTransaction: type=ACCRUAL_ACTIVITY, date=2025-10-30, amount=2.050000
[11:57:28] [AdvancedPaymentScheduleTransactionProcessor.java:1879]   recalculateInterestForDate[recalculateInterestForDate]: targetDate=2025-10-30, modelHasUpdates=false
[11:57:28] [AdvancedPaymentScheduleTransactionProcessor.java:512] --- MODEL DUMP: AFTER processLatestTransaction ACCRUAL_ACTIVITY 2025-10-30 ---
[11:57:28] [AdvancedPaymentScheduleTransactionProcessor.java:512]   lastOverdueBalanceChange=null totalDuePrincipal=EUR 231.59 totalPaidPrincipal=EUR 220.83
[11:57:28] [AdvancedPaymentScheduleTransactionProcessor.java:512]   P1 [2025-10-03 -> 2025-11-03]: EMI=EUR 25.77 origEMI=EUR 41.58 calcDueInterest=EUR 2.08 dueInterest=EUR 2.08 duePrincipal=EUR 23.69 paidP=EUR 12.93 paidI=EUR 1.85 outstandingP=EUR 10.76 outstandingBal=EUR 0.00 fullyPaid=false
[11:57:28] [AdvancedPaymentScheduleTransactionProcessor.java:512]     IP1 [2025-10-03 -> 2025-10-03]: balCorr=EUR 0.00 outBal=EUR 0.00 disb=EUR 231.59 calcDueInt=0 rateFactor=0E-19 rateFactorTillDue=0.0216583333333333333
[11:57:28] [AdvancedPaymentScheduleTransactionProcessor.java:512]     IP2 [2025-10-03 -> 2025-10-15]: balCorr=EUR -220.83 outBal=EUR 231.59 disb=EUR 0.00 calcDueInt=1.941620677419354835 rateFactor=0.0083838709677419355 rateFactorTillDue=0.0216583333333333333
[11:57:28] [AdvancedPaymentScheduleTransactionProcessor.java:512]     IP3 [2025-10-15 -> 2025-11-03]: balCorr=EUR 0.00 outBal=EUR 10.76 disb=EUR 0.00 calcDueInt=0.1428332150537634403 rateFactor=0.0132744623655913978 rateFactorTillDue=0.0132744623655913978
[11:57:28] [AdvancedPaymentScheduleTransactionProcessor.java:512]   P2 [2025-11-03 -> 2025-12-03]: EMI=EUR 41.58 origEMI=EUR 41.58 calcDueInterest=EUR 0.00 dueInterest=EUR 0.00 duePrincipal=EUR 41.58 paidP=EUR 41.58 paidI=EUR 0.00 outstandingP=EUR 0.00 outstandingBal=EUR 0.00 fullyPaid=true
[11:57:28] [AdvancedPaymentScheduleTransactionProcessor.java:512]     IP1 [2025-11-03 -> 2025-12-03]: balCorr=EUR 0.00 outBal=EUR 0.00 disb=EUR 0.00 calcDueInt=0 rateFactor=0.0216583333333333333 rateFactorTillDue=0.0216583333333333333
[11:57:28] [AdvancedPaymentScheduleTransactionProcessor.java:512]   P3 [2025-12-03 -> 2026-01-03]: EMI=EUR 41.58 origEMI=EUR 41.58 calcDueInterest=EUR 0.00 dueInterest=EUR 0.00 duePrincipal=EUR 41.58 paidP=EUR 41.58 paidI=EUR 0.00 outstandingP=EUR 0.00 outstandingBal=EUR 0.00 fullyPaid=true
[11:57:28] [AdvancedPaymentScheduleTransactionProcessor.java:512]     IP1 [2025-12-03 -> 2026-01-03]: balCorr=EUR 0.00 outBal=EUR 0.00 disb=EUR 0.00 calcDueInt=0 rateFactor=0.0216583333333333333 rateFactorTillDue=0.0216583333333333333
[11:57:28] [AdvancedPaymentScheduleTransactionProcessor.java:512]   P4 [2026-01-03 -> 2026-02-03]: EMI=EUR 41.58 origEMI=EUR 41.58 calcDueInterest=EUR 0.00 dueInterest=EUR 0.00 duePrincipal=EUR 41.58 paidP=EUR 41.58 paidI=EUR 0.00 outstandingP=EUR 0.00 outstandingBal=EUR 0.00 fullyPaid=true
[11:57:28] [AdvancedPaymentScheduleTransactionProcessor.java:512]     IP1 [2026-01-03 -> 2026-02-03]: balCorr=EUR 0.00 outBal=EUR 0.00 disb=EUR 0.00 calcDueInt=0 rateFactor=0.0216583333333333333 rateFactorTillDue=0.0216583333333333333
[11:57:28] [AdvancedPaymentScheduleTransactionProcessor.java:512]   P5 [2026-02-03 -> 2026-03-03]: EMI=EUR 41.58 origEMI=EUR 41.58 calcDueInterest=EUR 0.00 dueInterest=EUR 0.00 duePrincipal=EUR 41.58 paidP=EUR 41.58 paidI=EUR 0.00 outstandingP=EUR 0.00 outstandingBal=EUR 0.00 fullyPaid=true
[11:57:28] [AdvancedPaymentScheduleTransactionProcessor.java:512]     IP1 [2026-02-03 -> 2026-03-03]: balCorr=EUR 0.00 outBal=EUR 0.00 disb=EUR 0.00 calcDueInt=0 rateFactor=0.0216583333333333333 rateFactorTillDue=0.0216583333333333333
[11:57:28] [AdvancedPaymentScheduleTransactionProcessor.java:512]   P6 [2026-03-03 -> 2026-04-03]: EMI=EUR 41.58 origEMI=EUR 41.58 calcDueInterest=EUR 0.00 dueInterest=EUR 0.00 duePrincipal=EUR 41.58 paidP=EUR 41.58 paidI=EUR 0.00 outstandingP=EUR 0.00 outstandingBal=EUR 0.00 fullyPaid=true
[11:57:28] [AdvancedPaymentScheduleTransactionProcessor.java:512]     IP1 [2026-03-03 -> 2026-04-03]: balCorr=EUR 0.00 outBal=EUR 0.00 disb=EUR 0.00 calcDueInt=0 rateFactor=0.0216583333333333333 rateFactorTillDue=0.0216583333333333333
[11:57:28] [AdvancedPaymentScheduleTransactionProcessor.java:512] --- END MODEL DUMP ---
[11:57:28] [AdvancedPaymentScheduleTransactionProcessor.java:265]   >> processSingleTransaction: type=CREDIT_BALANCE_REFUND, date=2025-11-06, amount=0.040000, reversed=false
[11:57:28] [AdvancedPaymentScheduleTransactionProcessor.java:482]   >> processLatestTransaction: type=CREDIT_BALANCE_REFUND, date=2025-11-06, amount=0.040000
[11:57:28] [ProgressiveEMICalculator.java:724] >> recalculateModelOverdueAmountsTillDate: targetDate=2025-11-06, lastOverdueBalanceChange=null, overduePeriods=1
[11:57:28] [ProgressiveEMICalculator.java:724]    overdue[0]: P1 [2025-10-03->2025-11-03] outstandingP=EUR 10.76 fullyPaid=false
[11:57:28] [ProgressiveEMICalculator.java:733]    overdueLoop[0]: processingPeriod=P1 [2025-10-03->2025-11-03], overDuePrincipal=EUR 0.00, aggregated=EUR 0.00, skippedBecauseZero=true
[11:57:28] [ProgressiveEMICalculator.java:749]    overdueFinalAdjust: currentPeriod=P2 [2025-11-03->2025-12-03], overDuePrincipal=EUR 10.76, aggregated=EUR 10.76, willExecute=true
[11:57:28] [ProgressiveEMICalculator.java:934]    >> adjustOverduePrincipal: currentDate=2025-11-06, installment=P2 [2025-11-03->2025-12-03], overduePrincipal=EUR 10.76, aggregated=EUR 10.76, lastOverdueBalanceChange=null
[11:57:28] [ProgressiveEMICalculator.java:363]    >> addBalanceCorrection: date=2025-11-03, amount=EUR 10.76
[11:57:28] [InterestPeriod.java:116]       IP[2025-10-15->2025-11-03].addBalanceCorrectionAmount: before=EUR 0.00 + EUR 10.76 = EUR 10.76
[11:57:28] [ProgressiveEMICalculator.java:1139]    calculateLastUnpaidEMI: tillDate=2025-11-03, lastUnpaidPeriod=P1 [2025-10-03->2025-11-03]
[11:57:28] [ProgressiveEMICalculator.java:1139]      totalDueInterest=EUR 2.08, totalEMI=EUR 233.67, totalDisbursed=EUR 231.59, diff=EUR 0.00
[11:57:28] [ProgressiveEMICalculator.java:1139]      oldEMI=EUR 25.77 -> adjustedEMI=EUR 25.77
[11:57:28] [ProgressiveEMICalculator.java:955]       adjustOverduePrincipal corrections: +EUR 10.76 at 2025-11-03, EUR -10.76 at 2025-11-06, newLastOverdueBalanceChange=2025-11-06
[11:57:28] [ProgressiveEMICalculator.java:363]    >> addBalanceCorrection: date=2025-11-06, amount=EUR -10.76
[11:57:28] [InterestPeriod.java:116]       IP[2025-11-03->2025-11-06].addBalanceCorrectionAmount: before=EUR 0.00 + EUR -10.76 = EUR -10.76
[11:57:28] [ProgressiveEMICalculator.java:1139]    calculateLastUnpaidEMI: tillDate=2025-11-06, lastUnpaidPeriod=P1 [2025-10-03->2025-11-03]
[11:57:28] [ProgressiveEMICalculator.java:1139]      totalDueInterest=EUR 2.08, totalEMI=EUR 233.67, totalDisbursed=EUR 231.59, diff=EUR 0.00
[11:57:28] [ProgressiveEMICalculator.java:1139]      oldEMI=EUR 25.77 -> adjustedEMI=EUR 25.77
[11:57:28] [ProgressiveEMICalculator.java:960]    !! lastOverdueBalanceChange CHANGED: null -> 2025-11-06 (by adjustOverduePrincipal)
[11:57:28] [ProgressiveEMICalculator.java:763] << recalculateModelOverdueAmountsTillDate: hasChange=true, lastOverdueBalanceChange=2025-11-06
[11:57:28] [AdvancedPaymentScheduleTransactionProcessor.java:1879]   recalculateInterestForDate[recalculateInterestForDate]: targetDate=2025-11-06, modelHasUpdates=true
[11:57:28] [AdvancedPaymentScheduleTransactionProcessor.java:1880]    !! lastOverdueBalanceChange CHANGED: null -> 2025-11-06 (by recalcInterestForDate)
[11:57:28] [ProgressiveEMICalculator.java:466]    >> creditPrincipal: txDate=2025-11-06, amount=EUR 0.04
[11:57:28] [InterestPeriod.java:116]       IP[2025-11-03->2025-11-06].addBalanceCorrectionAmount: before=EUR -10.76 + EUR 0.04 = EUR -10.72
[11:57:28] [ProgressiveEMICalculator.java:1139]    calculateLastUnpaidEMI: tillDate=2025-11-06, lastUnpaidPeriod=P2 [2025-11-03->2025-12-03]
[11:57:28] [ProgressiveEMICalculator.java:1139]      totalDueInterest=EUR 2.10, totalEMI=EUR 233.73, totalDisbursed=EUR 231.59, diff=EUR 0.00
[11:57:28] [ProgressiveEMICalculator.java:1139]      oldEMI=EUR 41.58 -> adjustedEMI=EUR 41.58
[11:57:28] [AdvancedPaymentScheduleTransactionProcessor.java:512] --- MODEL DUMP: AFTER processLatestTransaction CREDIT_BALANCE_REFUND 2025-11-06 ---
[11:57:28] [AdvancedPaymentScheduleTransactionProcessor.java:512]   lastOverdueBalanceChange=2025-11-06 totalDuePrincipal=EUR 231.63 totalPaidPrincipal=EUR 220.83
[11:57:28] [AdvancedPaymentScheduleTransactionProcessor.java:512]   P1 [2025-10-03 -> 2025-11-03]: EMI=EUR 25.77 origEMI=EUR 41.58 calcDueInterest=EUR 2.10 dueInterest=EUR 2.10 duePrincipal=EUR 23.69 paidP=EUR 12.93 paidI=EUR 1.85 outstandingP=EUR 10.76 outstandingBal=EUR 10.76 fullyPaid=false
[11:57:28] [AdvancedPaymentScheduleTransactionProcessor.java:512]     IP1 [2025-10-03 -> 2025-10-03]: balCorr=EUR 0.00 outBal=EUR 0.00 disb=EUR 231.59 calcDueInt=0 rateFactor=0E-19 rateFactorTillDue=0.0216583333333333333
[11:57:28] [AdvancedPaymentScheduleTransactionProcessor.java:512]     IP2 [2025-10-03 -> 2025-10-15]: balCorr=EUR -220.83 outBal=EUR 231.59 disb=EUR 0.00 calcDueInt=1.941620677419354835 rateFactor=0.0083838709677419355 rateFactorTillDue=0.0216583333333333333
[11:57:28] [AdvancedPaymentScheduleTransactionProcessor.java:512]     IP3 [2025-10-15 -> 2025-11-03]: balCorr=EUR 10.76 outBal=EUR 10.76 disb=EUR 0.00 calcDueInt=0.1428332150537634403 rateFactor=0.0132744623655913978 rateFactorTillDue=0.0132744623655913978
[11:57:28] [AdvancedPaymentScheduleTransactionProcessor.java:512]   P2 [2025-11-03 -> 2025-12-03]: EMI=EUR 41.58 origEMI=EUR 41.58 calcDueInterest=EUR 0.02 dueInterest=EUR 0.00 duePrincipal=EUR 41.62 paidP=EUR 41.58 paidI=EUR 0.00 outstandingP=EUR 0.04 outstandingBal=EUR 0.00 fullyPaid=false
[11:57:28] [AdvancedPaymentScheduleTransactionProcessor.java:512]     IP1 [2025-11-03 -> 2025-11-06]: balCorr=EUR -10.72 outBal=EUR 10.76 disb=EUR 0.00 calcDueInt=0.02330436666666666663 rateFactor=0.0021658333333333333 rateFactorTillDue=0.0216583333333333333
[11:57:28] [AdvancedPaymentScheduleTransactionProcessor.java:512]     IP2 [2025-11-06 -> 2025-12-03]: balCorr=EUR 0.00 outBal=EUR 0.04 disb=EUR 0.00 calcDueInt=0.0007797000000000000001 rateFactor=0.0194925000000000000 rateFactorTillDue=0.0194925000000000000
[11:57:28] [AdvancedPaymentScheduleTransactionProcessor.java:512]   P3 [2025-12-03 -> 2026-01-03]: EMI=EUR 41.58 origEMI=EUR 41.58 calcDueInterest=EUR 0.02 dueInterest=EUR 0.00 duePrincipal=EUR 41.58 paidP=EUR 41.58 paidI=EUR 0.00 outstandingP=EUR 0.00 outstandingBal=EUR 0.00 fullyPaid=true
[11:57:28] [AdvancedPaymentScheduleTransactionProcessor.java:512]     IP1 [2025-12-03 -> 2026-01-03]: balCorr=EUR 0.00 outBal=EUR 0.00 disb=EUR 0.00 calcDueInt=0 rateFactor=0.0216583333333333333 rateFactorTillDue=0.0216583333333333333
[11:57:28] [AdvancedPaymentScheduleTransactionProcessor.java:512]   P4 [2026-01-03 -> 2026-02-03]: EMI=EUR 41.58 origEMI=EUR 41.58 calcDueInterest=EUR 0.02 dueInterest=EUR 0.00 duePrincipal=EUR 41.58 paidP=EUR 41.58 paidI=EUR 0.00 outstandingP=EUR 0.00 outstandingBal=EUR 0.00 fullyPaid=true
[11:57:28] [AdvancedPaymentScheduleTransactionProcessor.java:512]     IP1 [2026-01-03 -> 2026-02-03]: balCorr=EUR 0.00 outBal=EUR 0.00 disb=EUR 0.00 calcDueInt=0 rateFactor=0.0216583333333333333 rateFactorTillDue=0.0216583333333333333
[11:57:28] [AdvancedPaymentScheduleTransactionProcessor.java:512]   P5 [2026-02-03 -> 2026-03-03]: EMI=EUR 41.58 origEMI=EUR 41.58 calcDueInterest=EUR 0.02 dueInterest=EUR 0.00 duePrincipal=EUR 41.58 paidP=EUR 41.58 paidI=EUR 0.00 outstandingP=EUR 0.00 outstandingBal=EUR 0.00 fullyPaid=true
[11:57:28] [AdvancedPaymentScheduleTransactionProcessor.java:512]     IP1 [2026-02-03 -> 2026-03-03]: balCorr=EUR 0.00 outBal=EUR 0.00 disb=EUR 0.00 calcDueInt=0 rateFactor=0.0216583333333333333 rateFactorTillDue=0.0216583333333333333
[11:57:28] [AdvancedPaymentScheduleTransactionProcessor.java:512]   P6 [2026-03-03 -> 2026-04-03]: EMI=EUR 41.58 origEMI=EUR 41.58 calcDueInterest=EUR 0.02 dueInterest=EUR 0.00 duePrincipal=EUR 41.58 paidP=EUR 41.58 paidI=EUR 0.00 outstandingP=EUR 0.00 outstandingBal=EUR 0.00 fullyPaid=true
[11:57:28] [AdvancedPaymentScheduleTransactionProcessor.java:512]     IP1 [2026-03-03 -> 2026-04-03]: balCorr=EUR 0.00 outBal=EUR 0.00 disb=EUR 0.00 calcDueInt=0 rateFactor=0.0216583333333333333 rateFactorTillDue=0.0216583333333333333
[11:57:28] [AdvancedPaymentScheduleTransactionProcessor.java:512] --- END MODEL DUMP ---
[11:57:28] [AdvancedPaymentScheduleTransactionProcessor.java:294]   >> FINAL recalculateInterestForDate: targetDate=2025-11-07
[11:57:28] [ProgressiveEMICalculator.java:724] >> recalculateModelOverdueAmountsTillDate: targetDate=2025-11-07, lastOverdueBalanceChange=2025-11-06, overduePeriods=1
[11:57:28] [ProgressiveEMICalculator.java:724]    overdue[0]: P1 [2025-10-03->2025-11-03] outstandingP=EUR 10.76 fullyPaid=false
[11:57:28] [ProgressiveEMICalculator.java:733]    overdueLoop[0]: processingPeriod=P1 [2025-10-03->2025-11-03], overDuePrincipal=EUR 0.00, aggregated=EUR 0.00, skippedBecauseZero=true
[11:57:28] [ProgressiveEMICalculator.java:749]    overdueFinalAdjust: currentPeriod=P2 [2025-11-03->2025-12-03], overDuePrincipal=EUR 10.76, aggregated=EUR 10.76, willExecute=true
[11:57:28] [ProgressiveEMICalculator.java:934]    >> adjustOverduePrincipal: currentDate=2025-11-07, installment=P2 [2025-11-03->2025-12-03], overduePrincipal=EUR 10.76, aggregated=EUR 10.76, lastOverdueBalanceChange=2025-11-06
[11:57:28] [ProgressiveEMICalculator.java:363]    >> addBalanceCorrection: date=2025-11-06, amount=EUR 10.76
[11:57:28] [InterestPeriod.java:116]       IP[2025-11-03->2025-11-06].addBalanceCorrectionAmount: before=EUR -10.72 + EUR 10.76 = EUR 0.04
[11:57:28] [ProgressiveEMICalculator.java:955]       adjustOverduePrincipal corrections: +EUR 10.76 at 2025-11-06, EUR -10.76 at 2025-11-07, newLastOverdueBalanceChange=2025-11-07
[11:57:28] [ProgressiveEMICalculator.java:363]    >> addBalanceCorrection: date=2025-11-07, amount=EUR -10.76
[11:57:28] [InterestPeriod.java:116]       IP[2025-11-06->2025-11-07].addBalanceCorrectionAmount: before=EUR 0.00 + EUR -10.76 = EUR -10.76
[11:57:28] [ProgressiveEMICalculator.java:1139]    calculateLastUnpaidEMI: tillDate=2025-11-07, lastUnpaidPeriod=P2 [2025-11-03->2025-12-03]
[11:57:28] [ProgressiveEMICalculator.java:1139]      totalDueInterest=EUR 2.13, totalEMI=EUR 233.73, totalDisbursed=EUR 231.59, diff=EUR 0.03
[11:57:28] [ProgressiveEMICalculator.java:1139]      oldEMI=EUR 41.58 -> adjustedEMI=EUR 41.61
[11:57:28] [ProgressiveEMICalculator.java:960]    !! lastOverdueBalanceChange CHANGED: 2025-11-06 -> 2025-11-07 (by adjustOverduePrincipal)
[11:57:28] [ProgressiveEMICalculator.java:763] << recalculateModelOverdueAmountsTillDate: hasChange=true, lastOverdueBalanceChange=2025-11-07
[11:57:28] [AdvancedPaymentScheduleTransactionProcessor.java:1879]   recalculateInterestForDate[recalculateInterestForDate]: targetDate=2025-11-07, modelHasUpdates=true
[11:57:28] [AdvancedPaymentScheduleTransactionProcessor.java:1880]    !! lastOverdueBalanceChange CHANGED: 2025-11-06 -> 2025-11-07 (by recalcInterestForDate)
[11:57:28] [AdvancedPaymentScheduleTransactionProcessor.java:296] --- MODEL DUMP: AFTER FINAL recalcInterest ---
[11:57:28] [AdvancedPaymentScheduleTransactionProcessor.java:296]   lastOverdueBalanceChange=2025-11-07 totalDuePrincipal=EUR 231.63 totalPaidPrincipal=EUR 220.83
[11:57:28] [AdvancedPaymentScheduleTransactionProcessor.java:296]   P1 [2025-10-03 -> 2025-11-03]: EMI=EUR 25.77 origEMI=EUR 41.58 calcDueInterest=EUR 2.10 dueInterest=EUR 2.10 duePrincipal=EUR 23.69 paidP=EUR 12.93 paidI=EUR 1.85 outstandingP=EUR 10.76 outstandingBal=EUR 10.76 fullyPaid=false
[11:57:28] [AdvancedPaymentScheduleTransactionProcessor.java:296]     IP1 [2025-10-03 -> 2025-10-03]: balCorr=EUR 0.00 outBal=EUR 0.00 disb=EUR 231.59 calcDueInt=0 rateFactor=0E-19 rateFactorTillDue=0.0216583333333333333
[11:57:28] [AdvancedPaymentScheduleTransactionProcessor.java:296]     IP2 [2025-10-03 -> 2025-10-15]: balCorr=EUR -220.83 outBal=EUR 231.59 disb=EUR 0.00 calcDueInt=1.941620677419354835 rateFactor=0.0083838709677419355 rateFactorTillDue=0.0216583333333333333
[11:57:28] [AdvancedPaymentScheduleTransactionProcessor.java:296]     IP3 [2025-10-15 -> 2025-11-03]: balCorr=EUR 10.76 outBal=EUR 10.76 disb=EUR 0.00 calcDueInt=0.1428332150537634403 rateFactor=0.0132744623655913978 rateFactorTillDue=0.0132744623655913978
[11:57:28] [AdvancedPaymentScheduleTransactionProcessor.java:296]   P2 [2025-11-03 -> 2025-12-03]: EMI=EUR 41.61 origEMI=EUR 41.58 calcDueInterest=EUR 0.03 dueInterest=EUR 0.03 duePrincipal=EUR 41.62 paidP=EUR 41.58 paidI=EUR 0.00 outstandingP=EUR 0.04 outstandingBal=EUR 0.00 fullyPaid=false
[11:57:28] [AdvancedPaymentScheduleTransactionProcessor.java:296]     IP1 [2025-11-03 -> 2025-11-06]: balCorr=EUR 0.04 outBal=EUR 10.76 disb=EUR 0.00 calcDueInt=0.02330436666666666663 rateFactor=0.0021658333333333333 rateFactorTillDue=0.0216583333333333333
[11:57:28] [AdvancedPaymentScheduleTransactionProcessor.java:296]     IP2 [2025-11-06 -> 2025-11-07]: balCorr=EUR -10.76 outBal=EUR 10.80 disb=EUR 0.00 calcDueInt=0.0077970000000000000 rateFactor=0.0007219444444444444 rateFactorTillDue=0.0194925000000000000
[11:57:28] [AdvancedPaymentScheduleTransactionProcessor.java:296]     IP3 [2025-11-07 -> 2025-12-03]: balCorr=EUR 0.00 outBal=EUR 0.04 disb=EUR 0.00 calcDueInt=0.0007508222222222222241 rateFactor=0.0187705555555555556 rateFactorTillDue=0.0187705555555555556
[11:57:28] [AdvancedPaymentScheduleTransactionProcessor.java:296]   P3 [2025-12-03 -> 2026-01-03]: EMI=EUR 41.58 origEMI=EUR 41.58 calcDueInterest=EUR 0.00 dueInterest=EUR 0.00 duePrincipal=EUR 41.58 paidP=EUR 41.58 paidI=EUR 0.00 outstandingP=EUR 0.00 outstandingBal=EUR 0.03 fullyPaid=true
[11:57:28] [AdvancedPaymentScheduleTransactionProcessor.java:296]     IP1 [2025-12-03 -> 2026-01-03]: balCorr=EUR 0.00 outBal=EUR 0.03 disb=EUR 0.00 calcDueInt=0.0006497499999999999991 rateFactor=0.0216583333333333333 rateFactorTillDue=0.0216583333333333333
[11:57:28] [AdvancedPaymentScheduleTransactionProcessor.java:296]   P4 [2026-01-03 -> 2026-02-03]: EMI=EUR 41.58 origEMI=EUR 41.58 calcDueInterest=EUR 0.00 dueInterest=EUR 0.00 duePrincipal=EUR 41.58 paidP=EUR 41.58 paidI=EUR 0.00 outstandingP=EUR 0.00 outstandingBal=EUR 0.03 fullyPaid=true
[11:57:28] [AdvancedPaymentScheduleTransactionProcessor.java:296]     IP1 [2026-01-03 -> 2026-02-03]: balCorr=EUR 0.00 outBal=EUR 0.03 disb=EUR 0.00 calcDueInt=0.0006497499999999999991 rateFactor=0.0216583333333333333 rateFactorTillDue=0.0216583333333333333
[11:57:28] [AdvancedPaymentScheduleTransactionProcessor.java:296]   P5 [2026-02-03 -> 2026-03-03]: EMI=EUR 41.58 origEMI=EUR 41.58 calcDueInterest=EUR 0.00 dueInterest=EUR 0.00 duePrincipal=EUR 41.58 paidP=EUR 41.58 paidI=EUR 0.00 outstandingP=EUR 0.00 outstandingBal=EUR 0.03 fullyPaid=true
[11:57:28] [AdvancedPaymentScheduleTransactionProcessor.java:296]     IP1 [2026-02-03 -> 2026-03-03]: balCorr=EUR 0.00 outBal=EUR 0.03 disb=EUR 0.00 calcDueInt=0.0006497499999999999990 rateFactor=0.0216583333333333333 rateFactorTillDue=0.0216583333333333333
[11:57:28] [AdvancedPaymentScheduleTransactionProcessor.java:296]   P6 [2026-03-03 -> 2026-04-03]: EMI=EUR 41.58 origEMI=EUR 41.58 calcDueInterest=EUR 0.00 dueInterest=EUR 0.00 duePrincipal=EUR 41.58 paidP=EUR 41.58 paidI=EUR 0.00 outstandingP=EUR 0.00 outstandingBal=EUR 0.03 fullyPaid=true
[11:57:28] [AdvancedPaymentScheduleTransactionProcessor.java:296]     IP1 [2026-03-03 -> 2026-04-03]: balCorr=EUR 0.00 outBal=EUR 0.03 disb=EUR 0.00 calcDueInt=0.0006497499999999999991 rateFactor=0.0216583333333333333 rateFactorTillDue=0.0216583333333333333
[11:57:28] [AdvancedPaymentScheduleTransactionProcessor.java:296] --- END MODEL DUMP ---
[11:57:28] [AdvancedPaymentScheduleTransactionProcessor.java:297] ======== REPROCESSING END ========
[11:57:28] [ProgressiveEMICalculator.java:1139]    calculateLastUnpaidEMI: tillDate=2025-11-07, lastUnpaidPeriod=P2 [2025-11-03->2025-12-03]
[11:57:28] [ProgressiveEMICalculator.java:1139]      totalDueInterest=EUR 2.13, totalEMI=EUR 233.76, totalDisbursed=EUR 231.59, diff=EUR 0.00
[11:57:28] [ProgressiveEMICalculator.java:1139]      oldEMI=EUR 41.61 -> adjustedEMI=EUR 41.61
[11:57:29] [ProgressiveEMICalculator.java:724] >> recalculateModelOverdueAmountsTillDate: targetDate=2025-11-10, lastOverdueBalanceChange=2025-11-07, overduePeriods=1
[11:57:29] [ProgressiveEMICalculator.java:724]    overdue[0]: P1 [2025-10-03->2025-11-03] outstandingP=EUR 10.76 fullyPaid=false
[11:57:29] [ProgressiveEMICalculator.java:733]    overdueLoop[0]: processingPeriod=P1 [2025-10-03->2025-11-03], overDuePrincipal=EUR 0.00, aggregated=EUR 0.00, skippedBecauseZero=true
[11:57:29] [ProgressiveEMICalculator.java:749]    overdueFinalAdjust: currentPeriod=P2 [2025-11-03->2025-12-03], overDuePrincipal=EUR 10.76, aggregated=EUR 10.76, willExecute=true
[11:57:29] [ProgressiveEMICalculator.java:934]    >> adjustOverduePrincipal: currentDate=2025-11-10, installment=P2 [2025-11-03->2025-12-03], overduePrincipal=EUR 10.76, aggregated=EUR 10.76, lastOverdueBalanceChange=2025-11-07
[11:57:29] [ProgressiveEMICalculator.java:363]    >> addBalanceCorrection: date=2025-11-07, amount=EUR 10.76
[11:57:29] [InterestPeriod.java:116]       IP[2025-11-06->2025-11-07].addBalanceCorrectionAmount: before=EUR -10.76 + EUR 10.76 = EUR 0.00
[11:57:29] [ProgressiveEMICalculator.java:1139]    calculateLastUnpaidEMI: tillDate=2025-11-07, lastUnpaidPeriod=P2 [2025-11-03->2025-12-03]
[11:57:29] [ProgressiveEMICalculator.java:1139]      totalDueInterest=EUR 2.10, totalEMI=EUR 233.76, totalDisbursed=EUR 231.59, diff=EUR -0.03
[11:57:29] [ProgressiveEMICalculator.java:1139]      oldEMI=EUR 41.61 -> adjustedEMI=EUR 41.58
[11:57:29] [ProgressiveEMICalculator.java:955]       adjustOverduePrincipal corrections: +EUR 10.76 at 2025-11-07, EUR -10.76 at 2025-11-10, newLastOverdueBalanceChange=2025-11-10
[11:57:29] [ProgressiveEMICalculator.java:363]    >> addBalanceCorrection: date=2025-11-10, amount=EUR -10.76
[11:57:29] [InterestPeriod.java:116]       IP[2025-11-07->2025-11-10].addBalanceCorrectionAmount: before=EUR 0.00 + EUR -10.76 = EUR -10.76
[11:57:29] [ProgressiveEMICalculator.java:1139]    calculateLastUnpaidEMI: tillDate=2025-11-10, lastUnpaidPeriod=P2 [2025-11-03->2025-12-03]
[11:57:29] [ProgressiveEMICalculator.java:1139]      totalDueInterest=EUR 2.10, totalEMI=EUR 233.73, totalDisbursed=EUR 231.59, diff=EUR 0.00
[11:57:29] [ProgressiveEMICalculator.java:1139]      oldEMI=EUR 41.58 -> adjustedEMI=EUR 41.58
[11:57:29] [ProgressiveEMICalculator.java:960]    !! lastOverdueBalanceChange CHANGED: 2025-11-07 -> 2025-11-10 (by adjustOverduePrincipal)
[11:57:29] [ProgressiveEMICalculator.java:763] << recalculateModelOverdueAmountsTillDate: hasChange=true, lastOverdueBalanceChange=2025-11-10
[11:57:29] [AdvancedPaymentScheduleTransactionProcessor.java:1879]   recalculateInterestForDate[recalculateInterestForDate]: targetDate=2025-11-10, modelHasUpdates=true
[11:57:29] [AdvancedPaymentScheduleTransactionProcessor.java:1880]    !! lastOverdueBalanceChange CHANGED: 2025-11-07 -> 2025-11-10 (by recalcInterestForDate)
[11:57:29] [ProgressiveEMICalculator.java:724] >> recalculateModelOverdueAmountsTillDate: targetDate=2025-11-10, lastOverdueBalanceChange=2025-11-07, overduePeriods=1
[11:57:29] [ProgressiveEMICalculator.java:724]    overdue[0]: P1 [2025-10-03->2025-11-03] outstandingP=EUR 10.76 fullyPaid=false
[11:57:29] [ProgressiveEMICalculator.java:733]    overdueLoop[0]: processingPeriod=P1 [2025-10-03->2025-11-03], overDuePrincipal=EUR 0.00, aggregated=EUR 0.00, skippedBecauseZero=true
[11:57:29] [ProgressiveEMICalculator.java:749]    overdueFinalAdjust: currentPeriod=P2 [2025-11-03->2025-12-03], overDuePrincipal=EUR 10.76, aggregated=EUR 10.76, willExecute=true
[11:57:29] [ProgressiveEMICalculator.java:934]    >> adjustOverduePrincipal: currentDate=2025-11-10, installment=P2 [2025-11-03->2025-12-03], overduePrincipal=EUR 10.76, aggregated=EUR 10.76, lastOverdueBalanceChange=2025-11-07
[11:57:29] [ProgressiveEMICalculator.java:363]    >> addBalanceCorrection: date=2025-11-07, amount=EUR 10.76
[11:57:29] [InterestPeriod.java:116]       IP[2025-11-06->2025-11-07].addBalanceCorrectionAmount: before=EUR -10.76 + EUR 10.76 = EUR 0.00
[11:57:29] [ProgressiveEMICalculator.java:1139]    calculateLastUnpaidEMI: tillDate=2025-11-07, lastUnpaidPeriod=P2 [2025-11-03->2025-12-03]
[11:57:29] [ProgressiveEMICalculator.java:1139]      totalDueInterest=EUR 2.10, totalEMI=EUR 233.76, totalDisbursed=EUR 231.59, diff=EUR -0.03
[11:57:29] [ProgressiveEMICalculator.java:1139]      oldEMI=EUR 41.61 -> adjustedEMI=EUR 41.58
[11:57:29] [ProgressiveEMICalculator.java:955]       adjustOverduePrincipal corrections: +EUR 10.76 at 2025-11-07, EUR -10.76 at 2025-11-10, newLastOverdueBalanceChange=2025-11-10
[11:57:29] [ProgressiveEMICalculator.java:363]    >> addBalanceCorrection: date=2025-11-10, amount=EUR -10.76
[11:57:29] [InterestPeriod.java:116]       IP[2025-11-07->2025-11-10].addBalanceCorrectionAmount: before=EUR 0.00 + EUR -10.76 = EUR -10.76
[11:57:29] [ProgressiveEMICalculator.java:1139]    calculateLastUnpaidEMI: tillDate=2025-11-10, lastUnpaidPeriod=P2 [2025-11-03->2025-12-03]
[11:57:29] [ProgressiveEMICalculator.java:1139]      totalDueInterest=EUR 2.10, totalEMI=EUR 233.73, totalDisbursed=EUR 231.59, diff=EUR 0.00
[11:57:29] [ProgressiveEMICalculator.java:1139]      oldEMI=EUR 41.58 -> adjustedEMI=EUR 41.58
[11:57:29] [ProgressiveEMICalculator.java:960]    !! lastOverdueBalanceChange CHANGED: 2025-11-07 -> 2025-11-10 (by adjustOverduePrincipal)
[11:57:29] [ProgressiveEMICalculator.java:763] << recalculateModelOverdueAmountsTillDate: hasChange=true, lastOverdueBalanceChange=2025-11-10
[11:57:29] [AdvancedPaymentScheduleTransactionProcessor.java:1879]   recalculateInterestForDate[recalculateInterestForDate]: targetDate=2025-11-10, modelHasUpdates=true
[11:57:29] [AdvancedPaymentScheduleTransactionProcessor.java:1880]    !! lastOverdueBalanceChange CHANGED: 2025-11-07 -> 2025-11-10 (by recalcInterestForDate)
[11:57:29] [AdvancedPaymentScheduleTransactionProcessor.java:482]   >> processLatestTransaction: type=REPAYMENT, date=2025-11-10, amount=11.05
[11:57:29] [ProgressiveEMICalculator.java:1139]    calculateLastUnpaidEMI: tillDate=2025-12-03, lastUnpaidPeriod=P2 [2025-11-03->2025-12-03]
[11:57:29] [ProgressiveEMICalculator.java:1139]      totalDueInterest=EUR 2.10, totalEMI=EUR 233.73, totalDisbursed=EUR 231.59, diff=EUR 0.00
[11:57:29] [ProgressiveEMICalculator.java:1139]      oldEMI=EUR 41.58 -> adjustedEMI=EUR 41.58
[11:57:29] [ProgressiveEMICalculator.java:724] >> recalculateModelOverdueAmountsTillDate: targetDate=2025-11-10, lastOverdueBalanceChange=2025-11-10, overduePeriods=1
[11:57:29] [ProgressiveEMICalculator.java:724]    overdue[0]: P1 [2025-10-03->2025-11-03] outstandingP=EUR 10.76 fullyPaid=false
[11:57:29] [ProgressiveEMICalculator.java:733]    overdueLoop[0]: processingPeriod=P1 [2025-10-03->2025-11-03], overDuePrincipal=EUR 0.00, aggregated=EUR 0.00, skippedBecauseZero=true
[11:57:29] [ProgressiveEMICalculator.java:749]    overdueFinalAdjust: currentPeriod=P2 [2025-11-03->2025-12-03], overDuePrincipal=EUR 10.76, aggregated=EUR 10.76, willExecute=true
[11:57:29] [ProgressiveEMICalculator.java:934]    >> adjustOverduePrincipal: currentDate=2025-11-10, installment=P2 [2025-11-03->2025-12-03], overduePrincipal=EUR 10.76, aggregated=EUR 10.76, lastOverdueBalanceChange=2025-11-10
[11:57:29] [ProgressiveEMICalculator.java:964]    << adjustOverduePrincipal: BLOCKED by same-date guard (currentDate=2025-11-10 == lastOverdueBalanceChange)
[11:57:29] [ProgressiveEMICalculator.java:763] << recalculateModelOverdueAmountsTillDate: hasChange=false, lastOverdueBalanceChange=2025-11-10
[11:57:29] [AdvancedPaymentScheduleTransactionProcessor.java:1879]   recalculateInterestForDate[recalculateInterestForDate]: targetDate=2025-11-10, modelHasUpdates=false
[11:57:29] [ProgressiveEMICalculator.java:1139]    calculateLastUnpaidEMI: tillDate=2025-11-10, lastUnpaidPeriod=P2 [2025-11-03->2025-12-03]
[11:57:29] [ProgressiveEMICalculator.java:1139]      totalDueInterest=EUR 2.10, totalEMI=EUR 233.73, totalDisbursed=EUR 231.59, diff=EUR 0.00
[11:57:29] [ProgressiveEMICalculator.java:1139]      oldEMI=EUR 41.58 -> adjustedEMI=EUR 41.58
[11:57:29] [ProgressiveEMICalculator.java:392]    >> payPrincipal: P1 [2025-10-03->2025-11-03], txDate=2025-11-10, amount=EUR 10.76
[11:57:29] [ProgressiveEMICalculator.java:363]    >> addBalanceCorrection: date=2025-11-03, amount=EUR -10.76
[11:57:29] [InterestPeriod.java:116]       IP[2025-10-15->2025-11-03].addBalanceCorrectionAmount: before=EUR 10.76 + EUR -10.76 = EUR 0.00
[11:57:29] [ProgressiveEMICalculator.java:1139]    calculateLastUnpaidEMI: tillDate=2025-11-03, lastUnpaidPeriod=P2 [2025-11-03->2025-12-03]
[11:57:29] [ProgressiveEMICalculator.java:1139]      totalDueInterest=EUR 2.10, totalEMI=EUR 233.73, totalDisbursed=EUR 231.59, diff=EUR 0.00
[11:57:29] [ProgressiveEMICalculator.java:1139]      oldEMI=EUR 41.58 -> adjustedEMI=EUR 41.58
[11:57:29] [ProgressiveEMICalculator.java:1139]    calculateLastUnpaidEMI: tillDate=2025-11-10, lastUnpaidPeriod=P2 [2025-11-03->2025-12-03]
[11:57:29] [ProgressiveEMICalculator.java:1139]      totalDueInterest=EUR 2.10, totalEMI=EUR 233.73, totalDisbursed=EUR 231.59, diff=EUR 0.00
[11:57:29] [ProgressiveEMICalculator.java:1139]      oldEMI=EUR 41.58 -> adjustedEMI=EUR 41.58
[11:57:29] [ProgressiveEMICalculator.java:392]    >> payPrincipal: P2 [2025-11-03->2025-12-03], txDate=2025-11-10, amount=EUR 0.04
[11:57:29] [ProgressiveEMICalculator.java:363]    >> addBalanceCorrection: date=2025-11-10, amount=EUR -0.04
[11:57:29] [InterestPeriod.java:116]       IP[2025-11-07->2025-11-10].addBalanceCorrectionAmount: before=EUR -10.76 + EUR -0.04 = EUR -10.80
[11:57:29] [ProgressiveEMICalculator.java:1139]    calculateLastUnpaidEMI: tillDate=2025-11-10, lastUnpaidPeriod=P2 [2025-11-03->2025-12-03]
[11:57:29] [ProgressiveEMICalculator.java:1139]      totalDueInterest=EUR 2.10, totalEMI=EUR 233.77, totalDisbursed=EUR 231.59, diff=EUR -0.04
[11:57:29] [ProgressiveEMICalculator.java:1139]      oldEMI=EUR 41.62 -> adjustedEMI=EUR 41.58
[11:57:29] [AdvancedPaymentScheduleTransactionProcessor.java:512] --- MODEL DUMP: AFTER processLatestTransaction REPAYMENT 2025-11-10 ---
[11:57:29] [AdvancedPaymentScheduleTransactionProcessor.java:512]   lastOverdueBalanceChange=2025-11-10 totalDuePrincipal=EUR 231.63 totalPaidPrincipal=EUR 231.63
[11:57:29] [AdvancedPaymentScheduleTransactionProcessor.java:512]   P1 [2025-10-03 -> 2025-11-03]: EMI=EUR 25.77 origEMI=EUR 41.58 calcDueInterest=EUR 2.10 dueInterest=EUR 2.10 duePrincipal=EUR 23.69 paidP=EUR 23.69 paidI=EUR 2.10 outstandingP=EUR 0.00 outstandingBal=EUR 10.76 fullyPaid=true
[11:57:29] [AdvancedPaymentScheduleTransactionProcessor.java:512]     IP1 [2025-10-03 -> 2025-10-03]: balCorr=EUR 0.00 outBal=EUR 0.00 disb=EUR 231.59 calcDueInt=0 rateFactor=0E-19 rateFactorTillDue=0.0216583333333333333
[11:57:29] [AdvancedPaymentScheduleTransactionProcessor.java:512]     IP2 [2025-10-03 -> 2025-10-15]: balCorr=EUR -220.83 outBal=EUR 231.59 disb=EUR 0.00 calcDueInt=1.941620677419354835 rateFactor=0.0083838709677419355 rateFactorTillDue=0.0216583333333333333
[11:57:29] [AdvancedPaymentScheduleTransactionProcessor.java:512]     IP3 [2025-10-15 -> 2025-11-03]: balCorr=EUR 0.00 outBal=EUR 10.76 disb=EUR 0.00 calcDueInt=0.1428332150537634403 rateFactor=0.0132744623655913978 rateFactorTillDue=0.0132744623655913978
[11:57:29] [AdvancedPaymentScheduleTransactionProcessor.java:512]   P2 [2025-11-03 -> 2025-12-03]: EMI=EUR 41.58 origEMI=EUR 41.58 calcDueInterest=EUR 0.10 dueInterest=EUR 0.00 duePrincipal=EUR 41.67 paidP=EUR 41.62 paidI=EUR 0.00 outstandingP=EUR 0.05 outstandingBal=EUR 0.00 fullyPaid=false
[11:57:29] [AdvancedPaymentScheduleTransactionProcessor.java:512]     IP1 [2025-11-03 -> 2025-11-06]: balCorr=EUR 0.04 outBal=EUR 10.76 disb=EUR 0.00 calcDueInt=0.02330436666666666663 rateFactor=0.0021658333333333333 rateFactorTillDue=0.0216583333333333333
[11:57:29] [AdvancedPaymentScheduleTransactionProcessor.java:512]     IP2 [2025-11-06 -> 2025-11-07]: balCorr=EUR 0.00 outBal=EUR 10.80 disb=EUR 0.00 calcDueInt=0.0077970000000000000 rateFactor=0.0007219444444444444 rateFactorTillDue=0.0194925000000000000
[11:57:29] [AdvancedPaymentScheduleTransactionProcessor.java:512]     IP3 [2025-11-07 -> 2025-11-10]: balCorr=EUR -10.80 outBal=EUR 10.80 disb=EUR 0.00 calcDueInt=0.02339100000000000006 rateFactor=0.0021658333333333333 rateFactorTillDue=0.0187705555555555556
[11:57:29] [AdvancedPaymentScheduleTransactionProcessor.java:512]     IP4 [2025-11-10 -> 2025-12-03]: balCorr=EUR 0.00 outBal=EUR 0.00 disb=EUR 0.00 calcDueInt=0 rateFactor=0.0166047222222222222 rateFactorTillDue=0.0166047222222222222
[11:57:29] [AdvancedPaymentScheduleTransactionProcessor.java:512]   P3 [2025-12-03 -> 2026-01-03]: EMI=EUR 41.58 origEMI=EUR 41.58 calcDueInterest=EUR 0.10 dueInterest=EUR 0.00 duePrincipal=EUR 41.58 paidP=EUR 41.58 paidI=EUR 0.00 outstandingP=EUR 0.00 outstandingBal=EUR 0.00 fullyPaid=true
[11:57:29] [AdvancedPaymentScheduleTransactionProcessor.java:512]     IP1 [2025-12-03 -> 2026-01-03]: balCorr=EUR 0.00 outBal=EUR 0.00 disb=EUR 0.00 calcDueInt=0 rateFactor=0.0216583333333333333 rateFactorTillDue=0.0216583333333333333
[11:57:29] [AdvancedPaymentScheduleTransactionProcessor.java:512]   P4 [2026-01-03 -> 2026-02-03]: EMI=EUR 41.58 origEMI=EUR 41.58 calcDueInterest=EUR 0.10 dueInterest=EUR 0.00 duePrincipal=EUR 41.58 paidP=EUR 41.58 paidI=EUR 0.00 outstandingP=EUR 0.00 outstandingBal=EUR 0.00 fullyPaid=true
[11:57:29] [AdvancedPaymentScheduleTransactionProcessor.java:512]     IP1 [2026-01-03 -> 2026-02-03]: balCorr=EUR 0.00 outBal=EUR 0.00 disb=EUR 0.00 calcDueInt=0 rateFactor=0.0216583333333333333 rateFactorTillDue=0.0216583333333333333
[11:57:29] [AdvancedPaymentScheduleTransactionProcessor.java:512]   P5 [2026-02-03 -> 2026-03-03]: EMI=EUR 41.58 origEMI=EUR 41.58 calcDueInterest=EUR 0.10 dueInterest=EUR 0.00 duePrincipal=EUR 41.58 paidP=EUR 41.58 paidI=EUR 0.00 outstandingP=EUR 0.00 outstandingBal=EUR 0.00 fullyPaid=true
[11:57:29] [AdvancedPaymentScheduleTransactionProcessor.java:512]     IP1 [2026-02-03 -> 2026-03-03]: balCorr=EUR 0.00 outBal=EUR 0.00 disb=EUR 0.00 calcDueInt=0 rateFactor=0.0216583333333333333 rateFactorTillDue=0.0216583333333333333
[11:57:29] [AdvancedPaymentScheduleTransactionProcessor.java:512]   P6 [2026-03-03 -> 2026-04-03]: EMI=EUR 41.58 origEMI=EUR 41.58 calcDueInterest=EUR 0.10 dueInterest=EUR 0.00 duePrincipal=EUR 41.58 paidP=EUR 41.58 paidI=EUR 0.00 outstandingP=EUR 0.00 outstandingBal=EUR 0.00 fullyPaid=true
[11:57:29] [AdvancedPaymentScheduleTransactionProcessor.java:512]     IP1 [2026-03-03 -> 2026-04-03]: balCorr=EUR 0.00 outBal=EUR 0.00 disb=EUR 0.00 calcDueInt=0 rateFactor=0.0216583333333333333 rateFactorTillDue=0.0216583333333333333
[11:57:29] [AdvancedPaymentScheduleTransactionProcessor.java:512] --- END MODEL DUMP ---
[11:57:29] [ProgressiveEMICalculator.java:724] >> recalculateModelOverdueAmountsTillDate: targetDate=2025-12-03, lastOverdueBalanceChange=2025-11-10, overduePeriods=1
[11:57:29] [ProgressiveEMICalculator.java:724]    overdue[0]: P1 [2025-10-03->2025-11-03] outstandingP=EUR 0.00 fullyPaid=true
[11:57:29] [ProgressiveEMICalculator.java:733]    overdueLoop[0]: processingPeriod=P1 [2025-10-03->2025-11-03], overDuePrincipal=EUR 0.00, aggregated=EUR 0.00, skippedBecauseZero=true
[11:57:29] [ProgressiveEMICalculator.java:749]    overdueFinalAdjust: currentPeriod=P2 [2025-11-03->2025-12-03], overDuePrincipal=EUR 0.00, aggregated=EUR 0.00, willExecute=true
[11:57:29] [ProgressiveEMICalculator.java:934]    >> adjustOverduePrincipal: currentDate=2025-12-03, installment=P2 [2025-11-03->2025-12-03], overduePrincipal=EUR 0.00, aggregated=EUR 0.00, lastOverdueBalanceChange=2025-11-10
[11:57:29] [ProgressiveEMICalculator.java:955]       adjustOverduePrincipal corrections: +EUR 0.00 at 2025-11-10, EUR 0.00 at 2025-12-03, newLastOverdueBalanceChange=2025-12-03
[11:57:29] [ProgressiveEMICalculator.java:1139]    calculateLastUnpaidEMI: tillDate=2025-12-03, lastUnpaidPeriod=P2 [2025-11-03->2025-12-03]
[11:57:29] [ProgressiveEMICalculator.java:1139]      totalDueInterest=EUR 2.10, totalEMI=EUR 233.77, totalDisbursed=EUR 231.59, diff=EUR -0.04
[11:57:29] [ProgressiveEMICalculator.java:1139]      oldEMI=EUR 41.62 -> adjustedEMI=EUR 41.58
[11:57:29] [ProgressiveEMICalculator.java:960]    !! lastOverdueBalanceChange CHANGED: 2025-11-10 -> 2025-12-03 (by adjustOverduePrincipal)
[11:57:29] [ProgressiveEMICalculator.java:763] << recalculateModelOverdueAmountsTillDate: hasChange=true, lastOverdueBalanceChange=2025-12-03
[11:57:29] [AdvancedPaymentScheduleTransactionProcessor.java:1879]   recalculateInterestForDate[calculateInterestRecalculationFutureOutstandingValue]: targetDate=2025-12-03, modelHasUpdates=true
[11:57:29] [AdvancedPaymentScheduleTransactionProcessor.java:1880]    !! lastOverdueBalanceChange CHANGED: 2025-11-10 -> 2025-12-03 (by recalcInterestForDate)
[11:57:29] [ProgressiveEMICalculator.java:724] >> recalculateModelOverdueAmountsTillDate: targetDate=2025-12-03, lastOverdueBalanceChange=2025-11-10, overduePeriods=1
[11:57:29] [ProgressiveEMICalculator.java:724]    overdue[0]: P1 [2025-10-03->2025-11-03] outstandingP=EUR 0.00 fullyPaid=true
[11:57:29] [ProgressiveEMICalculator.java:733]    overdueLoop[0]: processingPeriod=P1 [2025-10-03->2025-11-03], overDuePrincipal=EUR 0.00, aggregated=EUR 0.00, skippedBecauseZero=true
[11:57:29] [ProgressiveEMICalculator.java:749]    overdueFinalAdjust: currentPeriod=P2 [2025-11-03->2025-12-03], overDuePrincipal=EUR 0.00, aggregated=EUR 0.00, willExecute=true
[11:57:29] [ProgressiveEMICalculator.java:934]    >> adjustOverduePrincipal: currentDate=2025-12-03, installment=P2 [2025-11-03->2025-12-03], overduePrincipal=EUR 0.00, aggregated=EUR 0.00, lastOverdueBalanceChange=2025-11-10
[11:57:29] [ProgressiveEMICalculator.java:1139]    calculateLastUnpaidEMI: tillDate=2025-11-10, lastUnpaidPeriod=P2 [2025-11-03->2025-12-03]
[11:57:29] [ProgressiveEMICalculator.java:1139]      totalDueInterest=EUR 2.10, totalEMI=EUR 233.77, totalDisbursed=EUR 231.59, diff=EUR -0.04
[11:57:29] [ProgressiveEMICalculator.java:1139]      oldEMI=EUR 41.62 -> adjustedEMI=EUR 41.58
[11:57:29] [ProgressiveEMICalculator.java:955]       adjustOverduePrincipal corrections: +EUR 0.00 at 2025-11-10, EUR 0.00 at 2025-12-03, newLastOverdueBalanceChange=2025-12-03
[11:57:29] [ProgressiveEMICalculator.java:1139]    calculateLastUnpaidEMI: tillDate=2025-12-03, lastUnpaidPeriod=P2 [2025-11-03->2025-12-03]
[11:57:29] [ProgressiveEMICalculator.java:1139]      totalDueInterest=EUR 2.10, totalEMI=EUR 233.77, totalDisbursed=EUR 231.59, diff=EUR -0.04
[11:57:29] [ProgressiveEMICalculator.java:1139]      oldEMI=EUR 41.62 -> adjustedEMI=EUR 41.58
[11:57:29] [ProgressiveEMICalculator.java:960]    !! lastOverdueBalanceChange CHANGED: 2025-11-10 -> 2025-12-03 (by adjustOverduePrincipal)
[11:57:29] [ProgressiveEMICalculator.java:763] << recalculateModelOverdueAmountsTillDate: hasChange=true, lastOverdueBalanceChange=2025-12-03
[11:57:29] [AdvancedPaymentScheduleTransactionProcessor.java:1879]   recalculateInterestForDate[calculateInterestRecalculationFutureOutstandingValue]: targetDate=2025-12-03, modelHasUpdates=true
[11:57:29] [AdvancedPaymentScheduleTransactionProcessor.java:1880]    !! lastOverdueBalanceChange CHANGED: 2025-11-10 -> 2025-12-03 (by recalcInterestForDate)
[11:57:29] [ProgressiveEMICalculator.java:724] >> recalculateModelOverdueAmountsTillDate: targetDate=2025-12-03, lastOverdueBalanceChange=2025-11-10, overduePeriods=1
[11:57:29] [ProgressiveEMICalculator.java:724]    overdue[0]: P1 [2025-10-03->2025-11-03] outstandingP=EUR 0.00 fullyPaid=true
[11:57:29] [ProgressiveEMICalculator.java:733]    overdueLoop[0]: processingPeriod=P1 [2025-10-03->2025-11-03], overDuePrincipal=EUR 0.00, aggregated=EUR 0.00, skippedBecauseZero=true
[11:57:29] [ProgressiveEMICalculator.java:749]    overdueFinalAdjust: currentPeriod=P2 [2025-11-03->2025-12-03], overDuePrincipal=EUR 0.00, aggregated=EUR 0.00, willExecute=true
[11:57:29] [ProgressiveEMICalculator.java:934]    >> adjustOverduePrincipal: currentDate=2025-12-03, installment=P2 [2025-11-03->2025-12-03], overduePrincipal=EUR 0.00, aggregated=EUR 0.00, lastOverdueBalanceChange=2025-11-10
[11:57:29] [ProgressiveEMICalculator.java:1139]    calculateLastUnpaidEMI: tillDate=2025-11-10, lastUnpaidPeriod=P2 [2025-11-03->2025-12-03]
[11:57:29] [ProgressiveEMICalculator.java:1139]      totalDueInterest=EUR 2.10, totalEMI=EUR 233.77, totalDisbursed=EUR 231.59, diff=EUR -0.04
[11:57:29] [ProgressiveEMICalculator.java:1139]      oldEMI=EUR 41.62 -> adjustedEMI=EUR 41.58
[11:57:29] [ProgressiveEMICalculator.java:955]       adjustOverduePrincipal corrections: +EUR 0.00 at 2025-11-10, EUR 0.00 at 2025-12-03, newLastOverdueBalanceChange=2025-12-03
[11:57:29] [ProgressiveEMICalculator.java:1139]    calculateLastUnpaidEMI: tillDate=2025-12-03, lastUnpaidPeriod=P2 [2025-11-03->2025-12-03]
[11:57:29] [ProgressiveEMICalculator.java:1139]      totalDueInterest=EUR 2.10, totalEMI=EUR 233.77, totalDisbursed=EUR 231.59, diff=EUR -0.04
[11:57:29] [ProgressiveEMICalculator.java:1139]      oldEMI=EUR 41.62 -> adjustedEMI=EUR 41.58
[11:57:29] [ProgressiveEMICalculator.java:960]    !! lastOverdueBalanceChange CHANGED: 2025-11-10 -> 2025-12-03 (by adjustOverduePrincipal)
[11:57:29] [ProgressiveEMICalculator.java:763] << recalculateModelOverdueAmountsTillDate: hasChange=true, lastOverdueBalanceChange=2025-12-03
[11:57:29] [AdvancedPaymentScheduleTransactionProcessor.java:1879]   recalculateInterestForDate[calculateInterestRecalculationFutureOutstandingValue]: targetDate=2025-12-03, modelHasUpdates=true
[11:57:29] [AdvancedPaymentScheduleTransactionProcessor.java:1880]    !! lastOverdueBalanceChange CHANGED: 2025-11-10 -> 2025-12-03 (by recalcInterestForDate)
[11:57:29] [ProgressiveEMICalculator.java:724] >> recalculateModelOverdueAmountsTillDate: targetDate=2025-12-03, lastOverdueBalanceChange=2025-11-10, overduePeriods=1
[11:57:29] [ProgressiveEMICalculator.java:724]    overdue[0]: P1 [2025-10-03->2025-11-03] outstandingP=EUR 0.00 fullyPaid=true
[11:57:29] [ProgressiveEMICalculator.java:733]    overdueLoop[0]: processingPeriod=P1 [2025-10-03->2025-11-03], overDuePrincipal=EUR 0.00, aggregated=EUR 0.00, skippedBecauseZero=true
[11:57:29] [ProgressiveEMICalculator.java:749]    overdueFinalAdjust: currentPeriod=P2 [2025-11-03->2025-12-03], overDuePrincipal=EUR 0.00, aggregated=EUR 0.00, willExecute=true
[11:57:29] [ProgressiveEMICalculator.java:934]    >> adjustOverduePrincipal: currentDate=2025-12-03, installment=P2 [2025-11-03->2025-12-03], overduePrincipal=EUR 0.00, aggregated=EUR 0.00, lastOverdueBalanceChange=2025-11-10
[11:57:29] [ProgressiveEMICalculator.java:1139]    calculateLastUnpaidEMI: tillDate=2025-11-10, lastUnpaidPeriod=P2 [2025-11-03->2025-12-03]
[11:57:29] [ProgressiveEMICalculator.java:1139]      totalDueInterest=EUR 2.10, totalEMI=EUR 233.77, totalDisbursed=EUR 231.59, diff=EUR -0.04
[11:57:29] [ProgressiveEMICalculator.java:1139]      oldEMI=EUR 41.62 -> adjustedEMI=EUR 41.58
[11:57:29] [ProgressiveEMICalculator.java:955]       adjustOverduePrincipal corrections: +EUR 0.00 at 2025-11-10, EUR 0.00 at 2025-12-03, newLastOverdueBalanceChange=2025-12-03
[11:57:29] [ProgressiveEMICalculator.java:1139]    calculateLastUnpaidEMI: tillDate=2025-12-03, lastUnpaidPeriod=P2 [2025-11-03->2025-12-03]
[11:57:29] [ProgressiveEMICalculator.java:1139]      totalDueInterest=EUR 2.10, totalEMI=EUR 233.77, totalDisbursed=EUR 231.59, diff=EUR -0.04
[11:57:29] [ProgressiveEMICalculator.java:1139]      oldEMI=EUR 41.62 -> adjustedEMI=EUR 41.58
[11:57:29] [ProgressiveEMICalculator.java:960]    !! lastOverdueBalanceChange CHANGED: 2025-11-10 -> 2025-12-03 (by adjustOverduePrincipal)
[11:57:29] [ProgressiveEMICalculator.java:763] << recalculateModelOverdueAmountsTillDate: hasChange=true, lastOverdueBalanceChange=2025-12-03
[11:57:29] [AdvancedPaymentScheduleTransactionProcessor.java:1879]   recalculateInterestForDate[calculateInterestRecalculationFutureOutstandingValue]: targetDate=2025-12-03, modelHasUpdates=true
[11:57:29] [AdvancedPaymentScheduleTransactionProcessor.java:1880]    !! lastOverdueBalanceChange CHANGED: 2025-11-10 -> 2025-12-03 (by recalcInterestForDate)
